[0.020s] Invoking command in '/home/anatoly/ros2k_ws/build/xarm_msgs': CMAKE_PREFIX_PATH=${CMAKE_PREFIX_PATH}:/opt/ros/kilted DEBUGINFOD_URLS=https://debuginfod.ubuntu.com /usr/bin/cmake /home/anatoly/ros2k_ws/src/xarm_ros2/xarm_msgs -DCMAKE_BUILD_TYPE=Release -DAMENT_CMAKE_SYMLINK_INSTALL=1 -DCMAKE_INSTALL_PREFIX=/home/anatoly/ros2k_ws/install/xarm_msgs
[0.223s] -- The C compiler identification is GNU 13.3.0
[0.224s] -- The CXX compiler identification is GNU 13.3.0
[0.224s] -- Detecting C compiler ABI info
[0.242s] -- Detecting C compiler ABI info - done
[0.252s] -- Check for working C compiler: /usr/bin/cc - skipped
[0.253s] -- Detecting C compile features
[0.253s] -- Detecting C compile features - done
[0.262s] -- Detecting CXX compiler ABI info
[0.367s] -- Detecting CXX compiler ABI info - done
[0.379s] -- Check for working CXX compiler: /usr/bin/c++ - skipped
[0.379s] -- Detecting CXX compile features
[0.379s] -- Detecting CXX compile features - done
[0.384s] -- Found ament_cmake: 2.7.5 (/opt/ros/kilted/share/ament_cmake/cmake)
[0.543s] -- Found Python3: /usr/bin/python3 (found version "3.12.3") found components: Interpreter 
[0.616s] -- Override CMake install command with custom implementation using symlinks instead of copying resources
[0.676s] -- Found ament_lint_auto: 0.19.3 (/opt/ros/kilted/share/ament_lint_auto/cmake)
[0.809s] -- Found std_msgs: 5.5.3 (/opt/ros/kilted/share/std_msgs/cmake)
[0.853s] -- Found rosidl_generator_c: 4.9.8 (/opt/ros/kilted/share/rosidl_generator_c/cmake)
[0.872s] -- Found rosidl_generator_cpp: 4.9.8 (/opt/ros/kilted/share/rosidl_generator_cpp/cmake)
[0.893s] -- Using all available rosidl_typesupport_c: rosidl_typesupport_fastrtps_c;rosidl_typesupport_introspection_c
[0.919s] -- Using all available rosidl_typesupport_cpp: rosidl_typesupport_fastrtps_cpp;rosidl_typesupport_introspection_cpp
[0.960s] -- Found geometry_msgs: 5.5.3 (/opt/ros/kilted/share/geometry_msgs/cmake)
[0.982s] -- Found rosidl_default_generators: 1.7.2 (/opt/ros/kilted/share/rosidl_default_generators/cmake)
[1.041s] -- Found rosidl_adapter: 4.9.8 (/opt/ros/kilted/share/rosidl_adapter/cmake)
[3.408s] -- Found ament_cmake_ros_core: 0.14.8 (/opt/ros/kilted/share/ament_cmake_ros_core/cmake)
[4.674s] -- Using all available rosidl_typesupport_c: rosidl_typesupport_fastrtps_c;rosidl_typesupport_introspection_c
[5.022s] -- Using all available rosidl_typesupport_cpp: rosidl_typesupport_fastrtps_cpp;rosidl_typesupport_introspection_cpp
[5.452s] -- Found Python3: /usr/bin/python3 (found version "3.12.3") found components: Interpreter Development NumPy Development.Module Development.Embed 
[5.578s] -- Found Python3: /usr/bin/python3 (found version "3.12.3") found components: Interpreter 
[5.597s] -- Added test 'copyright' to check source files copyright and LICENSE
[5.604s] -- Added test 'lint_cmake' to check CMake code style
[5.607s] -- Added test 'xmllint' to check XML markup files
[5.614s] -- Configuring done (5.6s)
[5.767s] -- Generating done (0.1s)
[5.785s] -- Build files have been written to: /home/anatoly/ros2k_ws/build/xarm_msgs
[5.799s] Invoked command in '/home/anatoly/ros2k_ws/build/xarm_msgs' returned '0': CMAKE_PREFIX_PATH=${CMAKE_PREFIX_PATH}:/opt/ros/kilted DEBUGINFOD_URLS=https://debuginfod.ubuntu.com /usr/bin/cmake /home/anatoly/ros2k_ws/src/xarm_ros2/xarm_msgs -DCMAKE_BUILD_TYPE=Release -DAMENT_CMAKE_SYMLINK_INSTALL=1 -DCMAKE_INSTALL_PREFIX=/home/anatoly/ros2k_ws/install/xarm_msgs
[5.800s] Invoking command in '/home/anatoly/ros2k_ws/build/xarm_msgs': CMAKE_PREFIX_PATH=${CMAKE_PREFIX_PATH}:/opt/ros/kilted DEBUGINFOD_URLS=https://debuginfod.ubuntu.com /usr/bin/cmake --build /home/anatoly/ros2k_ws/build/xarm_msgs -- -j12 -l12
[5.903s] [  0%] [34m[1mGenerating Rust code for ROS interfaces[0m
[5.905s] [  0%] [34m[1mGenerating type hashes for ROS interfaces[0m
[5.911s] [  0%] Built target ament_cmake_python_symlink_xarm_msgs
[6.161s] running egg_info
[6.162s] creating xarm_msgs.egg-info
[6.181s] writing xarm_msgs.egg-info/PKG-INFO
[6.181s] writing dependency_links to xarm_msgs.egg-info/dependency_links.txt
[6.181s] writing top-level names to xarm_msgs.egg-info/top_level.txt
[6.181s] writing manifest file 'xarm_msgs.egg-info/SOURCES.txt'
[6.239s] reading manifest file 'xarm_msgs.egg-info/SOURCES.txt'
[6.240s] writing manifest file 'xarm_msgs.egg-info/SOURCES.txt'
[6.273s] [  0%] Built target ament_cmake_python_build_xarm_msgs_egg
[8.563s] [  0%] Built target xarm_msgs__rosidl_generator_type_description
[8.565s] [  0%] Built target xarm_msgs__rs
[8.587s] [  0%] [34m[1mGenerating C code for ROS interfaces[0m
[8.594s] [  0%] [34m[1mGenerating C++ code for ROS interfaces[0m
[15.404s] [  0%] Built target xarm_msgs__cpp
[16.596s] [  1%] [32mBuilding C object CMakeFiles/xarm_msgs__rosidl_generator_c.dir/rosidl_generator_c/xarm_msgs/msg/detail/cio_state__description.c.o[0m
[16.596s] [  1%] [32mBuilding C object CMakeFiles/xarm_msgs__rosidl_generator_c.dir/rosidl_generator_c/xarm_msgs/msg/detail/io_state__type_support.c.o[0m
[16.596s] [  1%] [32mBuilding C object CMakeFiles/xarm_msgs__rosidl_generator_c.dir/rosidl_generator_c/xarm_msgs/msg/detail/io_state__description.c.o[0m
[16.596s] [  1%] [32mBuilding C object CMakeFiles/xarm_msgs__rosidl_generator_c.dir/rosidl_generator_c/xarm_msgs/msg/detail/robot_msg__functions.c.o[0m
[16.596s] [  1%] [32mBuilding C object CMakeFiles/xarm_msgs__rosidl_generator_c.dir/rosidl_generator_c/xarm_msgs/msg/detail/move_velocity__description.c.o[0m
[16.597s] [  1%] [32mBuilding C object CMakeFiles/xarm_msgs__rosidl_generator_c.dir/rosidl_generator_c/xarm_msgs/msg/detail/cio_state__type_support.c.o[0m
[16.597s] [  1%] [32mBuilding C object CMakeFiles/xarm_msgs__rosidl_generator_c.dir/rosidl_generator_c/xarm_msgs/msg/detail/robot_msg__description.c.o[0m
[16.597s] [  1%] [32mBuilding C object CMakeFiles/xarm_msgs__rosidl_generator_c.dir/rosidl_generator_c/xarm_msgs/msg/detail/move_velocity__functions.c.o[0m
[16.597s] [  1%] [32mBuilding C object CMakeFiles/xarm_msgs__rosidl_generator_c.dir/rosidl_generator_c/xarm_msgs/msg/detail/io_state__functions.c.o[0m
[16.597s] [  1%] [32mBuilding C object CMakeFiles/xarm_msgs__rosidl_generator_c.dir/rosidl_generator_c/xarm_msgs/msg/detail/move_velocity__type_support.c.o[0m
[16.597s] [  2%] [32mBuilding C object CMakeFiles/xarm_msgs__rosidl_generator_c.dir/rosidl_generator_c/xarm_msgs/msg/detail/robot_msg__type_support.c.o[0m
[16.599s] [  2%] [32mBuilding C object CMakeFiles/xarm_msgs__rosidl_generator_c.dir/rosidl_generator_c/xarm_msgs/msg/detail/cio_state__functions.c.o[0m
[16.641s] [  2%] [32mBuilding C object CMakeFiles/xarm_msgs__rosidl_generator_c.dir/rosidl_generator_c/xarm_msgs/srv/detail/bio_gripper_ctrl__description.c.o[0m
[16.643s] [  2%] [32mBuilding C object CMakeFiles/xarm_msgs__rosidl_generator_c.dir/rosidl_generator_c/xarm_msgs/srv/detail/bio_gripper_ctrl__functions.c.o[0m
[16.651s] [  3%] [32mBuilding C object CMakeFiles/xarm_msgs__rosidl_generator_c.dir/rosidl_generator_c/xarm_msgs/srv/detail/bio_gripper_ctrl__type_support.c.o[0m
[16.658s] [  3%] [32mBuilding C object CMakeFiles/xarm_msgs__rosidl_generator_c.dir/rosidl_generator_c/xarm_msgs/srv/detail/bio_gripper_enable__description.c.o[0m
[16.658s] [  3%] [32mBuilding C object CMakeFiles/xarm_msgs__rosidl_generator_c.dir/rosidl_generator_c/xarm_msgs/srv/detail/bio_gripper_enable__functions.c.o[0m
[16.662s] [  3%] [32mBuilding C object CMakeFiles/xarm_msgs__rosidl_generator_c.dir/rosidl_generator_c/xarm_msgs/srv/detail/bio_gripper_enable__type_support.c.o[0m
[16.664s] [  3%] [32mBuilding C object CMakeFiles/xarm_msgs__rosidl_generator_c.dir/rosidl_generator_c/xarm_msgs/srv/detail/call__description.c.o[0m
[16.703s] [  4%] [32mBuilding C object CMakeFiles/xarm_msgs__rosidl_generator_c.dir/rosidl_generator_c/xarm_msgs/srv/detail/call__type_support.c.o[0m
[16.704s] [  4%] [32mBuilding C object CMakeFiles/xarm_msgs__rosidl_generator_c.dir/rosidl_generator_c/xarm_msgs/srv/detail/call__functions.c.o[0m
[16.704s] [  4%] [32mBuilding C object CMakeFiles/xarm_msgs__rosidl_generator_c.dir/rosidl_generator_c/xarm_msgs/srv/detail/get_analog_io__description.c.o[0m
[16.723s] [  4%] [32mBuilding C object CMakeFiles/xarm_msgs__rosidl_generator_c.dir/rosidl_generator_c/xarm_msgs/srv/detail/get_analog_io__type_support.c.o[0m
[16.733s] [  4%] [32mBuilding C object CMakeFiles/xarm_msgs__rosidl_generator_c.dir/rosidl_generator_c/xarm_msgs/srv/detail/get_analog_io__functions.c.o[0m
[16.733s] [  4%] [32mBuilding C object CMakeFiles/xarm_msgs__rosidl_generator_c.dir/rosidl_generator_c/xarm_msgs/srv/detail/get_digital_io__description.c.o[0m
[16.750s] [  4%] [32mBuilding C object CMakeFiles/xarm_msgs__rosidl_generator_c.dir/rosidl_generator_c/xarm_msgs/srv/detail/get_digital_io__type_support.c.o[0m
[16.754s] [  5%] [32mBuilding C object CMakeFiles/xarm_msgs__rosidl_generator_c.dir/rosidl_generator_c/xarm_msgs/srv/detail/get_digital_io__functions.c.o[0m
[16.758s] [  5%] [32mBuilding C object CMakeFiles/xarm_msgs__rosidl_generator_c.dir/rosidl_generator_c/xarm_msgs/srv/detail/get_float32__description.c.o[0m
[16.777s] [  5%] [32mBuilding C object CMakeFiles/xarm_msgs__rosidl_generator_c.dir/rosidl_generator_c/xarm_msgs/srv/detail/get_float32__functions.c.o[0m
[16.792s] [  5%] [32mBuilding C object CMakeFiles/xarm_msgs__rosidl_generator_c.dir/rosidl_generator_c/xarm_msgs/srv/detail/get_float32__type_support.c.o[0m
[16.796s] [  5%] [32mBuilding C object CMakeFiles/xarm_msgs__rosidl_generator_c.dir/rosidl_generator_c/xarm_msgs/srv/detail/get_float32_list__description.c.o[0m
[16.816s] [  6%] [32mBuilding C object CMakeFiles/xarm_msgs__rosidl_generator_c.dir/rosidl_generator_c/xarm_msgs/srv/detail/get_float32_list__functions.c.o[0m
[16.821s] [  6%] [32mBuilding C object CMakeFiles/xarm_msgs__rosidl_generator_c.dir/rosidl_generator_c/xarm_msgs/srv/detail/get_float32_list__type_support.c.o[0m
[16.854s] [  6%] [32mBuilding C object CMakeFiles/xarm_msgs__rosidl_generator_c.dir/rosidl_generator_c/xarm_msgs/srv/detail/get_int16__description.c.o[0m
[16.877s] [  6%] [32mBuilding C object CMakeFiles/xarm_msgs__rosidl_generator_c.dir/rosidl_generator_c/xarm_msgs/srv/detail/get_int16__functions.c.o[0m
[16.879s] [  6%] [32mBuilding C object CMakeFiles/xarm_msgs__rosidl_generator_c.dir/rosidl_generator_c/xarm_msgs/srv/detail/get_int16__type_support.c.o[0m
[16.891s] [  6%] [32mBuilding C object CMakeFiles/xarm_msgs__rosidl_generator_c.dir/rosidl_generator_c/xarm_msgs/srv/detail/get_int16_list__description.c.o[0m
[16.891s] [  7%] [32mBuilding C object CMakeFiles/xarm_msgs__rosidl_generator_c.dir/rosidl_generator_c/xarm_msgs/srv/detail/get_int16_list__functions.c.o[0m
[16.903s] [  7%] [32mBuilding C object CMakeFiles/xarm_msgs__rosidl_generator_c.dir/rosidl_generator_c/xarm_msgs/srv/detail/get_int16_list__type_support.c.o[0m
[16.909s] [  7%] [32mBuilding C object CMakeFiles/xarm_msgs__rosidl_generator_c.dir/rosidl_generator_c/xarm_msgs/srv/detail/get_int32__description.c.o[0m
[16.913s] [  7%] [32mBuilding C object CMakeFiles/xarm_msgs__rosidl_generator_c.dir/rosidl_generator_c/xarm_msgs/srv/detail/get_int32__functions.c.o[0m
[16.965s] [  7%] [32mBuilding C object CMakeFiles/xarm_msgs__rosidl_generator_c.dir/rosidl_generator_c/xarm_msgs/srv/detail/get_int32__type_support.c.o[0m
[16.974s] [  8%] [32mBuilding C object CMakeFiles/xarm_msgs__rosidl_generator_c.dir/rosidl_generator_c/xarm_msgs/srv/detail/get_int32_by_type__description.c.o[0m
[16.987s] [  8%] [32mBuilding C object CMakeFiles/xarm_msgs__rosidl_generator_c.dir/rosidl_generator_c/xarm_msgs/srv/detail/get_int32_by_type__type_support.c.o[0m
[16.989s] [  8%] [32mBuilding C object CMakeFiles/xarm_msgs__rosidl_generator_c.dir/rosidl_generator_c/xarm_msgs/srv/detail/get_int32_by_type__functions.c.o[0m
[17.006s] [  8%] [32mBuilding C object CMakeFiles/xarm_msgs__rosidl_generator_c.dir/rosidl_generator_c/xarm_msgs/srv/detail/get_set_modbus_data__description.c.o[0m
[17.022s] [  8%] [32mBuilding C object CMakeFiles/xarm_msgs__rosidl_generator_c.dir/rosidl_generator_c/xarm_msgs/srv/detail/get_set_modbus_data__functions.c.o[0m
[17.026s] [  8%] [32mBuilding C object CMakeFiles/xarm_msgs__rosidl_generator_c.dir/rosidl_generator_c/xarm_msgs/srv/detail/get_set_modbus_data__type_support.c.o[0m
[17.033s] [  9%] [32mBuilding C object CMakeFiles/xarm_msgs__rosidl_generator_c.dir/rosidl_generator_c/xarm_msgs/srv/detail/gripper_move__description.c.o[0m
[17.055s] [  9%] [32mBuilding C object CMakeFiles/xarm_msgs__rosidl_generator_c.dir/rosidl_generator_c/xarm_msgs/srv/detail/gripper_move__type_support.c.o[0m
[17.057s] [  9%] [32mBuilding C object CMakeFiles/xarm_msgs__rosidl_generator_c.dir/rosidl_generator_c/xarm_msgs/srv/detail/gripper_move__functions.c.o[0m
[17.089s] [  9%] [32mBuilding C object CMakeFiles/xarm_msgs__rosidl_generator_c.dir/rosidl_generator_c/xarm_msgs/srv/detail/move_cartesian__description.c.o[0m
[17.120s] [  9%] [32mBuilding C object CMakeFiles/xarm_msgs__rosidl_generator_c.dir/rosidl_generator_c/xarm_msgs/srv/detail/move_cartesian__type_support.c.o[0m
[17.122s] [  9%] [32mBuilding C object CMakeFiles/xarm_msgs__rosidl_generator_c.dir/rosidl_generator_c/xarm_msgs/srv/detail/move_cartesian__functions.c.o[0m
[17.140s] [ 10%] [32mBuilding C object CMakeFiles/xarm_msgs__rosidl_generator_c.dir/rosidl_generator_c/xarm_msgs/srv/detail/move_circle__description.c.o[0m
[17.142s] [ 10%] [32mBuilding C object CMakeFiles/xarm_msgs__rosidl_generator_c.dir/rosidl_generator_c/xarm_msgs/srv/detail/move_circle__type_support.c.o[0m
[17.142s] [ 10%] [32mBuilding C object CMakeFiles/xarm_msgs__rosidl_generator_c.dir/rosidl_generator_c/xarm_msgs/srv/detail/move_circle__functions.c.o[0m
[17.156s] [ 10%] [32mBuilding C object CMakeFiles/xarm_msgs__rosidl_generator_c.dir/rosidl_generator_c/xarm_msgs/srv/detail/move_home__description.c.o[0m
[17.171s] [ 10%] [32mBuilding C object CMakeFiles/xarm_msgs__rosidl_generator_c.dir/rosidl_generator_c/xarm_msgs/srv/detail/move_home__functions.c.o[0m
[17.178s] [ 10%] [32mBuilding C object CMakeFiles/xarm_msgs__rosidl_generator_c.dir/rosidl_generator_c/xarm_msgs/srv/detail/move_home__type_support.c.o[0m
[17.183s] [ 11%] [32mBuilding C object CMakeFiles/xarm_msgs__rosidl_generator_c.dir/rosidl_generator_c/xarm_msgs/srv/detail/move_joint__description.c.o[0m
[17.198s] [ 11%] [32mBuilding C object CMakeFiles/xarm_msgs__rosidl_generator_c.dir/rosidl_generator_c/xarm_msgs/srv/detail/move_joint__functions.c.o[0m
[17.217s] [ 11%] [32mBuilding C object CMakeFiles/xarm_msgs__rosidl_generator_c.dir/rosidl_generator_c/xarm_msgs/srv/detail/move_joint__type_support.c.o[0m
[17.235s] [ 11%] [32mBuilding C object CMakeFiles/xarm_msgs__rosidl_generator_c.dir/rosidl_generator_c/xarm_msgs/srv/detail/move_velocity__description.c.o[0m
[17.255s] [ 11%] [32mBuilding C object CMakeFiles/xarm_msgs__rosidl_generator_c.dir/rosidl_generator_c/xarm_msgs/srv/detail/move_velocity__functions.c.o[0m
[17.257s] [ 12%] [32mBuilding C object CMakeFiles/xarm_msgs__rosidl_generator_c.dir/rosidl_generator_c/xarm_msgs/srv/detail/move_velocity__type_support.c.o[0m
[17.261s] [ 12%] [32mBuilding C object CMakeFiles/xarm_msgs__rosidl_generator_c.dir/rosidl_generator_c/xarm_msgs/srv/detail/robotiq_activate__description.c.o[0m
[17.262s] [ 12%] [32mBuilding C object CMakeFiles/xarm_msgs__rosidl_generator_c.dir/rosidl_generator_c/xarm_msgs/srv/detail/robotiq_activate__functions.c.o[0m
[17.272s] [ 12%] [32mBuilding C object CMakeFiles/xarm_msgs__rosidl_generator_c.dir/rosidl_generator_c/xarm_msgs/srv/detail/robotiq_activate__type_support.c.o[0m
[17.280s] [ 12%] [32mBuilding C object CMakeFiles/xarm_msgs__rosidl_generator_c.dir/rosidl_generator_c/xarm_msgs/srv/detail/robotiq_get_status__description.c.o[0m
[17.324s] [ 12%] [32mBuilding C object CMakeFiles/xarm_msgs__rosidl_generator_c.dir/rosidl_generator_c/xarm_msgs/srv/detail/robotiq_get_status__functions.c.o[0m
[17.330s] [ 13%] [32mBuilding C object CMakeFiles/xarm_msgs__rosidl_generator_c.dir/rosidl_generator_c/xarm_msgs/srv/detail/robotiq_get_status__type_support.c.o[0m
[17.337s] [ 13%] [32mBuilding C object CMakeFiles/xarm_msgs__rosidl_generator_c.dir/rosidl_generator_c/xarm_msgs/srv/detail/robotiq_move__description.c.o[0m
[17.370s] [ 13%] [32mBuilding C object CMakeFiles/xarm_msgs__rosidl_generator_c.dir/rosidl_generator_c/xarm_msgs/srv/detail/robotiq_move__functions.c.o[0m
[17.373s] [ 13%] [32mBuilding C object CMakeFiles/xarm_msgs__rosidl_generator_c.dir/rosidl_generator_c/xarm_msgs/srv/detail/robotiq_move__type_support.c.o[0m
[17.378s] [ 13%] [32mBuilding C object CMakeFiles/xarm_msgs__rosidl_generator_c.dir/rosidl_generator_c/xarm_msgs/srv/detail/robotiq_reset__description.c.o[0m
[17.394s] [ 13%] [32mBuilding C object CMakeFiles/xarm_msgs__rosidl_generator_c.dir/rosidl_generator_c/xarm_msgs/srv/detail/robotiq_reset__functions.c.o[0m
[17.404s] [ 14%] [32mBuilding C object CMakeFiles/xarm_msgs__rosidl_generator_c.dir/rosidl_generator_c/xarm_msgs/srv/detail/robotiq_reset__type_support.c.o[0m
[17.404s] [ 14%] [32mBuilding C object CMakeFiles/xarm_msgs__rosidl_generator_c.dir/rosidl_generator_c/xarm_msgs/srv/detail/set_analog_io__description.c.o[0m
[17.405s] [ 14%] [32mBuilding C object CMakeFiles/xarm_msgs__rosidl_generator_c.dir/rosidl_generator_c/xarm_msgs/srv/detail/set_analog_io__functions.c.o[0m
[17.442s] [ 14%] [32mBuilding C object CMakeFiles/xarm_msgs__rosidl_generator_c.dir/rosidl_generator_c/xarm_msgs/srv/detail/set_analog_io__type_support.c.o[0m
[17.446s] [ 14%] [32mBuilding C object CMakeFiles/xarm_msgs__rosidl_generator_c.dir/rosidl_generator_c/xarm_msgs/srv/detail/set_digital_io__functions.c.o[0m
[17.456s] [ 14%] [32mBuilding C object CMakeFiles/xarm_msgs__rosidl_generator_c.dir/rosidl_generator_c/xarm_msgs/srv/detail/set_digital_io__description.c.o[0m
[17.470s] [ 14%] [32mBuilding C object CMakeFiles/xarm_msgs__rosidl_generator_c.dir/rosidl_generator_c/xarm_msgs/srv/detail/set_float32__description.c.o[0m
[17.475s] [ 15%] [32mBuilding C object CMakeFiles/xarm_msgs__rosidl_generator_c.dir/rosidl_generator_c/xarm_msgs/srv/detail/set_digital_io__type_support.c.o[0m
[17.499s] [ 15%] [32mBuilding C object CMakeFiles/xarm_msgs__rosidl_generator_c.dir/rosidl_generator_c/xarm_msgs/srv/detail/set_float32__type_support.c.o[0m
[17.501s] [ 15%] [32mBuilding C object CMakeFiles/xarm_msgs__rosidl_generator_c.dir/rosidl_generator_c/xarm_msgs/srv/detail/set_float32__functions.c.o[0m
[17.510s] [ 15%] [32mBuilding C object CMakeFiles/xarm_msgs__rosidl_generator_c.dir/rosidl_generator_c/xarm_msgs/srv/detail/set_float32_list__description.c.o[0m
[17.561s] [ 16%] [32mBuilding C object CMakeFiles/xarm_msgs__rosidl_generator_c.dir/rosidl_generator_c/xarm_msgs/srv/detail/set_float32_list__functions.c.o[0m
[17.562s] [ 16%] [32mBuilding C object CMakeFiles/xarm_msgs__rosidl_generator_c.dir/rosidl_generator_c/xarm_msgs/srv/detail/set_float32_list__type_support.c.o[0m
[17.569s] [ 16%] [32mBuilding C object CMakeFiles/xarm_msgs__rosidl_generator_c.dir/rosidl_generator_c/xarm_msgs/srv/detail/set_int16__functions.c.o[0m
[17.570s] [ 16%] [32mBuilding C object CMakeFiles/xarm_msgs__rosidl_generator_c.dir/rosidl_generator_c/xarm_msgs/srv/detail/set_int16__description.c.o[0m
[17.582s] [ 16%] [32mBuilding C object CMakeFiles/xarm_msgs__rosidl_generator_c.dir/rosidl_generator_c/xarm_msgs/srv/detail/set_int16__type_support.c.o[0m
[17.593s] [ 16%] [32mBuilding C object CMakeFiles/xarm_msgs__rosidl_generator_c.dir/rosidl_generator_c/xarm_msgs/srv/detail/set_int16_by_id__description.c.o[0m
[17.609s] [ 17%] [32mBuilding C object CMakeFiles/xarm_msgs__rosidl_generator_c.dir/rosidl_generator_c/xarm_msgs/srv/detail/set_int16_by_id__functions.c.o[0m
[17.609s] [ 17%] [32mBuilding C object CMakeFiles/xarm_msgs__rosidl_generator_c.dir/rosidl_generator_c/xarm_msgs/srv/detail/set_int16_by_id__type_support.c.o[0m
[17.636s] [ 17%] [32mBuilding C object CMakeFiles/xarm_msgs__rosidl_generator_c.dir/rosidl_generator_c/xarm_msgs/srv/detail/set_int16_list__description.c.o[0m
[17.652s] [ 17%] [32mBuilding C object CMakeFiles/xarm_msgs__rosidl_generator_c.dir/rosidl_generator_c/xarm_msgs/srv/detail/set_int16_list__functions.c.o[0m
[17.656s] [ 17%] [32mBuilding C object CMakeFiles/xarm_msgs__rosidl_generator_c.dir/rosidl_generator_c/xarm_msgs/srv/detail/set_int16_list__type_support.c.o[0m
[17.661s] [ 17%] [32mBuilding C object CMakeFiles/xarm_msgs__rosidl_generator_c.dir/rosidl_generator_c/xarm_msgs/srv/detail/set_int32__description.c.o[0m
[17.691s] [ 18%] [32mBuilding C object CMakeFiles/xarm_msgs__rosidl_generator_c.dir/rosidl_generator_c/xarm_msgs/srv/detail/set_int32__functions.c.o[0m
[17.699s] [ 18%] [32mBuilding C object CMakeFiles/xarm_msgs__rosidl_generator_c.dir/rosidl_generator_c/xarm_msgs/srv/detail/set_int32__type_support.c.o[0m
[17.719s] [ 18%] [32mBuilding C object CMakeFiles/xarm_msgs__rosidl_generator_c.dir/rosidl_generator_c/xarm_msgs/srv/detail/set_int32_by_type__description.c.o[0m
[17.724s] [ 18%] [32mBuilding C object CMakeFiles/xarm_msgs__rosidl_generator_c.dir/rosidl_generator_c/xarm_msgs/srv/detail/set_int32_by_type__functions.c.o[0m
[17.724s] [ 18%] [32mBuilding C object CMakeFiles/xarm_msgs__rosidl_generator_c.dir/rosidl_generator_c/xarm_msgs/srv/detail/set_int32_by_type__type_support.c.o[0m
[17.751s] [ 18%] [32mBuilding C object CMakeFiles/xarm_msgs__rosidl_generator_c.dir/rosidl_generator_c/xarm_msgs/srv/detail/traj_ctrl__description.c.o[0m
[17.781s] [ 19%] [32mBuilding C object CMakeFiles/xarm_msgs__rosidl_generator_c.dir/rosidl_generator_c/xarm_msgs/srv/detail/traj_ctrl__functions.c.o[0m
[17.791s] [ 19%] [32mBuilding C object CMakeFiles/xarm_msgs__rosidl_generator_c.dir/rosidl_generator_c/xarm_msgs/srv/detail/traj_ctrl__type_support.c.o[0m
[17.792s] [ 19%] [32mBuilding C object CMakeFiles/xarm_msgs__rosidl_generator_c.dir/rosidl_generator_c/xarm_msgs/srv/detail/traj_play__functions.c.o[0m
[17.792s] [ 19%] [32mBuilding C object CMakeFiles/xarm_msgs__rosidl_generator_c.dir/rosidl_generator_c/xarm_msgs/srv/detail/traj_play__description.c.o[0m
[17.802s] [ 19%] [32mBuilding C object CMakeFiles/xarm_msgs__rosidl_generator_c.dir/rosidl_generator_c/xarm_msgs/srv/detail/traj_play__type_support.c.o[0m
[17.808s] [ 20%] [32mBuilding C object CMakeFiles/xarm_msgs__rosidl_generator_c.dir/rosidl_generator_c/xarm_msgs/srv/detail/vacuum_gripper_ctrl__description.c.o[0m
[17.815s] [ 20%] [32mBuilding C object CMakeFiles/xarm_msgs__rosidl_generator_c.dir/rosidl_generator_c/xarm_msgs/srv/detail/vacuum_gripper_ctrl__functions.c.o[0m
[17.832s] [ 20%] [32mBuilding C object CMakeFiles/xarm_msgs__rosidl_generator_c.dir/rosidl_generator_c/xarm_msgs/srv/detail/vacuum_gripper_ctrl__type_support.c.o[0m
[17.838s] [ 20%] [32mBuilding C object CMakeFiles/xarm_msgs__rosidl_generator_c.dir/rosidl_generator_c/xarm_msgs/srv/detail/set_tcp_load__description.c.o[0m
[17.859s] [ 20%] [32mBuilding C object CMakeFiles/xarm_msgs__rosidl_generator_c.dir/rosidl_generator_c/xarm_msgs/srv/detail/set_tcp_load__functions.c.o[0m
[17.873s] [ 20%] [32mBuilding C object CMakeFiles/xarm_msgs__rosidl_generator_c.dir/rosidl_generator_c/xarm_msgs/srv/detail/set_tcp_load__type_support.c.o[0m
[17.880s] [ 21%] [32mBuilding C object CMakeFiles/xarm_msgs__rosidl_generator_c.dir/rosidl_generator_c/xarm_msgs/srv/detail/set_modbus_timeout__description.c.o[0m
[17.899s] [ 21%] [32mBuilding C object CMakeFiles/xarm_msgs__rosidl_generator_c.dir/rosidl_generator_c/xarm_msgs/srv/detail/set_modbus_timeout__functions.c.o[0m
[17.912s] [ 21%] [32mBuilding C object CMakeFiles/xarm_msgs__rosidl_generator_c.dir/rosidl_generator_c/xarm_msgs/srv/detail/set_modbus_timeout__type_support.c.o[0m
[17.931s] [ 21%] [32mBuilding C object CMakeFiles/xarm_msgs__rosidl_generator_c.dir/rosidl_generator_c/xarm_msgs/srv/detail/iden_load__description.c.o[0m
[17.938s] [ 22%] [32mBuilding C object CMakeFiles/xarm_msgs__rosidl_generator_c.dir/rosidl_generator_c/xarm_msgs/srv/detail/ft_cali_load__description.c.o[0m
[17.940s] [ 22%] [32mBuilding C object CMakeFiles/xarm_msgs__rosidl_generator_c.dir/rosidl_generator_c/xarm_msgs/srv/detail/iden_load__functions.c.o[0m
[17.941s] [ 22%] [32mBuilding C object CMakeFiles/xarm_msgs__rosidl_generator_c.dir/rosidl_generator_c/xarm_msgs/srv/detail/iden_load__type_support.c.o[0m
[17.955s] [ 22%] [32mBuilding C object CMakeFiles/xarm_msgs__rosidl_generator_c.dir/rosidl_generator_c/xarm_msgs/srv/detail/ft_cali_load__functions.c.o[0m
[17.973s] [ 22%] [32mBuilding C object CMakeFiles/xarm_msgs__rosidl_generator_c.dir/rosidl_generator_c/xarm_msgs/srv/detail/ft_cali_load__type_support.c.o[0m
[17.999s] [ 22%] [32mBuilding C object CMakeFiles/xarm_msgs__rosidl_generator_c.dir/rosidl_generator_c/xarm_msgs/srv/detail/ft_force_params__description.c.o[0m
[18.004s] [ 22%] [32mBuilding C object CMakeFiles/xarm_msgs__rosidl_generator_c.dir/rosidl_generator_c/xarm_msgs/srv/detail/ft_force_params__functions.c.o[0m
[18.017s] [ 22%] [32mBuilding C object CMakeFiles/xarm_msgs__rosidl_generator_c.dir/rosidl_generator_c/xarm_msgs/srv/detail/ft_force_params__type_support.c.o[0m
[18.027s] [ 23%] [32mBuilding C object CMakeFiles/xarm_msgs__rosidl_generator_c.dir/rosidl_generator_c/xarm_msgs/srv/detail/ft_admittance_params__description.c.o[0m
[18.028s] [ 23%] [32mBuilding C object CMakeFiles/xarm_msgs__rosidl_generator_c.dir/rosidl_generator_c/xarm_msgs/srv/detail/ft_admittance_params__functions.c.o[0m
[18.034s] [ 23%] [32mBuilding C object CMakeFiles/xarm_msgs__rosidl_generator_c.dir/rosidl_generator_c/xarm_msgs/srv/detail/ft_admittance_params__type_support.c.o[0m
[18.036s] [ 23%] [32mBuilding C object CMakeFiles/xarm_msgs__rosidl_generator_c.dir/rosidl_generator_c/xarm_msgs/srv/detail/linear_motor_back_origin__description.c.o[0m
[18.049s] [ 23%] [32mBuilding C object CMakeFiles/xarm_msgs__rosidl_generator_c.dir/rosidl_generator_c/xarm_msgs/srv/detail/linear_motor_back_origin__functions.c.o[0m
[18.084s] [ 24%] [32mBuilding C object CMakeFiles/xarm_msgs__rosidl_generator_c.dir/rosidl_generator_c/xarm_msgs/srv/detail/linear_motor_back_origin__type_support.c.o[0m
[18.086s] [ 24%] [32mBuilding C object CMakeFiles/xarm_msgs__rosidl_generator_c.dir/rosidl_generator_c/xarm_msgs/srv/detail/linear_motor_set_pos__description.c.o[0m
[18.090s] [ 24%] [32mBuilding C object CMakeFiles/xarm_msgs__rosidl_generator_c.dir/rosidl_generator_c/xarm_msgs/srv/detail/linear_motor_set_pos__functions.c.o[0m
[18.117s] [ 24%] [32mBuilding C object CMakeFiles/xarm_msgs__rosidl_generator_c.dir/rosidl_generator_c/xarm_msgs/srv/detail/linear_motor_set_pos__type_support.c.o[0m
[18.130s] [ 24%] [32mBuilding C object CMakeFiles/xarm_msgs__rosidl_generator_c.dir/rosidl_generator_c/xarm_msgs/srv/detail/plan_exec__description.c.o[0m
[18.149s] [ 24%] [32mBuilding C object CMakeFiles/xarm_msgs__rosidl_generator_c.dir/rosidl_generator_c/xarm_msgs/srv/detail/plan_exec__functions.c.o[0m
[18.151s] [ 25%] [32mBuilding C object CMakeFiles/xarm_msgs__rosidl_generator_c.dir/rosidl_generator_c/xarm_msgs/srv/detail/plan_exec__type_support.c.o[0m
[18.155s] [ 25%] [32mBuilding C object CMakeFiles/xarm_msgs__rosidl_generator_c.dir/rosidl_generator_c/xarm_msgs/srv/detail/plan_joint__description.c.o[0m
[18.164s] [ 25%] [32mBuilding C object CMakeFiles/xarm_msgs__rosidl_generator_c.dir/rosidl_generator_c/xarm_msgs/srv/detail/plan_joint__functions.c.o[0m
[18.182s] [ 25%] [32mBuilding C object CMakeFiles/xarm_msgs__rosidl_generator_c.dir/rosidl_generator_c/xarm_msgs/srv/detail/plan_pose__description.c.o[0m
[18.186s] [ 25%] [32mBuilding C object CMakeFiles/xarm_msgs__rosidl_generator_c.dir/rosidl_generator_c/xarm_msgs/srv/detail/plan_joint__type_support.c.o[0m
[18.218s] [ 25%] [32mBuilding C object CMakeFiles/xarm_msgs__rosidl_generator_c.dir/rosidl_generator_c/xarm_msgs/srv/detail/plan_pose__functions.c.o[0m
[18.226s] [ 26%] [32mBuilding C object CMakeFiles/xarm_msgs__rosidl_generator_c.dir/rosidl_generator_c/xarm_msgs/srv/detail/plan_pose__type_support.c.o[0m
[18.251s] [ 26%] [32mBuilding C object CMakeFiles/xarm_msgs__rosidl_generator_c.dir/rosidl_generator_c/xarm_msgs/srv/detail/plan_single_straight__description.c.o[0m
[18.254s] [ 26%] [32mBuilding C object CMakeFiles/xarm_msgs__rosidl_generator_c.dir/rosidl_generator_c/xarm_msgs/srv/detail/plan_single_straight__functions.c.o[0m
[18.264s] [ 26%] [32mBuilding C object CMakeFiles/xarm_msgs__rosidl_generator_c.dir/rosidl_generator_c/xarm_msgs/srv/detail/plan_single_straight__type_support.c.o[0m
[18.268s] [ 26%] [32mBuilding C object CMakeFiles/xarm_msgs__rosidl_generator_c.dir/rosidl_generator_c/xarm_msgs/srv/detail/ft_force_config__description.c.o[0m
[18.284s] [ 26%] [32mBuilding C object CMakeFiles/xarm_msgs__rosidl_generator_c.dir/rosidl_generator_c/xarm_msgs/srv/detail/ft_force_config__functions.c.o[0m
[18.292s] [ 27%] [32mBuilding C object CMakeFiles/xarm_msgs__rosidl_generator_c.dir/rosidl_generator_c/xarm_msgs/srv/detail/ft_force_config__type_support.c.o[0m
[18.301s] [ 27%] [32mBuilding C object CMakeFiles/xarm_msgs__rosidl_generator_c.dir/rosidl_generator_c/xarm_msgs/srv/detail/ft_force_pid__description.c.o[0m
[18.322s] [ 27%] [32mBuilding C object CMakeFiles/xarm_msgs__rosidl_generator_c.dir/rosidl_generator_c/xarm_msgs/srv/detail/ft_force_pid__functions.c.o[0m
[18.331s] [ 27%] [32mBuilding C object CMakeFiles/xarm_msgs__rosidl_generator_c.dir/rosidl_generator_c/xarm_msgs/srv/detail/ft_force_pid__type_support.c.o[0m
[18.352s] [ 27%] [32mBuilding C object CMakeFiles/xarm_msgs__rosidl_generator_c.dir/rosidl_generator_c/xarm_msgs/srv/detail/ft_impedance__description.c.o[0m
[18.357s] [ 28%] [32mBuilding C object CMakeFiles/xarm_msgs__rosidl_generator_c.dir/rosidl_generator_c/xarm_msgs/srv/detail/ft_impedance__type_support.c.o[0m
[18.357s] [ 28%] [32mBuilding C object CMakeFiles/xarm_msgs__rosidl_generator_c.dir/rosidl_generator_c/xarm_msgs/srv/detail/ft_impedance__functions.c.o[0m
[18.359s] [ 28%] [32mBuilding C object CMakeFiles/xarm_msgs__rosidl_generator_c.dir/rosidl_generator_c/xarm_msgs/srv/detail/linear_track_back_origin__description.c.o[0m
[18.364s] [ 28%] [32mBuilding C object CMakeFiles/xarm_msgs__rosidl_generator_c.dir/rosidl_generator_c/xarm_msgs/srv/detail/linear_track_back_origin__functions.c.o[0m
[18.380s] [ 28%] [32mBuilding C object CMakeFiles/xarm_msgs__rosidl_generator_c.dir/rosidl_generator_c/xarm_msgs/srv/detail/linear_track_set_pos__description.c.o[0m
[18.380s] [ 28%] [32mBuilding C object CMakeFiles/xarm_msgs__rosidl_generator_c.dir/rosidl_generator_c/xarm_msgs/srv/detail/linear_track_back_origin__type_support.c.o[0m
[18.400s] [ 29%] [32mBuilding C object CMakeFiles/xarm_msgs__rosidl_generator_c.dir/rosidl_generator_c/xarm_msgs/srv/detail/linear_track_set_pos__functions.c.o[0m
[18.423s] [ 29%] [32mBuilding C object CMakeFiles/xarm_msgs__rosidl_generator_c.dir/rosidl_generator_c/xarm_msgs/srv/detail/linear_track_set_pos__type_support.c.o[0m
[18.565s] [ 29%] [32m[1mLinking C shared library libxarm_msgs__rosidl_generator_c.so[0m
[18.644s] [ 29%] Built target xarm_msgs__rosidl_generator_c
[18.659s] [ 29%] [34m[1mGenerating C type support for eProsima Fast-RTPS[0m
[18.659s] [ 29%] [34m[1mGenerating C type support dispatch for ROS interfaces[0m
[18.659s] [ 30%] [34m[1mGenerating C++ introspection for ROS interfaces[0m
[18.661s] [ 31%] [34m[1mGenerating C++ type support for eProsima Fast-RTPS[0m
[18.661s] [ 31%] [34m[1mGenerating C introspection for ROS interfaces[0m
[18.662s] [ 31%] [34m[1mGenerating C++ type support dispatch for ROS interfaces[0m
[21.901s] [ 31%] [32mBuilding CXX object CMakeFiles/xarm_msgs__rosidl_typesupport_c.dir/rosidl_typesupport_c/xarm_msgs/msg/io_state__type_support.cpp.o[0m
[21.905s] [ 31%] [32mBuilding CXX object CMakeFiles/xarm_msgs__rosidl_typesupport_c.dir/rosidl_typesupport_c/xarm_msgs/msg/robot_msg__type_support.cpp.o[0m
[21.907s] [ 32%] [32mBuilding CXX object CMakeFiles/xarm_msgs__rosidl_typesupport_c.dir/rosidl_typesupport_c/xarm_msgs/msg/cio_state__type_support.cpp.o[0m
[21.919s] [ 32%] [32mBuilding CXX object CMakeFiles/xarm_msgs__rosidl_typesupport_c.dir/rosidl_typesupport_c/xarm_msgs/msg/move_velocity__type_support.cpp.o[0m
[21.935s] [ 32%] [32mBuilding CXX object CMakeFiles/xarm_msgs__rosidl_typesupport_c.dir/rosidl_typesupport_c/xarm_msgs/srv/bio_gripper_ctrl__type_support.cpp.o[0m
[21.947s] [ 32%] [32mBuilding CXX object CMakeFiles/xarm_msgs__rosidl_typesupport_c.dir/rosidl_typesupport_c/xarm_msgs/srv/bio_gripper_enable__type_support.cpp.o[0m
[21.961s] [ 32%] [32mBuilding CXX object CMakeFiles/xarm_msgs__rosidl_typesupport_c.dir/rosidl_typesupport_c/xarm_msgs/srv/call__type_support.cpp.o[0m
[21.981s] [ 33%] [32mBuilding CXX object CMakeFiles/xarm_msgs__rosidl_typesupport_c.dir/rosidl_typesupport_c/xarm_msgs/srv/get_digital_io__type_support.cpp.o[0m
[21.985s] [ 33%] [32mBuilding CXX object CMakeFiles/xarm_msgs__rosidl_typesupport_c.dir/rosidl_typesupport_c/xarm_msgs/srv/get_analog_io__type_support.cpp.o[0m
[22.008s] [ 33%] [32mBuilding CXX object CMakeFiles/xarm_msgs__rosidl_typesupport_c.dir/rosidl_typesupport_c/xarm_msgs/srv/get_float32__type_support.cpp.o[0m
[22.026s] [ 33%] [32mBuilding CXX object CMakeFiles/xarm_msgs__rosidl_typesupport_c.dir/rosidl_typesupport_c/xarm_msgs/srv/get_int16__type_support.cpp.o[0m
[22.027s] [ 33%] [32mBuilding CXX object CMakeFiles/xarm_msgs__rosidl_typesupport_c.dir/rosidl_typesupport_c/xarm_msgs/srv/get_float32_list__type_support.cpp.o[0m
[22.043s] [ 33%] [32mBuilding CXX object CMakeFiles/xarm_msgs__rosidl_typesupport_c.dir/rosidl_typesupport_c/xarm_msgs/srv/get_int16_list__type_support.cpp.o[0m
[22.045s] [ 33%] [32mBuilding CXX object CMakeFiles/xarm_msgs__rosidl_typesupport_c.dir/rosidl_typesupport_c/xarm_msgs/srv/get_int32__type_support.cpp.o[0m
[22.063s] [ 34%] [32mBuilding CXX object CMakeFiles/xarm_msgs__rosidl_typesupport_c.dir/rosidl_typesupport_c/xarm_msgs/srv/get_int32_by_type__type_support.cpp.o[0m
[22.065s] [ 34%] [32mBuilding CXX object CMakeFiles/xarm_msgs__rosidl_typesupport_c.dir/rosidl_typesupport_c/xarm_msgs/srv/get_set_modbus_data__type_support.cpp.o[0m
[22.081s] [ 34%] [32mBuilding CXX object CMakeFiles/xarm_msgs__rosidl_typesupport_c.dir/rosidl_typesupport_c/xarm_msgs/srv/gripper_move__type_support.cpp.o[0m
[22.095s] [ 34%] [32mBuilding CXX object CMakeFiles/xarm_msgs__rosidl_typesupport_c.dir/rosidl_typesupport_c/xarm_msgs/srv/move_cartesian__type_support.cpp.o[0m
[22.098s] [ 34%] [32mBuilding CXX object CMakeFiles/xarm_msgs__rosidl_typesupport_c.dir/rosidl_typesupport_c/xarm_msgs/srv/move_circle__type_support.cpp.o[0m
[22.104s] [ 34%] [32mBuilding CXX object CMakeFiles/xarm_msgs__rosidl_typesupport_cpp.dir/rosidl_typesupport_cpp/xarm_msgs/msg/robot_msg__type_support.cpp.o[0m
[22.117s] [ 34%] [32mBuilding CXX object CMakeFiles/xarm_msgs__rosidl_typesupport_c.dir/rosidl_typesupport_c/xarm_msgs/srv/move_home__type_support.cpp.o[0m
[22.117s] [ 34%] [32mBuilding CXX object CMakeFiles/xarm_msgs__rosidl_typesupport_cpp.dir/rosidl_typesupport_cpp/xarm_msgs/msg/io_state__type_support.cpp.o[0m
[22.139s] [ 34%] [32mBuilding CXX object CMakeFiles/xarm_msgs__rosidl_typesupport_cpp.dir/rosidl_typesupport_cpp/xarm_msgs/msg/cio_state__type_support.cpp.o[0m
[22.147s] [ 35%] [32mBuilding CXX object CMakeFiles/xarm_msgs__rosidl_typesupport_cpp.dir/rosidl_typesupport_cpp/xarm_msgs/msg/move_velocity__type_support.cpp.o[0m
[22.156s] [ 35%] [32mBuilding CXX object CMakeFiles/xarm_msgs__rosidl_typesupport_cpp.dir/rosidl_typesupport_cpp/xarm_msgs/srv/bio_gripper_ctrl__type_support.cpp.o[0m
[22.181s] [ 36%] [32mBuilding CXX object CMakeFiles/xarm_msgs__rosidl_typesupport_c.dir/rosidl_typesupport_c/xarm_msgs/srv/move_joint__type_support.cpp.o[0m
[22.188s] [ 36%] [32mBuilding CXX object CMakeFiles/xarm_msgs__rosidl_typesupport_c.dir/rosidl_typesupport_c/xarm_msgs/srv/move_velocity__type_support.cpp.o[0m
[22.188s] [ 36%] [32mBuilding CXX object CMakeFiles/xarm_msgs__rosidl_typesupport_cpp.dir/rosidl_typesupport_cpp/xarm_msgs/srv/bio_gripper_enable__type_support.cpp.o[0m
[22.252s] [ 36%] [32mBuilding CXX object CMakeFiles/xarm_msgs__rosidl_typesupport_cpp.dir/rosidl_typesupport_cpp/xarm_msgs/srv/call__type_support.cpp.o[0m
[22.254s] [ 36%] [32mBuilding CXX object CMakeFiles/xarm_msgs__rosidl_typesupport_c.dir/rosidl_typesupport_c/xarm_msgs/srv/robotiq_activate__type_support.cpp.o[0m
[22.334s] [ 36%] [32mBuilding CXX object CMakeFiles/xarm_msgs__rosidl_typesupport_c.dir/rosidl_typesupport_c/xarm_msgs/srv/robotiq_get_status__type_support.cpp.o[0m
[22.418s] [ 36%] [32mBuilding CXX object CMakeFiles/xarm_msgs__rosidl_typesupport_c.dir/rosidl_typesupport_c/xarm_msgs/srv/robotiq_move__type_support.cpp.o[0m
[22.502s] [ 37%] [32mBuilding CXX object CMakeFiles/xarm_msgs__rosidl_typesupport_c.dir/rosidl_typesupport_c/xarm_msgs/srv/robotiq_reset__type_support.cpp.o[0m
[22.517s] [ 37%] [32mBuilding CXX object CMakeFiles/xarm_msgs__rosidl_typesupport_cpp.dir/rosidl_typesupport_cpp/xarm_msgs/srv/get_analog_io__type_support.cpp.o[0m
[22.536s] [ 37%] [32mBuilding CXX object CMakeFiles/xarm_msgs__rosidl_typesupport_c.dir/rosidl_typesupport_c/xarm_msgs/srv/set_analog_io__type_support.cpp.o[0m
[22.542s] [ 37%] [32mBuilding CXX object CMakeFiles/xarm_msgs__rosidl_typesupport_c.dir/rosidl_typesupport_c/xarm_msgs/srv/set_digital_io__type_support.cpp.o[0m
[22.561s] [ 37%] [32mBuilding CXX object CMakeFiles/xarm_msgs__rosidl_typesupport_c.dir/rosidl_typesupport_c/xarm_msgs/srv/set_float32__type_support.cpp.o[0m
[22.574s] [ 37%] [32mBuilding CXX object CMakeFiles/xarm_msgs__rosidl_typesupport_c.dir/rosidl_typesupport_c/xarm_msgs/srv/set_float32_list__type_support.cpp.o[0m
[22.613s] [ 37%] [32mBuilding CXX object CMakeFiles/xarm_msgs__rosidl_typesupport_cpp.dir/rosidl_typesupport_cpp/xarm_msgs/srv/get_digital_io__type_support.cpp.o[0m
[22.616s] [ 38%] [32mBuilding CXX object CMakeFiles/xarm_msgs__rosidl_typesupport_cpp.dir/rosidl_typesupport_cpp/xarm_msgs/srv/get_float32__type_support.cpp.o[0m
[22.631s] [ 38%] [32mBuilding CXX object CMakeFiles/xarm_msgs__rosidl_typesupport_cpp.dir/rosidl_typesupport_cpp/xarm_msgs/srv/get_float32_list__type_support.cpp.o[0m
[22.648s] [ 38%] [32mBuilding CXX object CMakeFiles/xarm_msgs__rosidl_typesupport_c.dir/rosidl_typesupport_c/xarm_msgs/srv/set_int16__type_support.cpp.o[0m
[22.719s] [ 39%] [32mBuilding CXX object CMakeFiles/xarm_msgs__rosidl_typesupport_c.dir/rosidl_typesupport_c/xarm_msgs/srv/set_int16_by_id__type_support.cpp.o[0m
[22.763s] [ 39%] [32mBuilding CXX object CMakeFiles/xarm_msgs__rosidl_typesupport_c.dir/rosidl_typesupport_c/xarm_msgs/srv/set_int16_list__type_support.cpp.o[0m
[22.780s] [ 39%] [32mBuilding CXX object CMakeFiles/xarm_msgs__rosidl_typesupport_c.dir/rosidl_typesupport_c/xarm_msgs/srv/set_int32__type_support.cpp.o[0m
[22.793s] [ 39%] [32mBuilding CXX object CMakeFiles/xarm_msgs__rosidl_typesupport_cpp.dir/rosidl_typesupport_cpp/xarm_msgs/srv/get_int16__type_support.cpp.o[0m
[22.800s] [ 39%] [32mBuilding CXX object CMakeFiles/xarm_msgs__rosidl_typesupport_cpp.dir/rosidl_typesupport_cpp/xarm_msgs/srv/get_int16_list__type_support.cpp.o[0m
[22.853s] [ 39%] [32mBuilding CXX object CMakeFiles/xarm_msgs__rosidl_typesupport_cpp.dir/rosidl_typesupport_cpp/xarm_msgs/srv/get_int32__type_support.cpp.o[0m
[22.864s] [ 39%] [32mBuilding CXX object CMakeFiles/xarm_msgs__rosidl_typesupport_c.dir/rosidl_typesupport_c/xarm_msgs/srv/set_int32_by_type__type_support.cpp.o[0m
[22.956s] [ 39%] [32mBuilding CXX object CMakeFiles/xarm_msgs__rosidl_typesupport_c.dir/rosidl_typesupport_c/xarm_msgs/srv/traj_ctrl__type_support.cpp.o[0m
[23.040s] [ 39%] [32mBuilding CXX object CMakeFiles/xarm_msgs__rosidl_typesupport_c.dir/rosidl_typesupport_c/xarm_msgs/srv/traj_play__type_support.cpp.o[0m
[23.116s] [ 40%] [32mBuilding CXX object CMakeFiles/xarm_msgs__rosidl_typesupport_c.dir/rosidl_typesupport_c/xarm_msgs/srv/vacuum_gripper_ctrl__type_support.cpp.o[0m
[23.128s] [ 40%] [32mBuilding CXX object CMakeFiles/xarm_msgs__rosidl_typesupport_c.dir/rosidl_typesupport_c/xarm_msgs/srv/set_tcp_load__type_support.cpp.o[0m
[23.162s] [ 40%] [32mBuilding CXX object CMakeFiles/xarm_msgs__rosidl_typesupport_c.dir/rosidl_typesupport_c/xarm_msgs/srv/set_modbus_timeout__type_support.cpp.o[0m
[23.191s] [ 40%] [32mBuilding CXX object CMakeFiles/xarm_msgs__rosidl_typesupport_c.dir/rosidl_typesupport_c/xarm_msgs/srv/iden_load__type_support.cpp.o[0m
[23.192s] [ 41%] [32mBuilding CXX object CMakeFiles/xarm_msgs__rosidl_typesupport_cpp.dir/rosidl_typesupport_cpp/xarm_msgs/srv/get_int32_by_type__type_support.cpp.o[0m
[23.198s] [ 41%] [32mBuilding CXX object CMakeFiles/xarm_msgs__rosidl_typesupport_cpp.dir/rosidl_typesupport_cpp/xarm_msgs/srv/get_set_modbus_data__type_support.cpp.o[0m
[23.200s] [ 41%] [32mBuilding CXX object CMakeFiles/xarm_msgs__rosidl_typesupport_cpp.dir/rosidl_typesupport_cpp/xarm_msgs/srv/gripper_move__type_support.cpp.o[0m
[23.239s] [ 41%] [32mBuilding CXX object CMakeFiles/xarm_msgs__rosidl_typesupport_c.dir/rosidl_typesupport_c/xarm_msgs/srv/ft_cali_load__type_support.cpp.o[0m
[23.259s] [ 41%] [32mBuilding CXX object CMakeFiles/xarm_msgs__rosidl_typesupport_cpp.dir/rosidl_typesupport_cpp/xarm_msgs/srv/move_cartesian__type_support.cpp.o[0m
[23.304s] [ 41%] [32mBuilding CXX object CMakeFiles/xarm_msgs__rosidl_typesupport_c.dir/rosidl_typesupport_c/xarm_msgs/srv/ft_force_params__type_support.cpp.o[0m
[23.371s] [ 42%] [32mBuilding CXX object CMakeFiles/xarm_msgs__rosidl_typesupport_c.dir/rosidl_typesupport_c/xarm_msgs/srv/ft_admittance_params__type_support.cpp.o[0m
[23.377s] [ 42%] [32mBuilding CXX object CMakeFiles/xarm_msgs__rosidl_typesupport_c.dir/rosidl_typesupport_c/xarm_msgs/srv/linear_motor_back_origin__type_support.cpp.o[0m
[23.379s] [ 42%] [32mBuilding CXX object CMakeFiles/xarm_msgs__rosidl_typesupport_c.dir/rosidl_typesupport_c/xarm_msgs/srv/linear_motor_set_pos__type_support.cpp.o[0m
[23.436s] [ 42%] [32mBuilding CXX object CMakeFiles/xarm_msgs__rosidl_typesupport_c.dir/rosidl_typesupport_c/xarm_msgs/srv/plan_exec__type_support.cpp.o[0m
[23.444s] [ 42%] [32mBuilding CXX object CMakeFiles/xarm_msgs__rosidl_typesupport_cpp.dir/rosidl_typesupport_cpp/xarm_msgs/srv/move_circle__type_support.cpp.o[0m
[23.448s] [ 42%] [32mBuilding CXX object CMakeFiles/xarm_msgs__rosidl_typesupport_c.dir/rosidl_typesupport_c/xarm_msgs/srv/plan_joint__type_support.cpp.o[0m
[23.456s] [ 43%] [32mBuilding CXX object CMakeFiles/xarm_msgs__rosidl_typesupport_c.dir/rosidl_typesupport_c/xarm_msgs/srv/plan_pose__type_support.cpp.o[0m
[23.521s] [ 43%] [32mBuilding CXX object CMakeFiles/xarm_msgs__rosidl_typesupport_cpp.dir/rosidl_typesupport_cpp/xarm_msgs/srv/move_home__type_support.cpp.o[0m
[23.522s] [ 44%] [32mBuilding CXX object CMakeFiles/xarm_msgs__rosidl_typesupport_cpp.dir/rosidl_typesupport_cpp/xarm_msgs/srv/move_joint__type_support.cpp.o[0m
[23.530s] [ 44%] [32mBuilding CXX object CMakeFiles/xarm_msgs__rosidl_typesupport_c.dir/rosidl_typesupport_c/xarm_msgs/srv/plan_single_straight__type_support.cpp.o[0m
[23.613s] [ 44%] [32mBuilding CXX object CMakeFiles/xarm_msgs__rosidl_typesupport_c.dir/rosidl_typesupport_c/xarm_msgs/srv/ft_force_config__type_support.cpp.o[0m
[23.700s] [ 44%] [32mBuilding CXX object CMakeFiles/xarm_msgs__rosidl_typesupport_c.dir/rosidl_typesupport_c/xarm_msgs/srv/ft_force_pid__type_support.cpp.o[0m
[23.762s] [ 44%] [32mBuilding CXX object CMakeFiles/xarm_msgs__rosidl_typesupport_c.dir/rosidl_typesupport_c/xarm_msgs/srv/ft_impedance__type_support.cpp.o[0m
[23.786s] [ 44%] [32mBuilding CXX object CMakeFiles/xarm_msgs__rosidl_typesupport_cpp.dir/rosidl_typesupport_cpp/xarm_msgs/srv/move_velocity__type_support.cpp.o[0m
[23.792s] [ 44%] [32mBuilding CXX object CMakeFiles/xarm_msgs__rosidl_typesupport_c.dir/rosidl_typesupport_c/xarm_msgs/srv/linear_track_back_origin__type_support.cpp.o[0m
[23.840s] [ 45%] [32mBuilding CXX object CMakeFiles/xarm_msgs__rosidl_typesupport_c.dir/rosidl_typesupport_c/xarm_msgs/srv/linear_track_set_pos__type_support.cpp.o[0m
[23.856s] [ 45%] [32mBuilding CXX object CMakeFiles/xarm_msgs__rosidl_typesupport_cpp.dir/rosidl_typesupport_cpp/xarm_msgs/srv/robotiq_activate__type_support.cpp.o[0m
[23.864s] [ 45%] [32mBuilding CXX object CMakeFiles/xarm_msgs__rosidl_typesupport_cpp.dir/rosidl_typesupport_cpp/xarm_msgs/srv/robotiq_get_status__type_support.cpp.o[0m
[23.865s] [ 45%] [32mBuilding CXX object CMakeFiles/xarm_msgs__rosidl_typesupport_cpp.dir/rosidl_typesupport_cpp/xarm_msgs/srv/robotiq_move__type_support.cpp.o[0m
[23.920s] [ 45%] [32m[1mLinking CXX shared library libxarm_msgs__rosidl_typesupport_c.so[0m
[24.017s] [ 45%] Built target xarm_msgs__rosidl_typesupport_c
[24.030s] [ 45%] [32mBuilding CXX object CMakeFiles/xarm_msgs__rosidl_typesupport_cpp.dir/rosidl_typesupport_cpp/xarm_msgs/srv/robotiq_reset__type_support.cpp.o[0m
[24.062s] [ 46%] [32mBuilding CXX object CMakeFiles/xarm_msgs__rosidl_typesupport_cpp.dir/rosidl_typesupport_cpp/xarm_msgs/srv/set_analog_io__type_support.cpp.o[0m
[24.083s] [ 46%] [32mBuilding CXX object CMakeFiles/xarm_msgs__rosidl_typesupport_cpp.dir/rosidl_typesupport_cpp/xarm_msgs/srv/set_digital_io__type_support.cpp.o[0m
[24.179s] [ 46%] [32mBuilding CXX object CMakeFiles/xarm_msgs__rosidl_typesupport_cpp.dir/rosidl_typesupport_cpp/xarm_msgs/srv/set_float32__type_support.cpp.o[0m
[24.381s] [ 46%] [32mBuilding CXX object CMakeFiles/xarm_msgs__rosidl_typesupport_cpp.dir/rosidl_typesupport_cpp/xarm_msgs/srv/set_float32_list__type_support.cpp.o[0m
[24.412s] [ 46%] [32mBuilding CXX object CMakeFiles/xarm_msgs__rosidl_typesupport_introspection_cpp.dir/rosidl_typesupport_introspection_cpp/xarm_msgs/msg/detail/robot_msg__type_support.cpp.o[0m
[24.446s] [ 46%] [32mBuilding CXX object CMakeFiles/xarm_msgs__rosidl_typesupport_introspection_cpp.dir/rosidl_typesupport_introspection_cpp/xarm_msgs/msg/detail/io_state__type_support.cpp.o[0m
[24.474s] [ 46%] [32mBuilding CXX object CMakeFiles/xarm_msgs__rosidl_typesupport_introspection_cpp.dir/rosidl_typesupport_introspection_cpp/xarm_msgs/msg/detail/cio_state__type_support.cpp.o[0m
[24.505s] [ 46%] [32mBuilding CXX object CMakeFiles/xarm_msgs__rosidl_typesupport_introspection_cpp.dir/rosidl_typesupport_introspection_cpp/xarm_msgs/msg/detail/move_velocity__type_support.cpp.o[0m
[24.613s] [ 46%] [32mBuilding CXX object CMakeFiles/xarm_msgs__rosidl_typesupport_introspection_cpp.dir/rosidl_typesupport_introspection_cpp/xarm_msgs/srv/detail/bio_gripper_ctrl__type_support.cpp.o[0m
[24.646s] [ 47%] [32mBuilding CXX object CMakeFiles/xarm_msgs__rosidl_typesupport_introspection_cpp.dir/rosidl_typesupport_introspection_cpp/xarm_msgs/srv/detail/bio_gripper_enable__type_support.cpp.o[0m
[24.678s] [ 47%] [32mBuilding CXX object CMakeFiles/xarm_msgs__rosidl_typesupport_introspection_cpp.dir/rosidl_typesupport_introspection_cpp/xarm_msgs/srv/detail/call__type_support.cpp.o[0m
[24.753s] [ 47%] [32mBuilding CXX object CMakeFiles/xarm_msgs__rosidl_typesupport_introspection_cpp.dir/rosidl_typesupport_introspection_cpp/xarm_msgs/srv/detail/get_analog_io__type_support.cpp.o[0m
[24.795s] [ 47%] [32mBuilding C object CMakeFiles/xarm_msgs__rosidl_typesupport_introspection_c.dir/rosidl_typesupport_introspection_c/xarm_msgs/msg/detail/robot_msg__type_support.c.o[0m
[24.868s] [ 47%] [32mBuilding CXX object CMakeFiles/xarm_msgs__rosidl_typesupport_cpp.dir/rosidl_typesupport_cpp/xarm_msgs/srv/set_int16__type_support.cpp.o[0m
[24.874s] [ 47%] [32mBuilding CXX object CMakeFiles/xarm_msgs__rosidl_typesupport_cpp.dir/rosidl_typesupport_cpp/xarm_msgs/srv/set_int16_by_id__type_support.cpp.o[0m
[24.874s] [ 47%] [32mBuilding C object CMakeFiles/xarm_msgs__rosidl_typesupport_introspection_c.dir/rosidl_typesupport_introspection_c/xarm_msgs/msg/detail/io_state__type_support.c.o[0m
[24.927s] [ 47%] [32mBuilding C object CMakeFiles/xarm_msgs__rosidl_typesupport_introspection_c.dir/rosidl_typesupport_introspection_c/xarm_msgs/msg/detail/cio_state__type_support.c.o[0m
[24.943s] [ 47%] [32mBuilding C object CMakeFiles/xarm_msgs__rosidl_typesupport_introspection_c.dir/rosidl_typesupport_introspection_c/xarm_msgs/msg/detail/move_velocity__type_support.c.o[0m
[24.958s] [ 48%] [32mBuilding CXX object CMakeFiles/xarm_msgs__rosidl_typesupport_cpp.dir/rosidl_typesupport_cpp/xarm_msgs/srv/set_int16_list__type_support.cpp.o[0m
[25.013s] [ 49%] [32mBuilding C object CMakeFiles/xarm_msgs__rosidl_typesupport_introspection_c.dir/rosidl_typesupport_introspection_c/xarm_msgs/srv/detail/bio_gripper_ctrl__type_support.c.o[0m
[25.013s] [ 49%] [32mBuilding CXX object CMakeFiles/xarm_msgs__rosidl_typesupport_introspection_cpp.dir/rosidl_typesupport_introspection_cpp/xarm_msgs/srv/detail/get_digital_io__type_support.cpp.o[0m
[25.025s] [ 49%] [32mBuilding CXX object CMakeFiles/xarm_msgs__rosidl_typesupport_cpp.dir/rosidl_typesupport_cpp/xarm_msgs/srv/set_int32__type_support.cpp.o[0m
[25.102s] [ 49%] [32mBuilding C object CMakeFiles/xarm_msgs__rosidl_typesupport_introspection_c.dir/rosidl_typesupport_introspection_c/xarm_msgs/srv/detail/bio_gripper_enable__type_support.c.o[0m
[25.196s] [ 49%] [32mBuilding C object CMakeFiles/xarm_msgs__rosidl_typesupport_introspection_c.dir/rosidl_typesupport_introspection_c/xarm_msgs/srv/detail/call__type_support.c.o[0m
[25.286s] [ 49%] [32mBuilding C object CMakeFiles/xarm_msgs__rosidl_typesupport_introspection_c.dir/rosidl_typesupport_introspection_c/xarm_msgs/srv/detail/get_analog_io__type_support.c.o[0m
[25.325s] [ 49%] [32mBuilding CXX object CMakeFiles/xarm_msgs__rosidl_typesupport_cpp.dir/rosidl_typesupport_cpp/xarm_msgs/srv/set_int32_by_type__type_support.cpp.o[0m
[25.371s] [ 49%] [32mBuilding CXX object CMakeFiles/xarm_msgs__rosidl_typesupport_cpp.dir/rosidl_typesupport_cpp/xarm_msgs/srv/traj_ctrl__type_support.cpp.o[0m
[25.371s] [ 49%] [32mBuilding C object CMakeFiles/xarm_msgs__rosidl_typesupport_introspection_c.dir/rosidl_typesupport_introspection_c/xarm_msgs/srv/detail/get_digital_io__type_support.c.o[0m
[25.380s] [ 49%] [32mBuilding CXX object CMakeFiles/xarm_msgs__rosidl_typesupport_cpp.dir/rosidl_typesupport_cpp/xarm_msgs/srv/traj_play__type_support.cpp.o[0m
[25.422s] [ 49%] [32mBuilding C object CMakeFiles/xarm_msgs__rosidl_typesupport_introspection_c.dir/rosidl_typesupport_introspection_c/xarm_msgs/srv/detail/get_float32__type_support.c.o[0m
[25.425s] [ 50%] [32mBuilding CXX object CMakeFiles/xarm_msgs__rosidl_typesupport_cpp.dir/rosidl_typesupport_cpp/xarm_msgs/srv/vacuum_gripper_ctrl__type_support.cpp.o[0m
[25.467s] [ 50%] [32mBuilding CXX object CMakeFiles/xarm_msgs__rosidl_typesupport_introspection_cpp.dir/rosidl_typesupport_introspection_cpp/xarm_msgs/srv/detail/get_float32__type_support.cpp.o[0m
[25.499s] [ 50%] [32mBuilding CXX object CMakeFiles/xarm_msgs__rosidl_typesupport_cpp.dir/rosidl_typesupport_cpp/xarm_msgs/srv/set_tcp_load__type_support.cpp.o[0m
[25.514s] [ 51%] [32mBuilding C object CMakeFiles/xarm_msgs__rosidl_typesupport_introspection_c.dir/rosidl_typesupport_introspection_c/xarm_msgs/srv/detail/get_float32_list__type_support.c.o[0m
[25.529s] [ 51%] [32mBuilding CXX object CMakeFiles/xarm_msgs__rosidl_typesupport_introspection_cpp.dir/rosidl_typesupport_introspection_cpp/xarm_msgs/srv/detail/get_float32_list__type_support.cpp.o[0m
[25.604s] [ 51%] [32mBuilding C object CMakeFiles/xarm_msgs__rosidl_typesupport_introspection_c.dir/rosidl_typesupport_introspection_c/xarm_msgs/srv/detail/get_int16__type_support.c.o[0m
[25.652s] [ 52%] [32mBuilding CXX object CMakeFiles/xarm_msgs__rosidl_typesupport_introspection_cpp.dir/rosidl_typesupport_introspection_cpp/xarm_msgs/srv/detail/get_int16__type_support.cpp.o[0m
[25.713s] [ 52%] [32mBuilding C object CMakeFiles/xarm_msgs__rosidl_typesupport_introspection_c.dir/rosidl_typesupport_introspection_c/xarm_msgs/srv/detail/get_int16_list__type_support.c.o[0m
[25.799s] [ 52%] [32mBuilding C object CMakeFiles/xarm_msgs__rosidl_typesupport_introspection_c.dir/rosidl_typesupport_introspection_c/xarm_msgs/srv/detail/get_int32__type_support.c.o[0m
[25.835s] [ 52%] [32mBuilding CXX object CMakeFiles/xarm_msgs__rosidl_typesupport_cpp.dir/rosidl_typesupport_cpp/xarm_msgs/srv/set_modbus_timeout__type_support.cpp.o[0m
[25.890s] [ 52%] [32mBuilding CXX object CMakeFiles/xarm_msgs__rosidl_typesupport_introspection_cpp.dir/rosidl_typesupport_introspection_cpp/xarm_msgs/srv/detail/get_int16_list__type_support.cpp.o[0m
[25.890s] [ 52%] [32mBuilding C object CMakeFiles/xarm_msgs__rosidl_typesupport_introspection_c.dir/rosidl_typesupport_introspection_c/xarm_msgs/srv/detail/get_int32_by_type__type_support.c.o[0m
[25.946s] [ 52%] [32mBuilding C object CMakeFiles/xarm_msgs__rosidl_typesupport_introspection_c.dir/rosidl_typesupport_introspection_c/xarm_msgs/srv/detail/get_set_modbus_data__type_support.c.o[0m
[25.970s] [ 52%] [32mBuilding CXX object CMakeFiles/xarm_msgs__rosidl_typesupport_introspection_cpp.dir/rosidl_typesupport_introspection_cpp/xarm_msgs/srv/detail/get_int32__type_support.cpp.o[0m
[25.981s] [ 52%] [32mBuilding CXX object CMakeFiles/xarm_msgs__rosidl_typesupport_introspection_cpp.dir/rosidl_typesupport_introspection_cpp/xarm_msgs/srv/detail/get_int32_by_type__type_support.cpp.o[0m
[25.990s] [ 52%] [32mBuilding CXX object CMakeFiles/xarm_msgs__rosidl_typesupport_cpp.dir/rosidl_typesupport_cpp/xarm_msgs/srv/iden_load__type_support.cpp.o[0m
[26.054s] [ 53%] [32mBuilding C object CMakeFiles/xarm_msgs__rosidl_typesupport_introspection_c.dir/rosidl_typesupport_introspection_c/xarm_msgs/srv/detail/gripper_move__type_support.c.o[0m
[26.098s] [ 53%] [32mBuilding C object CMakeFiles/xarm_msgs__rosidl_typesupport_introspection_c.dir/rosidl_typesupport_introspection_c/xarm_msgs/srv/detail/move_cartesian__type_support.c.o[0m
[26.156s] [ 53%] [32mBuilding CXX object CMakeFiles/xarm_msgs__rosidl_typesupport_introspection_cpp.dir/rosidl_typesupport_introspection_cpp/xarm_msgs/srv/detail/get_set_modbus_data__type_support.cpp.o[0m
[26.188s] [ 53%] [32mBuilding CXX object CMakeFiles/xarm_msgs__rosidl_typesupport_cpp.dir/rosidl_typesupport_cpp/xarm_msgs/srv/ft_cali_load__type_support.cpp.o[0m
[26.212s] [ 53%] [32mBuilding C object CMakeFiles/xarm_msgs__rosidl_typesupport_introspection_c.dir/rosidl_typesupport_introspection_c/xarm_msgs/srv/detail/move_circle__type_support.c.o[0m
[26.305s] [ 53%] [32mBuilding CXX object CMakeFiles/xarm_msgs__rosidl_typesupport_cpp.dir/rosidl_typesupport_cpp/xarm_msgs/srv/ft_force_params__type_support.cpp.o[0m
[26.333s] [ 53%] [32mBuilding C object CMakeFiles/xarm_msgs__rosidl_typesupport_introspection_c.dir/rosidl_typesupport_introspection_c/xarm_msgs/srv/detail/move_home__type_support.c.o[0m
[26.393s] [ 54%] [32mBuilding CXX object CMakeFiles/xarm_msgs__rosidl_typesupport_introspection_cpp.dir/rosidl_typesupport_introspection_cpp/xarm_msgs/srv/detail/gripper_move__type_support.cpp.o[0m
[26.422s] [ 54%] [32mBuilding C object CMakeFiles/xarm_msgs__rosidl_typesupport_introspection_c.dir/rosidl_typesupport_introspection_c/xarm_msgs/srv/detail/move_joint__type_support.c.o[0m
[26.425s] [ 54%] [32mBuilding CXX object CMakeFiles/xarm_msgs__rosidl_typesupport_introspection_cpp.dir/rosidl_typesupport_introspection_cpp/xarm_msgs/srv/detail/move_cartesian__type_support.cpp.o[0m
[26.546s] [ 54%] [32mBuilding C object CMakeFiles/xarm_msgs__rosidl_typesupport_introspection_c.dir/rosidl_typesupport_introspection_c/xarm_msgs/srv/detail/move_velocity__type_support.c.o[0m
[26.577s] [ 54%] [32mBuilding CXX object CMakeFiles/xarm_msgs__rosidl_typesupport_introspection_cpp.dir/rosidl_typesupport_introspection_cpp/xarm_msgs/srv/detail/move_circle__type_support.cpp.o[0m
[26.610s] [ 55%] [32mBuilding C object CMakeFiles/xarm_msgs__rosidl_typesupport_introspection_c.dir/rosidl_typesupport_introspection_c/xarm_msgs/srv/detail/robotiq_activate__type_support.c.o[0m
[26.647s] [ 56%] [32mBuilding CXX object CMakeFiles/xarm_msgs__rosidl_typesupport_cpp.dir/rosidl_typesupport_cpp/xarm_msgs/srv/ft_admittance_params__type_support.cpp.o[0m
[26.669s] [ 56%] [32mBuilding CXX object CMakeFiles/xarm_msgs__rosidl_typesupport_introspection_cpp.dir/rosidl_typesupport_introspection_cpp/xarm_msgs/srv/detail/move_home__type_support.cpp.o[0m
[26.707s] [ 56%] [32mBuilding C object CMakeFiles/xarm_msgs__rosidl_typesupport_introspection_c.dir/rosidl_typesupport_introspection_c/xarm_msgs/srv/detail/robotiq_get_status__type_support.c.o[0m
[26.710s] [ 56%] [32mBuilding CXX object CMakeFiles/xarm_msgs__rosidl_typesupport_cpp.dir/rosidl_typesupport_cpp/xarm_msgs/srv/linear_motor_back_origin__type_support.cpp.o[0m
[26.764s] [ 56%] [32mBuilding CXX object CMakeFiles/xarm_msgs__rosidl_typesupport_introspection_cpp.dir/rosidl_typesupport_introspection_cpp/xarm_msgs/srv/detail/move_joint__type_support.cpp.o[0m
[26.801s] [ 56%] [32mBuilding C object CMakeFiles/xarm_msgs__rosidl_typesupport_introspection_c.dir/rosidl_typesupport_introspection_c/xarm_msgs/srv/detail/robotiq_move__type_support.c.o[0m
[26.898s] [ 56%] [32mBuilding C object CMakeFiles/xarm_msgs__rosidl_typesupport_introspection_c.dir/rosidl_typesupport_introspection_c/xarm_msgs/srv/detail/robotiq_reset__type_support.c.o[0m
[26.989s] [ 56%] [32mBuilding CXX object CMakeFiles/xarm_msgs__rosidl_typesupport_introspection_cpp.dir/rosidl_typesupport_introspection_cpp/xarm_msgs/srv/detail/move_velocity__type_support.cpp.o[0m
[26.990s] [ 56%] [32mBuilding C object CMakeFiles/xarm_msgs__rosidl_typesupport_introspection_c.dir/rosidl_typesupport_introspection_c/xarm_msgs/srv/detail/set_analog_io__type_support.c.o[0m
[27.024s] [ 56%] [32mBuilding CXX object CMakeFiles/xarm_msgs__rosidl_typesupport_cpp.dir/rosidl_typesupport_cpp/xarm_msgs/srv/linear_motor_set_pos__type_support.cpp.o[0m
[27.063s] [ 57%] [32mBuilding CXX object CMakeFiles/xarm_msgs__rosidl_typesupport_introspection_cpp.dir/rosidl_typesupport_introspection_cpp/xarm_msgs/srv/detail/robotiq_activate__type_support.cpp.o[0m
[27.100s] [ 58%] [32mBuilding C object CMakeFiles/xarm_msgs__rosidl_typesupport_introspection_c.dir/rosidl_typesupport_introspection_c/xarm_msgs/srv/detail/set_digital_io__type_support.c.o[0m
[27.205s] [ 58%] [32mBuilding C object CMakeFiles/xarm_msgs__rosidl_typesupport_introspection_c.dir/rosidl_typesupport_introspection_c/xarm_msgs/srv/detail/set_float32__type_support.c.o[0m
[27.250s] [ 58%] [32mBuilding CXX object CMakeFiles/xarm_msgs__rosidl_typesupport_introspection_cpp.dir/rosidl_typesupport_introspection_cpp/xarm_msgs/srv/detail/robotiq_get_status__type_support.cpp.o[0m
[27.263s] [ 58%] [32mBuilding C object CMakeFiles/xarm_msgs__rosidl_typesupport_introspection_c.dir/rosidl_typesupport_introspection_c/xarm_msgs/srv/detail/set_float32_list__type_support.c.o[0m
[27.309s] [ 58%] [32mBuilding CXX object CMakeFiles/xarm_msgs__rosidl_typesupport_cpp.dir/rosidl_typesupport_cpp/xarm_msgs/srv/plan_exec__type_support.cpp.o[0m
[27.328s] [ 58%] [32mBuilding CXX object CMakeFiles/xarm_msgs__rosidl_typesupport_introspection_cpp.dir/rosidl_typesupport_introspection_cpp/xarm_msgs/srv/detail/robotiq_move__type_support.cpp.o[0m
[27.344s] [ 58%] [32mBuilding CXX object CMakeFiles/xarm_msgs__rosidl_typesupport_introspection_cpp.dir/rosidl_typesupport_introspection_cpp/xarm_msgs/srv/detail/robotiq_reset__type_support.cpp.o[0m
[27.349s] [ 58%] [32mBuilding C object CMakeFiles/xarm_msgs__rosidl_typesupport_introspection_c.dir/rosidl_typesupport_introspection_c/xarm_msgs/srv/detail/set_int16__type_support.c.o[0m
[27.430s] [ 58%] [32mBuilding C object CMakeFiles/xarm_msgs__rosidl_typesupport_introspection_c.dir/rosidl_typesupport_introspection_c/xarm_msgs/srv/detail/set_int16_by_id__type_support.c.o[0m
[27.453s] [ 58%] [32mBuilding CXX object CMakeFiles/xarm_msgs__rosidl_typesupport_cpp.dir/rosidl_typesupport_cpp/xarm_msgs/srv/plan_joint__type_support.cpp.o[0m
[27.532s] [ 58%] [32mBuilding C object CMakeFiles/xarm_msgs__rosidl_typesupport_introspection_c.dir/rosidl_typesupport_introspection_c/xarm_msgs/srv/detail/set_int16_list__type_support.c.o[0m
[27.540s] [ 58%] [32mBuilding CXX object CMakeFiles/xarm_msgs__rosidl_typesupport_fastrtps_cpp.dir/rosidl_typesupport_fastrtps_cpp/xarm_msgs/msg/detail/dds_fastrtps/robot_msg__type_support.cpp.o[0m
[27.609s] [ 59%] [32mBuilding C object CMakeFiles/xarm_msgs__rosidl_typesupport_introspection_c.dir/rosidl_typesupport_introspection_c/xarm_msgs/srv/detail/set_int32__type_support.c.o[0m
[27.624s] [ 59%] [32mBuilding CXX object CMakeFiles/xarm_msgs__rosidl_typesupport_cpp.dir/rosidl_typesupport_cpp/xarm_msgs/srv/plan_pose__type_support.cpp.o[0m
[27.644s] [ 59%] [32mBuilding CXX object CMakeFiles/xarm_msgs__rosidl_typesupport_fastrtps_cpp.dir/rosidl_typesupport_fastrtps_cpp/xarm_msgs/msg/detail/dds_fastrtps/io_state__type_support.cpp.o[0m
[27.701s] [ 59%] [32mBuilding C object CMakeFiles/xarm_msgs__rosidl_typesupport_introspection_c.dir/rosidl_typesupport_introspection_c/xarm_msgs/srv/detail/set_int32_by_type__type_support.c.o[0m
[27.753s] [ 60%] [32mBuilding CXX object CMakeFiles/xarm_msgs__rosidl_typesupport_cpp.dir/rosidl_typesupport_cpp/xarm_msgs/srv/plan_single_straight__type_support.cpp.o[0m
[27.787s] [ 60%] [32mBuilding C object CMakeFiles/xarm_msgs__rosidl_typesupport_introspection_c.dir/rosidl_typesupport_introspection_c/xarm_msgs/srv/detail/traj_ctrl__type_support.c.o[0m
[27.829s] [ 60%] [32mBuilding CXX object CMakeFiles/xarm_msgs__rosidl_typesupport_cpp.dir/rosidl_typesupport_cpp/xarm_msgs/srv/ft_force_config__type_support.cpp.o[0m
[27.843s] [ 60%] [32mBuilding C object CMakeFiles/xarm_msgs__rosidl_typesupport_introspection_c.dir/rosidl_typesupport_introspection_c/xarm_msgs/srv/detail/traj_play__type_support.c.o[0m
[27.891s] [ 60%] [32mBuilding CXX object CMakeFiles/xarm_msgs__rosidl_typesupport_introspection_cpp.dir/rosidl_typesupport_introspection_cpp/xarm_msgs/srv/detail/set_analog_io__type_support.cpp.o[0m
[27.941s] [ 60%] [32mBuilding C object CMakeFiles/xarm_msgs__rosidl_typesupport_introspection_c.dir/rosidl_typesupport_introspection_c/xarm_msgs/srv/detail/vacuum_gripper_ctrl__type_support.c.o[0m
[27.984s] [ 60%] [32mBuilding CXX object CMakeFiles/xarm_msgs__rosidl_typesupport_fastrtps_cpp.dir/rosidl_typesupport_fastrtps_cpp/xarm_msgs/msg/detail/dds_fastrtps/cio_state__type_support.cpp.o[0m
[28.033s] [ 60%] [32mBuilding C object CMakeFiles/xarm_msgs__rosidl_typesupport_introspection_c.dir/rosidl_typesupport_introspection_c/xarm_msgs/srv/detail/set_tcp_load__type_support.c.o[0m
[28.054s] [ 60%] [32mBuilding CXX object CMakeFiles/xarm_msgs__rosidl_typesupport_cpp.dir/rosidl_typesupport_cpp/xarm_msgs/srv/ft_force_pid__type_support.cpp.o[0m
[28.095s] [ 60%] [32mBuilding CXX object CMakeFiles/xarm_msgs__rosidl_typesupport_cpp.dir/rosidl_typesupport_cpp/xarm_msgs/srv/ft_impedance__type_support.cpp.o[0m
[28.123s] [ 61%] [32mBuilding C object CMakeFiles/xarm_msgs__rosidl_typesupport_introspection_c.dir/rosidl_typesupport_introspection_c/xarm_msgs/srv/detail/set_modbus_timeout__type_support.c.o[0m
[28.140s] [ 61%] [32mBuilding CXX object CMakeFiles/xarm_msgs__rosidl_typesupport_fastrtps_cpp.dir/rosidl_typesupport_fastrtps_cpp/xarm_msgs/msg/detail/dds_fastrtps/move_velocity__type_support.cpp.o[0m
[28.178s] [ 62%] [32mBuilding CXX object CMakeFiles/xarm_msgs__rosidl_typesupport_fastrtps_cpp.dir/rosidl_typesupport_fastrtps_cpp/xarm_msgs/srv/detail/dds_fastrtps/bio_gripper_ctrl__type_support.cpp.o[0m
[28.219s] [ 62%] [32mBuilding C object CMakeFiles/xarm_msgs__rosidl_typesupport_introspection_c.dir/rosidl_typesupport_introspection_c/xarm_msgs/srv/detail/iden_load__type_support.c.o[0m
[28.251s] [ 62%] [32mBuilding CXX object CMakeFiles/xarm_msgs__rosidl_typesupport_introspection_cpp.dir/rosidl_typesupport_introspection_cpp/xarm_msgs/srv/detail/set_digital_io__type_support.cpp.o[0m
[28.276s] [ 62%] [32mBuilding CXX object CMakeFiles/xarm_msgs__rosidl_typesupport_fastrtps_c.dir/rosidl_typesupport_fastrtps_c/xarm_msgs/msg/detail/robot_msg__type_support_c.cpp.o[0m
[28.282s] [ 62%] [32mBuilding C object CMakeFiles/xarm_msgs__rosidl_typesupport_introspection_c.dir/rosidl_typesupport_introspection_c/xarm_msgs/srv/detail/ft_cali_load__type_support.c.o[0m
[28.317s] [ 63%] [32mBuilding CXX object CMakeFiles/xarm_msgs__rosidl_typesupport_introspection_cpp.dir/rosidl_typesupport_introspection_cpp/xarm_msgs/srv/detail/set_float32__type_support.cpp.o[0m
[28.329s] [ 63%] [32mBuilding CXX object CMakeFiles/xarm_msgs__rosidl_typesupport_cpp.dir/rosidl_typesupport_cpp/xarm_msgs/srv/linear_track_back_origin__type_support.cpp.o[0m
[28.375s] [ 63%] [32mBuilding C object CMakeFiles/xarm_msgs__rosidl_typesupport_introspection_c.dir/rosidl_typesupport_introspection_c/xarm_msgs/srv/detail/ft_force_params__type_support.c.o[0m
[28.478s] [ 63%] [32mBuilding CXX object CMakeFiles/xarm_msgs__rosidl_typesupport_fastrtps_c.dir/rosidl_typesupport_fastrtps_c/xarm_msgs/msg/detail/io_state__type_support_c.cpp.o[0m
[28.523s] [ 63%] [32mBuilding C object CMakeFiles/xarm_msgs__rosidl_typesupport_introspection_c.dir/rosidl_typesupport_introspection_c/xarm_msgs/srv/detail/ft_admittance_params__type_support.c.o[0m
[28.662s] [ 63%] [32mBuilding C object CMakeFiles/xarm_msgs__rosidl_typesupport_introspection_c.dir/rosidl_typesupport_introspection_c/xarm_msgs/srv/detail/linear_motor_back_origin__type_support.c.o[0m
[28.683s] [ 63%] [32mBuilding CXX object CMakeFiles/xarm_msgs__rosidl_typesupport_fastrtps_cpp.dir/rosidl_typesupport_fastrtps_cpp/xarm_msgs/srv/detail/dds_fastrtps/bio_gripper_enable__type_support.cpp.o[0m
[28.752s] [ 64%] [32mBuilding C object CMakeFiles/xarm_msgs__rosidl_typesupport_introspection_c.dir/rosidl_typesupport_introspection_c/xarm_msgs/srv/detail/linear_motor_set_pos__type_support.c.o[0m
[28.765s] [ 64%] [32mBuilding CXX object CMakeFiles/xarm_msgs__rosidl_typesupport_cpp.dir/rosidl_typesupport_cpp/xarm_msgs/srv/linear_track_set_pos__type_support.cpp.o[0m
[28.773s] [ 64%] [32mBuilding CXX object CMakeFiles/xarm_msgs__rosidl_typesupport_fastrtps_c.dir/rosidl_typesupport_fastrtps_c/xarm_msgs/msg/detail/cio_state__type_support_c.cpp.o[0m
[28.807s] [ 64%] [32mBuilding C object CMakeFiles/xarm_msgs__rosidl_typesupport_introspection_c.dir/rosidl_typesupport_introspection_c/xarm_msgs/srv/detail/plan_exec__type_support.c.o[0m
[28.841s] [ 64%] [32mBuilding CXX object CMakeFiles/xarm_msgs__rosidl_typesupport_introspection_cpp.dir/rosidl_typesupport_introspection_cpp/xarm_msgs/srv/detail/set_float32_list__type_support.cpp.o[0m
[28.879s] [ 64%] [32mBuilding CXX object CMakeFiles/xarm_msgs__rosidl_typesupport_introspection_cpp.dir/rosidl_typesupport_introspection_cpp/xarm_msgs/srv/detail/set_int16__type_support.cpp.o[0m
[28.881s] [ 65%] [32mBuilding CXX object CMakeFiles/xarm_msgs__rosidl_typesupport_fastrtps_c.dir/rosidl_typesupport_fastrtps_c/xarm_msgs/msg/detail/move_velocity__type_support_c.cpp.o[0m
[28.927s] [ 65%] [32mBuilding C object CMakeFiles/xarm_msgs__rosidl_typesupport_introspection_c.dir/rosidl_typesupport_introspection_c/xarm_msgs/srv/detail/plan_joint__type_support.c.o[0m
[28.965s] [ 65%] [32mBuilding CXX object CMakeFiles/xarm_msgs__rosidl_typesupport_fastrtps_cpp.dir/rosidl_typesupport_fastrtps_cpp/xarm_msgs/srv/detail/dds_fastrtps/call__type_support.cpp.o[0m
[28.965s] [ 65%] [32mBuilding CXX object CMakeFiles/xarm_msgs__rosidl_typesupport_fastrtps_c.dir/rosidl_typesupport_fastrtps_c/xarm_msgs/srv/detail/bio_gripper_ctrl__type_support_c.cpp.o[0m
[29.031s] [ 65%] [32mBuilding C object CMakeFiles/xarm_msgs__rosidl_typesupport_introspection_c.dir/rosidl_typesupport_introspection_c/xarm_msgs/srv/detail/plan_pose__type_support.c.o[0m
[29.058s] [ 65%] [32mBuilding CXX object CMakeFiles/xarm_msgs__rosidl_typesupport_fastrtps_c.dir/rosidl_typesupport_fastrtps_c/xarm_msgs/srv/detail/bio_gripper_enable__type_support_c.cpp.o[0m
[29.073s] [ 65%] [32mBuilding CXX object CMakeFiles/xarm_msgs__rosidl_typesupport_fastrtps_cpp.dir/rosidl_typesupport_fastrtps_cpp/xarm_msgs/srv/detail/dds_fastrtps/get_analog_io__type_support.cpp.o[0m
[29.132s] [ 65%] [32mBuilding C object CMakeFiles/xarm_msgs__rosidl_typesupport_introspection_c.dir/rosidl_typesupport_introspection_c/xarm_msgs/srv/detail/plan_single_straight__type_support.c.o[0m
[29.186s] [ 65%] [32mBuilding CXX object CMakeFiles/xarm_msgs__rosidl_typesupport_introspection_cpp.dir/rosidl_typesupport_introspection_cpp/xarm_msgs/srv/detail/set_int16_by_id__type_support.cpp.o[0m
[29.246s] [ 66%] [32mBuilding C object CMakeFiles/xarm_msgs__rosidl_typesupport_introspection_c.dir/rosidl_typesupport_introspection_c/xarm_msgs/srv/detail/ft_force_config__type_support.c.o[0m
[29.328s] [ 67%] [32m[1mLinking CXX shared library libxarm_msgs__rosidl_typesupport_cpp.so[0m
[29.389s] [ 67%] [32mBuilding C object CMakeFiles/xarm_msgs__rosidl_typesupport_introspection_c.dir/rosidl_typesupport_introspection_c/xarm_msgs/srv/detail/ft_force_pid__type_support.c.o[0m
[29.425s] [ 67%] [32mBuilding CXX object CMakeFiles/xarm_msgs__rosidl_typesupport_fastrtps_c.dir/rosidl_typesupport_fastrtps_c/xarm_msgs/srv/detail/call__type_support_c.cpp.o[0m
[29.530s] [ 67%] [32mBuilding C object CMakeFiles/xarm_msgs__rosidl_typesupport_introspection_c.dir/rosidl_typesupport_introspection_c/xarm_msgs/srv/detail/ft_impedance__type_support.c.o[0m
[29.531s] [ 67%] Built target xarm_msgs__rosidl_typesupport_cpp
[29.553s] [ 67%] [32mBuilding CXX object CMakeFiles/xarm_msgs__rosidl_typesupport_fastrtps_cpp.dir/rosidl_typesupport_fastrtps_cpp/xarm_msgs/srv/detail/dds_fastrtps/get_digital_io__type_support.cpp.o[0m
[29.575s] [ 67%] [32mBuilding CXX object CMakeFiles/xarm_msgs__rosidl_typesupport_introspection_cpp.dir/rosidl_typesupport_introspection_cpp/xarm_msgs/srv/detail/set_int16_list__type_support.cpp.o[0m
[29.590s] [ 67%] [32mBuilding C object CMakeFiles/xarm_msgs__rosidl_typesupport_introspection_c.dir/rosidl_typesupport_introspection_c/xarm_msgs/srv/detail/linear_track_back_origin__type_support.c.o[0m
[29.614s] [ 67%] [32mBuilding CXX object CMakeFiles/xarm_msgs__rosidl_typesupport_fastrtps_cpp.dir/rosidl_typesupport_fastrtps_cpp/xarm_msgs/srv/detail/dds_fastrtps/get_float32__type_support.cpp.o[0m
[29.663s] [ 67%] [32mBuilding C object CMakeFiles/xarm_msgs__rosidl_typesupport_introspection_c.dir/rosidl_typesupport_introspection_c/xarm_msgs/srv/detail/linear_track_set_pos__type_support.c.o[0m
[29.700s] [ 67%] [32mBuilding CXX object CMakeFiles/xarm_msgs__rosidl_typesupport_introspection_cpp.dir/rosidl_typesupport_introspection_cpp/xarm_msgs/srv/detail/set_int32__type_support.cpp.o[0m
[29.739s] [ 67%] [32mBuilding CXX object CMakeFiles/xarm_msgs__rosidl_typesupport_fastrtps_c.dir/rosidl_typesupport_fastrtps_c/xarm_msgs/srv/detail/get_analog_io__type_support_c.cpp.o[0m
[29.741s] [ 68%] [32mBuilding CXX object CMakeFiles/xarm_msgs__rosidl_typesupport_fastrtps_cpp.dir/rosidl_typesupport_fastrtps_cpp/xarm_msgs/srv/detail/dds_fastrtps/get_float32_list__type_support.cpp.o[0m
[29.760s] [ 68%] [32m[1mLinking C shared library libxarm_msgs__rosidl_typesupport_introspection_c.so[0m
[29.840s] [ 69%] [32mBuilding CXX object CMakeFiles/xarm_msgs__rosidl_typesupport_introspection_cpp.dir/rosidl_typesupport_introspection_cpp/xarm_msgs/srv/detail/set_int32_by_type__type_support.cpp.o[0m
[29.860s] [ 69%] Built target xarm_msgs__rosidl_typesupport_introspection_c
[29.873s] [ 69%] [32mBuilding CXX object CMakeFiles/xarm_msgs__rosidl_typesupport_fastrtps_c.dir/rosidl_typesupport_fastrtps_c/xarm_msgs/srv/detail/get_digital_io__type_support_c.cpp.o[0m
[29.895s] [ 69%] [32mBuilding CXX object CMakeFiles/xarm_msgs__rosidl_typesupport_fastrtps_cpp.dir/rosidl_typesupport_fastrtps_cpp/xarm_msgs/srv/detail/dds_fastrtps/get_int16__type_support.cpp.o[0m
[29.957s] [ 69%] [32mBuilding CXX object CMakeFiles/xarm_msgs__rosidl_typesupport_introspection_cpp.dir/rosidl_typesupport_introspection_cpp/xarm_msgs/srv/detail/traj_ctrl__type_support.cpp.o[0m
[30.069s] [ 70%] [32mBuilding CXX object CMakeFiles/xarm_msgs__rosidl_typesupport_fastrtps_c.dir/rosidl_typesupport_fastrtps_c/xarm_msgs/srv/detail/get_float32__type_support_c.cpp.o[0m
[30.238s] [ 70%] [32mBuilding CXX object CMakeFiles/xarm_msgs__rosidl_typesupport_introspection_cpp.dir/rosidl_typesupport_introspection_cpp/xarm_msgs/srv/detail/traj_play__type_support.cpp.o[0m
[30.406s] [ 70%] [32mBuilding CXX object CMakeFiles/xarm_msgs__rosidl_typesupport_fastrtps_cpp.dir/rosidl_typesupport_fastrtps_cpp/xarm_msgs/srv/detail/dds_fastrtps/get_int16_list__type_support.cpp.o[0m
[30.428s] [ 70%] [32mBuilding CXX object CMakeFiles/xarm_msgs__rosidl_typesupport_fastrtps_c.dir/rosidl_typesupport_fastrtps_c/xarm_msgs/srv/detail/get_float32_list__type_support_c.cpp.o[0m
[30.493s] [ 70%] [32mBuilding CXX object CMakeFiles/xarm_msgs__rosidl_typesupport_fastrtps_cpp.dir/rosidl_typesupport_fastrtps_cpp/xarm_msgs/srv/detail/dds_fastrtps/get_int32__type_support.cpp.o[0m
[30.516s] [ 70%] [32mBuilding CXX object CMakeFiles/xarm_msgs__rosidl_typesupport_fastrtps_c.dir/rosidl_typesupport_fastrtps_c/xarm_msgs/srv/detail/get_int16__type_support_c.cpp.o[0m
[30.564s] [ 70%] [32mBuilding CXX object CMakeFiles/xarm_msgs__rosidl_typesupport_fastrtps_c.dir/rosidl_typesupport_fastrtps_c/xarm_msgs/srv/detail/get_int16_list__type_support_c.cpp.o[0m
[30.617s] [ 70%] [32mBuilding CXX object CMakeFiles/xarm_msgs__rosidl_typesupport_introspection_cpp.dir/rosidl_typesupport_introspection_cpp/xarm_msgs/srv/detail/vacuum_gripper_ctrl__type_support.cpp.o[0m
[30.673s] [ 70%] [32mBuilding CXX object CMakeFiles/xarm_msgs__rosidl_typesupport_fastrtps_c.dir/rosidl_typesupport_fastrtps_c/xarm_msgs/srv/detail/get_int32__type_support_c.cpp.o[0m
[30.675s] [ 70%] [32mBuilding CXX object CMakeFiles/xarm_msgs__rosidl_typesupport_fastrtps_cpp.dir/rosidl_typesupport_fastrtps_cpp/xarm_msgs/srv/detail/dds_fastrtps/get_int32_by_type__type_support.cpp.o[0m
[30.812s] [ 70%] [32mBuilding CXX object CMakeFiles/xarm_msgs__rosidl_typesupport_introspection_cpp.dir/rosidl_typesupport_introspection_cpp/xarm_msgs/srv/detail/set_tcp_load__type_support.cpp.o[0m
[30.819s] [ 71%] [32mBuilding CXX object CMakeFiles/xarm_msgs__rosidl_typesupport_introspection_cpp.dir/rosidl_typesupport_introspection_cpp/xarm_msgs/srv/detail/set_modbus_timeout__type_support.cpp.o[0m
[30.934s] [ 71%] [32mBuilding CXX object CMakeFiles/xarm_msgs__rosidl_typesupport_fastrtps_c.dir/rosidl_typesupport_fastrtps_c/xarm_msgs/srv/detail/get_int32_by_type__type_support_c.cpp.o[0m
[31.084s] [ 72%] [32mBuilding CXX object CMakeFiles/xarm_msgs__rosidl_typesupport_fastrtps_cpp.dir/rosidl_typesupport_fastrtps_cpp/xarm_msgs/srv/detail/dds_fastrtps/get_set_modbus_data__type_support.cpp.o[0m
[31.191s] [ 72%] [32mBuilding CXX object CMakeFiles/xarm_msgs__rosidl_typesupport_fastrtps_cpp.dir/rosidl_typesupport_fastrtps_cpp/xarm_msgs/srv/detail/dds_fastrtps/gripper_move__type_support.cpp.o[0m
[31.323s] [ 73%] [32mBuilding CXX object CMakeFiles/xarm_msgs__rosidl_typesupport_fastrtps_c.dir/rosidl_typesupport_fastrtps_c/xarm_msgs/srv/detail/get_set_modbus_data__type_support_c.cpp.o[0m
[31.339s] [ 73%] [32mBuilding CXX object CMakeFiles/xarm_msgs__rosidl_typesupport_introspection_cpp.dir/rosidl_typesupport_introspection_cpp/xarm_msgs/srv/detail/iden_load__type_support.cpp.o[0m
[31.340s] [ 73%] [32mBuilding CXX object CMakeFiles/xarm_msgs__rosidl_typesupport_fastrtps_cpp.dir/rosidl_typesupport_fastrtps_cpp/xarm_msgs/srv/detail/dds_fastrtps/move_cartesian__type_support.cpp.o[0m
[31.470s] [ 73%] [32mBuilding CXX object CMakeFiles/xarm_msgs__rosidl_typesupport_fastrtps_c.dir/rosidl_typesupport_fastrtps_c/xarm_msgs/srv/detail/gripper_move__type_support_c.cpp.o[0m
[31.476s] [ 73%] [32mBuilding CXX object CMakeFiles/xarm_msgs__rosidl_typesupport_fastrtps_cpp.dir/rosidl_typesupport_fastrtps_cpp/xarm_msgs/srv/detail/dds_fastrtps/move_circle__type_support.cpp.o[0m
[31.483s] [ 73%] [32mBuilding CXX object CMakeFiles/xarm_msgs__rosidl_typesupport_introspection_cpp.dir/rosidl_typesupport_introspection_cpp/xarm_msgs/srv/detail/ft_cali_load__type_support.cpp.o[0m
[31.567s] [ 73%] [32mBuilding CXX object CMakeFiles/xarm_msgs__rosidl_typesupport_fastrtps_cpp.dir/rosidl_typesupport_fastrtps_cpp/xarm_msgs/srv/detail/dds_fastrtps/move_home__type_support.cpp.o[0m
[31.612s] [ 73%] [32mBuilding CXX object CMakeFiles/xarm_msgs__rosidl_typesupport_fastrtps_c.dir/rosidl_typesupport_fastrtps_c/xarm_msgs/srv/detail/move_cartesian__type_support_c.cpp.o[0m
[31.670s] [ 73%] [32mBuilding CXX object CMakeFiles/xarm_msgs__rosidl_typesupport_introspection_cpp.dir/rosidl_typesupport_introspection_cpp/xarm_msgs/srv/detail/ft_force_params__type_support.cpp.o[0m
[31.725s] [ 73%] [32mBuilding CXX object CMakeFiles/xarm_msgs__rosidl_typesupport_fastrtps_c.dir/rosidl_typesupport_fastrtps_c/xarm_msgs/srv/detail/move_circle__type_support_c.cpp.o[0m
[32.116s] [ 73%] [32mBuilding CXX object CMakeFiles/xarm_msgs__rosidl_typesupport_fastrtps_cpp.dir/rosidl_typesupport_fastrtps_cpp/xarm_msgs/srv/detail/dds_fastrtps/move_joint__type_support.cpp.o[0m
[32.122s] [ 74%] [32mBuilding CXX object CMakeFiles/xarm_msgs__rosidl_typesupport_fastrtps_cpp.dir/rosidl_typesupport_fastrtps_cpp/xarm_msgs/srv/detail/dds_fastrtps/move_velocity__type_support.cpp.o[0m
[32.158s] [ 74%] [32mBuilding CXX object CMakeFiles/xarm_msgs__rosidl_typesupport_fastrtps_c.dir/rosidl_typesupport_fastrtps_c/xarm_msgs/srv/detail/move_home__type_support_c.cpp.o[0m
[32.248s] [ 74%] [32mBuilding CXX object CMakeFiles/xarm_msgs__rosidl_typesupport_fastrtps_cpp.dir/rosidl_typesupport_fastrtps_cpp/xarm_msgs/srv/detail/dds_fastrtps/robotiq_activate__type_support.cpp.o[0m
[32.255s] [ 74%] [32mBuilding CXX object CMakeFiles/xarm_msgs__rosidl_typesupport_introspection_cpp.dir/rosidl_typesupport_introspection_cpp/xarm_msgs/srv/detail/ft_admittance_params__type_support.cpp.o[0m
[32.288s] [ 74%] [32mBuilding CXX object CMakeFiles/xarm_msgs__rosidl_typesupport_fastrtps_c.dir/rosidl_typesupport_fastrtps_c/xarm_msgs/srv/detail/move_joint__type_support_c.cpp.o[0m
[32.454s] [ 74%] [32mBuilding CXX object CMakeFiles/xarm_msgs__rosidl_typesupport_fastrtps_cpp.dir/rosidl_typesupport_fastrtps_cpp/xarm_msgs/srv/detail/dds_fastrtps/robotiq_get_status__type_support.cpp.o[0m
[32.553s] [ 74%] [32mBuilding CXX object CMakeFiles/xarm_msgs__rosidl_typesupport_introspection_cpp.dir/rosidl_typesupport_introspection_cpp/xarm_msgs/srv/detail/linear_motor_back_origin__type_support.cpp.o[0m
[32.588s] [ 75%] [32mBuilding CXX object CMakeFiles/xarm_msgs__rosidl_typesupport_fastrtps_c.dir/rosidl_typesupport_fastrtps_c/xarm_msgs/srv/detail/move_velocity__type_support_c.cpp.o[0m
[32.620s] [ 76%] [32mBuilding CXX object CMakeFiles/xarm_msgs__rosidl_typesupport_introspection_cpp.dir/rosidl_typesupport_introspection_cpp/xarm_msgs/srv/detail/linear_motor_set_pos__type_support.cpp.o[0m
[32.683s] [ 76%] [32mBuilding CXX object CMakeFiles/xarm_msgs__rosidl_typesupport_fastrtps_c.dir/rosidl_typesupport_fastrtps_c/xarm_msgs/srv/detail/robotiq_activate__type_support_c.cpp.o[0m
[32.787s] [ 76%] [32mBuilding CXX object CMakeFiles/xarm_msgs__rosidl_typesupport_fastrtps_cpp.dir/rosidl_typesupport_fastrtps_cpp/xarm_msgs/srv/detail/dds_fastrtps/robotiq_move__type_support.cpp.o[0m
[32.962s] [ 76%] [32mBuilding CXX object CMakeFiles/xarm_msgs__rosidl_typesupport_introspection_cpp.dir/rosidl_typesupport_introspection_cpp/xarm_msgs/srv/detail/plan_exec__type_support.cpp.o[0m
[33.217s] [ 76%] [32mBuilding CXX object CMakeFiles/xarm_msgs__rosidl_typesupport_fastrtps_cpp.dir/rosidl_typesupport_fastrtps_cpp/xarm_msgs/srv/detail/dds_fastrtps/robotiq_reset__type_support.cpp.o[0m
[33.234s] [ 76%] [32mBuilding CXX object CMakeFiles/xarm_msgs__rosidl_typesupport_fastrtps_c.dir/rosidl_typesupport_fastrtps_c/xarm_msgs/srv/detail/robotiq_get_status__type_support_c.cpp.o[0m
[33.238s] [ 76%] [32mBuilding CXX object CMakeFiles/xarm_msgs__rosidl_typesupport_fastrtps_c.dir/rosidl_typesupport_fastrtps_c/xarm_msgs/srv/detail/robotiq_move__type_support_c.cpp.o[0m
[33.252s] [ 76%] [32mBuilding CXX object CMakeFiles/xarm_msgs__rosidl_typesupport_introspection_cpp.dir/rosidl_typesupport_introspection_cpp/xarm_msgs/srv/detail/plan_joint__type_support.cpp.o[0m
[33.293s] [ 76%] [32mBuilding CXX object CMakeFiles/xarm_msgs__rosidl_typesupport_fastrtps_c.dir/rosidl_typesupport_fastrtps_c/xarm_msgs/srv/detail/robotiq_reset__type_support_c.cpp.o[0m
[33.337s] [ 77%] [32mBuilding CXX object CMakeFiles/xarm_msgs__rosidl_typesupport_fastrtps_c.dir/rosidl_typesupport_fastrtps_c/xarm_msgs/srv/detail/set_analog_io__type_support_c.cpp.o[0m
[33.343s] [ 77%] [32mBuilding CXX object CMakeFiles/xarm_msgs__rosidl_typesupport_introspection_cpp.dir/rosidl_typesupport_introspection_cpp/xarm_msgs/srv/detail/plan_pose__type_support.cpp.o[0m
[33.411s] [ 77%] [32mBuilding CXX object CMakeFiles/xarm_msgs__rosidl_typesupport_introspection_cpp.dir/rosidl_typesupport_introspection_cpp/xarm_msgs/srv/detail/plan_single_straight__type_support.cpp.o[0m
[33.453s] [ 77%] [32mBuilding CXX object CMakeFiles/xarm_msgs__rosidl_typesupport_fastrtps_cpp.dir/rosidl_typesupport_fastrtps_cpp/xarm_msgs/srv/detail/dds_fastrtps/set_analog_io__type_support.cpp.o[0m
[33.493s] [ 77%] [32mBuilding CXX object CMakeFiles/xarm_msgs__rosidl_typesupport_fastrtps_c.dir/rosidl_typesupport_fastrtps_c/xarm_msgs/srv/detail/set_digital_io__type_support_c.cpp.o[0m
[33.511s] [ 78%] [32mBuilding CXX object CMakeFiles/xarm_msgs__rosidl_typesupport_fastrtps_cpp.dir/rosidl_typesupport_fastrtps_cpp/xarm_msgs/srv/detail/dds_fastrtps/set_digital_io__type_support.cpp.o[0m
[33.890s] [ 78%] [32mBuilding CXX object CMakeFiles/xarm_msgs__rosidl_typesupport_fastrtps_c.dir/rosidl_typesupport_fastrtps_c/xarm_msgs/srv/detail/set_float32__type_support_c.cpp.o[0m
[33.927s] [ 78%] [32mBuilding CXX object CMakeFiles/xarm_msgs__rosidl_typesupport_fastrtps_c.dir/rosidl_typesupport_fastrtps_c/xarm_msgs/srv/detail/set_float32_list__type_support_c.cpp.o[0m
[33.981s] [ 78%] [32mBuilding CXX object CMakeFiles/xarm_msgs__rosidl_typesupport_fastrtps_cpp.dir/rosidl_typesupport_fastrtps_cpp/xarm_msgs/srv/detail/dds_fastrtps/set_float32__type_support.cpp.o[0m
[34.024s] [ 78%] [32mBuilding CXX object CMakeFiles/xarm_msgs__rosidl_typesupport_introspection_cpp.dir/rosidl_typesupport_introspection_cpp/xarm_msgs/srv/detail/ft_force_config__type_support.cpp.o[0m
[34.072s] [ 78%] [32mBuilding CXX object CMakeFiles/xarm_msgs__rosidl_typesupport_fastrtps_cpp.dir/rosidl_typesupport_fastrtps_cpp/xarm_msgs/srv/detail/dds_fastrtps/set_float32_list__type_support.cpp.o[0m
[34.082s] [ 78%] [32mBuilding CXX object CMakeFiles/xarm_msgs__rosidl_typesupport_fastrtps_cpp.dir/rosidl_typesupport_fastrtps_cpp/xarm_msgs/srv/detail/dds_fastrtps/set_int16__type_support.cpp.o[0m
[34.113s] [ 79%] [32mBuilding CXX object CMakeFiles/xarm_msgs__rosidl_typesupport_introspection_cpp.dir/rosidl_typesupport_introspection_cpp/xarm_msgs/srv/detail/ft_force_pid__type_support.cpp.o[0m
[34.124s] [ 79%] [32mBuilding CXX object CMakeFiles/xarm_msgs__rosidl_typesupport_fastrtps_c.dir/rosidl_typesupport_fastrtps_c/xarm_msgs/srv/detail/set_int16__type_support_c.cpp.o[0m
[34.273s] [ 79%] [32mBuilding CXX object CMakeFiles/xarm_msgs__rosidl_typesupport_fastrtps_cpp.dir/rosidl_typesupport_fastrtps_cpp/xarm_msgs/srv/detail/dds_fastrtps/set_int16_by_id__type_support.cpp.o[0m
[34.298s] [ 79%] [32mBuilding CXX object CMakeFiles/xarm_msgs__rosidl_typesupport_introspection_cpp.dir/rosidl_typesupport_introspection_cpp/xarm_msgs/srv/detail/ft_impedance__type_support.cpp.o[0m
[34.585s] [ 79%] [32mBuilding CXX object CMakeFiles/xarm_msgs__rosidl_typesupport_fastrtps_c.dir/rosidl_typesupport_fastrtps_c/xarm_msgs/srv/detail/set_int16_by_id__type_support_c.cpp.o[0m
[34.641s] [ 79%] [32mBuilding CXX object CMakeFiles/xarm_msgs__rosidl_typesupport_introspection_cpp.dir/rosidl_typesupport_introspection_cpp/xarm_msgs/srv/detail/linear_track_back_origin__type_support.cpp.o[0m
[34.650s] [ 79%] [32mBuilding CXX object CMakeFiles/xarm_msgs__rosidl_typesupport_introspection_cpp.dir/rosidl_typesupport_introspection_cpp/xarm_msgs/srv/detail/linear_track_set_pos__type_support.cpp.o[0m
[34.684s] [ 79%] [32mBuilding CXX object CMakeFiles/xarm_msgs__rosidl_typesupport_fastrtps_cpp.dir/rosidl_typesupport_fastrtps_cpp/xarm_msgs/srv/detail/dds_fastrtps/set_int16_list__type_support.cpp.o[0m
[34.909s] [ 80%] [32mBuilding CXX object CMakeFiles/xarm_msgs__rosidl_typesupport_fastrtps_cpp.dir/rosidl_typesupport_fastrtps_cpp/xarm_msgs/srv/detail/dds_fastrtps/set_int32__type_support.cpp.o[0m
[34.958s] [ 81%] [32mBuilding CXX object CMakeFiles/xarm_msgs__rosidl_typesupport_fastrtps_c.dir/rosidl_typesupport_fastrtps_c/xarm_msgs/srv/detail/set_int16_list__type_support_c.cpp.o[0m
[35.043s] [ 81%] [32mBuilding CXX object CMakeFiles/xarm_msgs__rosidl_typesupport_fastrtps_cpp.dir/rosidl_typesupport_fastrtps_cpp/xarm_msgs/srv/detail/dds_fastrtps/set_int32_by_type__type_support.cpp.o[0m
[35.086s] [ 81%] [32mBuilding CXX object CMakeFiles/xarm_msgs__rosidl_typesupport_fastrtps_c.dir/rosidl_typesupport_fastrtps_c/xarm_msgs/srv/detail/set_int32__type_support_c.cpp.o[0m
[35.140s] [ 81%] [32mBuilding CXX object CMakeFiles/xarm_msgs__rosidl_typesupport_fastrtps_c.dir/rosidl_typesupport_fastrtps_c/xarm_msgs/srv/detail/set_int32_by_type__type_support_c.cpp.o[0m
[35.239s] [ 81%] [32mBuilding CXX object CMakeFiles/xarm_msgs__rosidl_typesupport_fastrtps_c.dir/rosidl_typesupport_fastrtps_c/xarm_msgs/srv/detail/traj_ctrl__type_support_c.cpp.o[0m
[35.268s] [ 81%] [32mBuilding CXX object CMakeFiles/xarm_msgs__rosidl_typesupport_fastrtps_c.dir/rosidl_typesupport_fastrtps_c/xarm_msgs/srv/detail/traj_play__type_support_c.cpp.o[0m
[35.272s] [ 81%] [32mBuilding CXX object CMakeFiles/xarm_msgs__rosidl_typesupport_fastrtps_cpp.dir/rosidl_typesupport_fastrtps_cpp/xarm_msgs/srv/detail/dds_fastrtps/traj_ctrl__type_support.cpp.o[0m
[35.314s] [ 81%] [32mBuilding CXX object CMakeFiles/xarm_msgs__rosidl_typesupport_fastrtps_c.dir/rosidl_typesupport_fastrtps_c/xarm_msgs/srv/detail/vacuum_gripper_ctrl__type_support_c.cpp.o[0m
[35.354s] [ 82%] [32mBuilding CXX object CMakeFiles/xarm_msgs__rosidl_typesupport_fastrtps_c.dir/rosidl_typesupport_fastrtps_c/xarm_msgs/srv/detail/set_tcp_load__type_support_c.cpp.o[0m
[35.388s] [ 82%] [32m[1mLinking CXX shared library libxarm_msgs__rosidl_typesupport_introspection_cpp.so[0m
[35.602s] [ 82%] Built target xarm_msgs__rosidl_typesupport_introspection_cpp
[35.616s] [ 82%] [32mBuilding CXX object CMakeFiles/xarm_msgs__rosidl_typesupport_fastrtps_cpp.dir/rosidl_typesupport_fastrtps_cpp/xarm_msgs/srv/detail/dds_fastrtps/traj_play__type_support.cpp.o[0m
[35.741s] [ 82%] [32mBuilding CXX object CMakeFiles/xarm_msgs__rosidl_typesupport_fastrtps_cpp.dir/rosidl_typesupport_fastrtps_cpp/xarm_msgs/srv/detail/dds_fastrtps/vacuum_gripper_ctrl__type_support.cpp.o[0m
[35.842s] [ 83%] [32mBuilding CXX object CMakeFiles/xarm_msgs__rosidl_typesupport_fastrtps_cpp.dir/rosidl_typesupport_fastrtps_cpp/xarm_msgs/srv/detail/dds_fastrtps/set_tcp_load__type_support.cpp.o[0m
[35.861s] [ 83%] [32mBuilding CXX object CMakeFiles/xarm_msgs__rosidl_typesupport_fastrtps_c.dir/rosidl_typesupport_fastrtps_c/xarm_msgs/srv/detail/set_modbus_timeout__type_support_c.cpp.o[0m
[35.912s] [ 83%] [32mBuilding CXX object CMakeFiles/xarm_msgs__rosidl_typesupport_fastrtps_cpp.dir/rosidl_typesupport_fastrtps_cpp/xarm_msgs/srv/detail/dds_fastrtps/set_modbus_timeout__type_support.cpp.o[0m
[35.929s] [ 83%] [32mBuilding CXX object CMakeFiles/xarm_msgs__rosidl_typesupport_fastrtps_cpp.dir/rosidl_typesupport_fastrtps_cpp/xarm_msgs/srv/detail/dds_fastrtps/iden_load__type_support.cpp.o[0m
[36.023s] [ 83%] [32mBuilding CXX object CMakeFiles/xarm_msgs__rosidl_typesupport_fastrtps_cpp.dir/rosidl_typesupport_fastrtps_cpp/xarm_msgs/srv/detail/dds_fastrtps/ft_cali_load__type_support.cpp.o[0m
[36.023s] [ 83%] [32mBuilding CXX object CMakeFiles/xarm_msgs__rosidl_typesupport_fastrtps_c.dir/rosidl_typesupport_fastrtps_c/xarm_msgs/srv/detail/iden_load__type_support_c.cpp.o[0m
[36.053s] [ 83%] [32mBuilding CXX object CMakeFiles/xarm_msgs__rosidl_typesupport_fastrtps_cpp.dir/rosidl_typesupport_fastrtps_cpp/xarm_msgs/srv/detail/dds_fastrtps/ft_force_params__type_support.cpp.o[0m
[36.147s] [ 83%] [32mBuilding CXX object CMakeFiles/xarm_msgs__rosidl_typesupport_fastrtps_cpp.dir/rosidl_typesupport_fastrtps_cpp/xarm_msgs/srv/detail/dds_fastrtps/ft_admittance_params__type_support.cpp.o[0m
[36.157s] [ 84%] [32mBuilding CXX object CMakeFiles/xarm_msgs__rosidl_typesupport_fastrtps_cpp.dir/rosidl_typesupport_fastrtps_cpp/xarm_msgs/srv/detail/dds_fastrtps/linear_motor_back_origin__type_support.cpp.o[0m
[36.309s] [ 84%] [32mBuilding CXX object CMakeFiles/xarm_msgs__rosidl_typesupport_fastrtps_c.dir/rosidl_typesupport_fastrtps_c/xarm_msgs/srv/detail/ft_cali_load__type_support_c.cpp.o[0m
[36.645s] [ 84%] [32mBuilding CXX object CMakeFiles/xarm_msgs__rosidl_typesupport_fastrtps_cpp.dir/rosidl_typesupport_fastrtps_cpp/xarm_msgs/srv/detail/dds_fastrtps/linear_motor_set_pos__type_support.cpp.o[0m
[36.778s] [ 84%] [32mBuilding CXX object CMakeFiles/xarm_msgs__rosidl_typesupport_fastrtps_cpp.dir/rosidl_typesupport_fastrtps_cpp/xarm_msgs/srv/detail/dds_fastrtps/plan_exec__type_support.cpp.o[0m
[36.784s] [ 84%] [32mBuilding CXX object CMakeFiles/xarm_msgs__rosidl_typesupport_fastrtps_c.dir/rosidl_typesupport_fastrtps_c/xarm_msgs/srv/detail/ft_force_params__type_support_c.cpp.o[0m
[36.788s] [ 84%] [32mBuilding CXX object CMakeFiles/xarm_msgs__rosidl_typesupport_fastrtps_cpp.dir/rosidl_typesupport_fastrtps_cpp/xarm_msgs/srv/detail/dds_fastrtps/plan_joint__type_support.cpp.o[0m
[36.908s] [ 84%] [32mBuilding CXX object CMakeFiles/xarm_msgs__rosidl_typesupport_fastrtps_c.dir/rosidl_typesupport_fastrtps_c/xarm_msgs/srv/detail/ft_admittance_params__type_support_c.cpp.o[0m
[37.001s] [ 85%] [32mBuilding CXX object CMakeFiles/xarm_msgs__rosidl_typesupport_fastrtps_c.dir/rosidl_typesupport_fastrtps_c/xarm_msgs/srv/detail/linear_motor_back_origin__type_support_c.cpp.o[0m
[37.054s] [ 85%] [32mBuilding CXX object CMakeFiles/xarm_msgs__rosidl_typesupport_fastrtps_c.dir/rosidl_typesupport_fastrtps_c/xarm_msgs/srv/detail/linear_motor_set_pos__type_support_c.cpp.o[0m
[37.088s] [ 85%] [32mBuilding CXX object CMakeFiles/xarm_msgs__rosidl_typesupport_fastrtps_cpp.dir/rosidl_typesupport_fastrtps_cpp/xarm_msgs/srv/detail/dds_fastrtps/plan_pose__type_support.cpp.o[0m
[37.144s] [ 85%] [32mBuilding CXX object CMakeFiles/xarm_msgs__rosidl_typesupport_fastrtps_c.dir/rosidl_typesupport_fastrtps_c/xarm_msgs/srv/detail/plan_exec__type_support_c.cpp.o[0m
[37.245s] [ 85%] [32mBuilding CXX object CMakeFiles/xarm_msgs__rosidl_typesupport_fastrtps_c.dir/rosidl_typesupport_fastrtps_c/xarm_msgs/srv/detail/plan_joint__type_support_c.cpp.o[0m
[37.446s] [ 85%] [32mBuilding CXX object CMakeFiles/xarm_msgs__rosidl_typesupport_fastrtps_cpp.dir/rosidl_typesupport_fastrtps_cpp/xarm_msgs/srv/detail/dds_fastrtps/plan_single_straight__type_support.cpp.o[0m
[37.500s] [ 85%] [32mBuilding CXX object CMakeFiles/xarm_msgs__rosidl_typesupport_fastrtps_c.dir/rosidl_typesupport_fastrtps_c/xarm_msgs/srv/detail/plan_pose__type_support_c.cpp.o[0m
[37.623s] [ 86%] [32mBuilding CXX object CMakeFiles/xarm_msgs__rosidl_typesupport_fastrtps_cpp.dir/rosidl_typesupport_fastrtps_cpp/xarm_msgs/srv/detail/dds_fastrtps/ft_force_config__type_support.cpp.o[0m
[37.676s] [ 86%] [32mBuilding CXX object CMakeFiles/xarm_msgs__rosidl_typesupport_fastrtps_cpp.dir/rosidl_typesupport_fastrtps_cpp/xarm_msgs/srv/detail/dds_fastrtps/ft_force_pid__type_support.cpp.o[0m
[37.721s] [ 86%] [32mBuilding CXX object CMakeFiles/xarm_msgs__rosidl_typesupport_fastrtps_cpp.dir/rosidl_typesupport_fastrtps_cpp/xarm_msgs/srv/detail/dds_fastrtps/ft_impedance__type_support.cpp.o[0m
[37.758s] [ 86%] [32mBuilding CXX object CMakeFiles/xarm_msgs__rosidl_typesupport_fastrtps_cpp.dir/rosidl_typesupport_fastrtps_cpp/xarm_msgs/srv/detail/dds_fastrtps/linear_track_back_origin__type_support.cpp.o[0m
[37.769s] [ 87%] [32mBuilding CXX object CMakeFiles/xarm_msgs__rosidl_typesupport_fastrtps_c.dir/rosidl_typesupport_fastrtps_c/xarm_msgs/srv/detail/plan_single_straight__type_support_c.cpp.o[0m
[37.842s] [ 87%] [32mBuilding CXX object CMakeFiles/xarm_msgs__rosidl_typesupport_fastrtps_cpp.dir/rosidl_typesupport_fastrtps_cpp/xarm_msgs/srv/detail/dds_fastrtps/linear_track_set_pos__type_support.cpp.o[0m
[37.850s] [ 87%] [32mBuilding CXX object CMakeFiles/xarm_msgs__rosidl_typesupport_fastrtps_c.dir/rosidl_typesupport_fastrtps_c/xarm_msgs/srv/detail/ft_force_config__type_support_c.cpp.o[0m
[37.915s] [ 87%] [32mBuilding CXX object CMakeFiles/xarm_msgs__rosidl_typesupport_fastrtps_c.dir/rosidl_typesupport_fastrtps_c/xarm_msgs/srv/detail/ft_force_pid__type_support_c.cpp.o[0m
[37.955s] [ 87%] [32mBuilding CXX object CMakeFiles/xarm_msgs__rosidl_typesupport_fastrtps_c.dir/rosidl_typesupport_fastrtps_c/xarm_msgs/srv/detail/ft_impedance__type_support_c.cpp.o[0m
[38.043s] [ 87%] [32mBuilding CXX object CMakeFiles/xarm_msgs__rosidl_typesupport_fastrtps_c.dir/rosidl_typesupport_fastrtps_c/xarm_msgs/srv/detail/linear_track_back_origin__type_support_c.cpp.o[0m
[38.258s] [ 87%] [32mBuilding CXX object CMakeFiles/xarm_msgs__rosidl_typesupport_fastrtps_c.dir/rosidl_typesupport_fastrtps_c/xarm_msgs/srv/detail/linear_track_set_pos__type_support_c.cpp.o[0m
[38.865s] [ 87%] [32m[1mLinking CXX shared library libxarm_msgs__rosidl_typesupport_fastrtps_cpp.so[0m
[38.913s] [ 88%] [32m[1mLinking CXX shared library libxarm_msgs__rosidl_typesupport_fastrtps_c.so[0m
[38.985s] [ 88%] Built target xarm_msgs__rosidl_typesupport_fastrtps_cpp
[39.011s] [ 88%] Built target xarm_msgs__rosidl_typesupport_fastrtps_c
[39.034s] [ 88%] Built target xarm_msgs
[39.059s] [ 88%] [34m[1mGenerating Python code for ROS interfaces[0m
[49.327s] [ 88%] Built target xarm_msgs__py
[49.357s] [ 88%] [32mBuilding C object CMakeFiles/xarm_msgs__rosidl_generator_py.dir/rosidl_generator_py/xarm_msgs/msg/_robot_msg_s.c.o[0m
[49.357s] [ 88%] [32mBuilding C object CMakeFiles/xarm_msgs__rosidl_generator_py.dir/rosidl_generator_py/xarm_msgs/srv/_call_s.c.o[0m
[49.357s] [ 88%] [32mBuilding C object CMakeFiles/xarm_msgs__rosidl_generator_py.dir/rosidl_generator_py/xarm_msgs/msg/_cio_state_s.c.o[0m
[49.357s] [ 88%] [32mBuilding C object CMakeFiles/xarm_msgs__rosidl_generator_py.dir/rosidl_generator_py/xarm_msgs/srv/_bio_gripper_ctrl_s.c.o[0m
[49.357s] [ 89%] [32mBuilding C object CMakeFiles/xarm_msgs__rosidl_generator_py.dir/rosidl_generator_py/xarm_msgs/srv/_get_digital_io_s.c.o[0m
[49.357s] [ 89%] [32mBuilding C object CMakeFiles/xarm_msgs__rosidl_generator_py.dir/rosidl_generator_py/xarm_msgs/srv/_get_float32_s.c.o[0m
[49.357s] [ 89%] [32mBuilding C object CMakeFiles/xarm_msgs__rosidl_generator_py.dir/rosidl_generator_py/xarm_msgs/srv/_get_int16_s.c.o[0m
[49.357s] [ 90%] [32mBuilding C object CMakeFiles/xarm_msgs__rosidl_generator_py.dir/rosidl_generator_py/xarm_msgs/srv/_bio_gripper_enable_s.c.o[0m
[49.357s] [ 90%] [32mBuilding C object CMakeFiles/xarm_msgs__rosidl_generator_py.dir/rosidl_generator_py/xarm_msgs/msg/_move_velocity_s.c.o[0m
[49.357s] [ 90%] [32mBuilding C object CMakeFiles/xarm_msgs__rosidl_generator_py.dir/rosidl_generator_py/xarm_msgs/srv/_get_analog_io_s.c.o[0m
[49.358s] [ 90%] [32mBuilding C object CMakeFiles/xarm_msgs__rosidl_generator_py.dir/rosidl_generator_py/xarm_msgs/srv/_get_float32_list_s.c.o[0m
[49.361s] [ 90%] [32mBuilding C object CMakeFiles/xarm_msgs__rosidl_generator_py.dir/rosidl_generator_py/xarm_msgs/msg/_io_state_s.c.o[0m
[49.559s] [ 90%] [32mBuilding C object CMakeFiles/xarm_msgs__rosidl_generator_py.dir/rosidl_generator_py/xarm_msgs/srv/_get_int16_list_s.c.o[0m
[49.584s] [ 90%] [32mBuilding C object CMakeFiles/xarm_msgs__rosidl_generator_py.dir/rosidl_generator_py/xarm_msgs/srv/_get_int32_s.c.o[0m
[49.624s] [ 91%] [32mBuilding C object CMakeFiles/xarm_msgs__rosidl_generator_py.dir/rosidl_generator_py/xarm_msgs/srv/_get_int32_by_type_s.c.o[0m
[49.624s] [ 91%] [32mBuilding C object CMakeFiles/xarm_msgs__rosidl_generator_py.dir/rosidl_generator_py/xarm_msgs/srv/_get_set_modbus_data_s.c.o[0m
[49.624s] [ 91%] [32mBuilding C object CMakeFiles/xarm_msgs__rosidl_generator_py.dir/rosidl_generator_py/xarm_msgs/srv/_gripper_move_s.c.o[0m
[49.625s] [ 91%] [32mBuilding C object CMakeFiles/xarm_msgs__rosidl_generator_py.dir/rosidl_generator_py/xarm_msgs/srv/_move_circle_s.c.o[0m
[49.625s] [ 91%] [32mBuilding C object CMakeFiles/xarm_msgs__rosidl_generator_py.dir/rosidl_generator_py/xarm_msgs/srv/_move_cartesian_s.c.o[0m
[49.631s] [ 91%] [32mBuilding C object CMakeFiles/xarm_msgs__rosidl_generator_py.dir/rosidl_generator_py/xarm_msgs/srv/_move_home_s.c.o[0m
[49.656s] [ 92%] [32mBuilding C object CMakeFiles/xarm_msgs__rosidl_generator_py.dir/rosidl_generator_py/xarm_msgs/srv/_move_joint_s.c.o[0m
[49.680s] [ 92%] [32mBuilding C object CMakeFiles/xarm_msgs__rosidl_generator_py.dir/rosidl_generator_py/xarm_msgs/srv/_move_velocity_s.c.o[0m
[49.700s] [ 92%] [32mBuilding C object CMakeFiles/xarm_msgs__rosidl_generator_py.dir/rosidl_generator_py/xarm_msgs/srv/_robotiq_activate_s.c.o[0m
[49.705s] [ 92%] [32mBuilding C object CMakeFiles/xarm_msgs__rosidl_generator_py.dir/rosidl_generator_py/xarm_msgs/srv/_robotiq_get_status_s.c.o[0m
[49.819s] [ 92%] [32mBuilding C object CMakeFiles/xarm_msgs__rosidl_generator_py.dir/rosidl_generator_py/xarm_msgs/srv/_robotiq_move_s.c.o[0m
[49.895s] [ 93%] [32mBuilding C object CMakeFiles/xarm_msgs__rosidl_generator_py.dir/rosidl_generator_py/xarm_msgs/srv/_robotiq_reset_s.c.o[0m
[49.895s] [ 93%] [32mBuilding C object CMakeFiles/xarm_msgs__rosidl_generator_py.dir/rosidl_generator_py/xarm_msgs/srv/_set_analog_io_s.c.o[0m
[49.922s] [ 93%] [32mBuilding C object CMakeFiles/xarm_msgs__rosidl_generator_py.dir/rosidl_generator_py/xarm_msgs/srv/_set_digital_io_s.c.o[0m
[49.931s] [ 93%] [32mBuilding C object CMakeFiles/xarm_msgs__rosidl_generator_py.dir/rosidl_generator_py/xarm_msgs/srv/_set_float32_s.c.o[0m
[49.979s] [ 93%] [32mBuilding C object CMakeFiles/xarm_msgs__rosidl_generator_py.dir/rosidl_generator_py/xarm_msgs/srv/_set_float32_list_s.c.o[0m
[49.990s] [ 93%] [32mBuilding C object CMakeFiles/xarm_msgs__rosidl_generator_py.dir/rosidl_generator_py/xarm_msgs/srv/_set_int16_s.c.o[0m
[50.012s] [ 93%] [32mBuilding C object CMakeFiles/xarm_msgs__rosidl_generator_py.dir/rosidl_generator_py/xarm_msgs/srv/_set_int16_by_id_s.c.o[0m
[50.015s] [ 94%] [32mBuilding C object CMakeFiles/xarm_msgs__rosidl_generator_py.dir/rosidl_generator_py/xarm_msgs/srv/_set_int16_list_s.c.o[0m
[50.043s] [ 94%] [32mBuilding C object CMakeFiles/xarm_msgs__rosidl_generator_py.dir/rosidl_generator_py/xarm_msgs/srv/_set_int32_by_type_s.c.o[0m
[50.044s] [ 94%] [32mBuilding C object CMakeFiles/xarm_msgs__rosidl_generator_py.dir/rosidl_generator_py/xarm_msgs/srv/_set_int32_s.c.o[0m
[50.080s] [ 94%] [32mBuilding C object CMakeFiles/xarm_msgs__rosidl_generator_py.dir/rosidl_generator_py/xarm_msgs/srv/_traj_ctrl_s.c.o[0m
[50.115s] [ 94%] [32mBuilding C object CMakeFiles/xarm_msgs__rosidl_generator_py.dir/rosidl_generator_py/xarm_msgs/srv/_traj_play_s.c.o[0m
[50.202s] [ 95%] [32mBuilding C object CMakeFiles/xarm_msgs__rosidl_generator_py.dir/rosidl_generator_py/xarm_msgs/srv/_vacuum_gripper_ctrl_s.c.o[0m
[50.239s] [ 95%] [32mBuilding C object CMakeFiles/xarm_msgs__rosidl_generator_py.dir/rosidl_generator_py/xarm_msgs/srv/_set_tcp_load_s.c.o[0m
[50.251s] [ 95%] [32mBuilding C object CMakeFiles/xarm_msgs__rosidl_generator_py.dir/rosidl_generator_py/xarm_msgs/srv/_iden_load_s.c.o[0m
[50.251s] [ 95%] [32mBuilding C object CMakeFiles/xarm_msgs__rosidl_generator_py.dir/rosidl_generator_py/xarm_msgs/srv/_set_modbus_timeout_s.c.o[0m
[50.274s] [ 95%] [32mBuilding C object CMakeFiles/xarm_msgs__rosidl_generator_py.dir/rosidl_generator_py/xarm_msgs/srv/_ft_cali_load_s.c.o[0m
[50.291s] [ 95%] [32mBuilding C object CMakeFiles/xarm_msgs__rosidl_generator_py.dir/rosidl_generator_py/xarm_msgs/srv/_ft_force_params_s.c.o[0m
[50.313s] [ 96%] [32mBuilding C object CMakeFiles/xarm_msgs__rosidl_generator_py.dir/rosidl_generator_py/xarm_msgs/srv/_ft_admittance_params_s.c.o[0m
[50.336s] [ 96%] [32mBuilding C object CMakeFiles/xarm_msgs__rosidl_generator_py.dir/rosidl_generator_py/xarm_msgs/srv/_linear_motor_back_origin_s.c.o[0m
[50.360s] [ 96%] [32mBuilding C object CMakeFiles/xarm_msgs__rosidl_generator_py.dir/rosidl_generator_py/xarm_msgs/srv/_linear_motor_set_pos_s.c.o[0m
[50.361s] [ 96%] [32mBuilding C object CMakeFiles/xarm_msgs__rosidl_generator_py.dir/rosidl_generator_py/xarm_msgs/srv/_plan_exec_s.c.o[0m
[50.372s] [ 96%] [32mBuilding C object CMakeFiles/xarm_msgs__rosidl_generator_py.dir/rosidl_generator_py/xarm_msgs/srv/_plan_joint_s.c.o[0m
[50.401s] [ 96%] [32mBuilding C object CMakeFiles/xarm_msgs__rosidl_generator_py.dir/rosidl_generator_py/xarm_msgs/srv/_plan_pose_s.c.o[0m
[50.530s] [ 97%] [32mBuilding C object CMakeFiles/xarm_msgs__rosidl_generator_py.dir/rosidl_generator_py/xarm_msgs/srv/_plan_single_straight_s.c.o[0m
[50.536s] [ 97%] [32mBuilding C object CMakeFiles/xarm_msgs__rosidl_generator_py.dir/rosidl_generator_py/xarm_msgs/srv/_ft_force_config_s.c.o[0m
[50.570s] [ 97%] [32mBuilding C object CMakeFiles/xarm_msgs__rosidl_generator_py.dir/rosidl_generator_py/xarm_msgs/srv/_ft_force_pid_s.c.o[0m
[50.601s] [ 97%] [32mBuilding C object CMakeFiles/xarm_msgs__rosidl_generator_py.dir/rosidl_generator_py/xarm_msgs/srv/_ft_impedance_s.c.o[0m
[50.602s] [ 97%] [32mBuilding C object CMakeFiles/xarm_msgs__rosidl_generator_py.dir/rosidl_generator_py/xarm_msgs/srv/_linear_track_back_origin_s.c.o[0m
[50.618s] [ 97%] [32mBuilding C object CMakeFiles/xarm_msgs__rosidl_generator_py.dir/rosidl_generator_py/xarm_msgs/srv/_linear_track_set_pos_s.c.o[0m
[50.939s] [ 98%] [32m[1mLinking C shared library libxarm_msgs__rosidl_generator_py.so[0m
[51.005s] [ 98%] Built target xarm_msgs__rosidl_generator_py
[51.028s] [ 99%] [32mBuilding C object CMakeFiles/xarm_msgs_s__rosidl_typesupport_c.dir/rosidl_generator_py/xarm_msgs/_xarm_msgs_s.ep.rosidl_typesupport_c.c.o[0m
[51.028s] [ 99%] [32mBuilding C object CMakeFiles/xarm_msgs_s__rosidl_typesupport_introspection_c.dir/rosidl_generator_py/xarm_msgs/_xarm_msgs_s.ep.rosidl_typesupport_introspection_c.c.o[0m
[51.029s] [ 99%] [32mBuilding C object CMakeFiles/xarm_msgs_s__rosidl_typesupport_fastrtps_c.dir/rosidl_generator_py/xarm_msgs/_xarm_msgs_s.ep.rosidl_typesupport_fastrtps_c.c.o[0m
[52.517s] [ 99%] [32m[1mLinking C shared module rosidl_generator_py/xarm_msgs/xarm_msgs_s__rosidl_typesupport_c.so[0m
[52.517s] [100%] [32m[1mLinking C shared module rosidl_generator_py/xarm_msgs/xarm_msgs_s__rosidl_typesupport_introspection_c.so[0m
[52.563s] [100%] Built target xarm_msgs_s__rosidl_typesupport_c
[52.565s] [100%] Built target xarm_msgs_s__rosidl_typesupport_introspection_c
[52.651s] [100%] [32m[1mLinking C shared module rosidl_generator_py/xarm_msgs/xarm_msgs_s__rosidl_typesupport_fastrtps_c.so[0m
[52.698s] [100%] Built target xarm_msgs_s__rosidl_typesupport_fastrtps_c
[52.713s] Invoked command in '/home/anatoly/ros2k_ws/build/xarm_msgs' returned '0': CMAKE_PREFIX_PATH=${CMAKE_PREFIX_PATH}:/opt/ros/kilted DEBUGINFOD_URLS=https://debuginfod.ubuntu.com /usr/bin/cmake --build /home/anatoly/ros2k_ws/build/xarm_msgs -- -j12 -l12
[52.714s] Invoking command in '/home/anatoly/ros2k_ws/build/xarm_msgs': CMAKE_PREFIX_PATH=${CMAKE_PREFIX_PATH}:/opt/ros/kilted DEBUGINFOD_URLS=https://debuginfod.ubuntu.com /usr/bin/cmake --install /home/anatoly/ros2k_ws/build/xarm_msgs
[52.723s] -- Install configuration: "Release"
[52.724s] -- Execute custom install script
[52.724s] -- Symlinking: /home/anatoly/ros2k_ws/install/xarm_msgs/share/ament_index/resource_index/rosidl_interfaces/xarm_msgs
[52.735s] -- Symlinking: /home/anatoly/ros2k_ws/install/xarm_msgs/share/xarm_msgs/msg/RobotMsg.json
[52.746s] -- Symlinking: /home/anatoly/ros2k_ws/install/xarm_msgs/share/xarm_msgs/msg/IOState.json
[52.755s] -- Symlinking: /home/anatoly/ros2k_ws/install/xarm_msgs/share/xarm_msgs/msg/CIOState.json
[52.765s] -- Symlinking: /home/anatoly/ros2k_ws/install/xarm_msgs/share/xarm_msgs/msg/MoveVelocity.json
[52.776s] -- Symlinking: /home/anatoly/ros2k_ws/install/xarm_msgs/share/xarm_msgs/srv/BioGripperCtrl.json
[52.788s] -- Symlinking: /home/anatoly/ros2k_ws/install/xarm_msgs/share/xarm_msgs/srv/BioGripperEnable.json
[52.797s] -- Symlinking: /home/anatoly/ros2k_ws/install/xarm_msgs/share/xarm_msgs/srv/Call.json
[52.807s] -- Symlinking: /home/anatoly/ros2k_ws/install/xarm_msgs/share/xarm_msgs/srv/GetAnalogIO.json
[52.817s] -- Symlinking: /home/anatoly/ros2k_ws/install/xarm_msgs/share/xarm_msgs/srv/GetDigitalIO.json
[52.829s] -- Symlinking: /home/anatoly/ros2k_ws/install/xarm_msgs/share/xarm_msgs/srv/GetFloat32.json
[52.839s] -- Symlinking: /home/anatoly/ros2k_ws/install/xarm_msgs/share/xarm_msgs/srv/GetFloat32List.json
[52.849s] -- Symlinking: /home/anatoly/ros2k_ws/install/xarm_msgs/share/xarm_msgs/srv/GetInt16.json
[52.859s] -- Symlinking: /home/anatoly/ros2k_ws/install/xarm_msgs/share/xarm_msgs/srv/GetInt16List.json
[52.870s] -- Symlinking: /home/anatoly/ros2k_ws/install/xarm_msgs/share/xarm_msgs/srv/GetInt32.json
[52.881s] -- Symlinking: /home/anatoly/ros2k_ws/install/xarm_msgs/share/xarm_msgs/srv/GetInt32ByType.json
[52.892s] -- Symlinking: /home/anatoly/ros2k_ws/install/xarm_msgs/share/xarm_msgs/srv/GetSetModbusData.json
[52.902s] -- Symlinking: /home/anatoly/ros2k_ws/install/xarm_msgs/share/xarm_msgs/srv/GripperMove.json
[52.912s] -- Symlinking: /home/anatoly/ros2k_ws/install/xarm_msgs/share/xarm_msgs/srv/MoveCartesian.json
[52.924s] -- Symlinking: /home/anatoly/ros2k_ws/install/xarm_msgs/share/xarm_msgs/srv/MoveCircle.json
[52.934s] -- Symlinking: /home/anatoly/ros2k_ws/install/xarm_msgs/share/xarm_msgs/srv/MoveHome.json
[52.944s] -- Symlinking: /home/anatoly/ros2k_ws/install/xarm_msgs/share/xarm_msgs/srv/MoveJoint.json
[52.954s] -- Symlinking: /home/anatoly/ros2k_ws/install/xarm_msgs/share/xarm_msgs/srv/MoveVelocity.json
[52.964s] -- Symlinking: /home/anatoly/ros2k_ws/install/xarm_msgs/share/xarm_msgs/srv/RobotiqActivate.json
[52.973s] -- Symlinking: /home/anatoly/ros2k_ws/install/xarm_msgs/share/xarm_msgs/srv/RobotiqGetStatus.json
[52.984s] -- Symlinking: /home/anatoly/ros2k_ws/install/xarm_msgs/share/xarm_msgs/srv/RobotiqMove.json
[52.994s] -- Symlinking: /home/anatoly/ros2k_ws/install/xarm_msgs/share/xarm_msgs/srv/RobotiqReset.json
[53.004s] -- Symlinking: /home/anatoly/ros2k_ws/install/xarm_msgs/share/xarm_msgs/srv/SetAnalogIO.json
[53.017s] -- Symlinking: /home/anatoly/ros2k_ws/install/xarm_msgs/share/xarm_msgs/srv/SetDigitalIO.json
[53.030s] -- Symlinking: /home/anatoly/ros2k_ws/install/xarm_msgs/share/xarm_msgs/srv/SetFloat32.json
[53.042s] -- Symlinking: /home/anatoly/ros2k_ws/install/xarm_msgs/share/xarm_msgs/srv/SetFloat32List.json
[53.055s] -- Symlinking: /home/anatoly/ros2k_ws/install/xarm_msgs/share/xarm_msgs/srv/SetInt16.json
[53.067s] -- Symlinking: /home/anatoly/ros2k_ws/install/xarm_msgs/share/xarm_msgs/srv/SetInt16ById.json
[53.078s] -- Symlinking: /home/anatoly/ros2k_ws/install/xarm_msgs/share/xarm_msgs/srv/SetInt16List.json
[53.088s] -- Symlinking: /home/anatoly/ros2k_ws/install/xarm_msgs/share/xarm_msgs/srv/SetInt32.json
[53.098s] -- Symlinking: /home/anatoly/ros2k_ws/install/xarm_msgs/share/xarm_msgs/srv/SetInt32ByType.json
[53.110s] -- Symlinking: /home/anatoly/ros2k_ws/install/xarm_msgs/share/xarm_msgs/srv/TrajCtrl.json
[53.122s] -- Symlinking: /home/anatoly/ros2k_ws/install/xarm_msgs/share/xarm_msgs/srv/TrajPlay.json
[53.134s] -- Symlinking: /home/anatoly/ros2k_ws/install/xarm_msgs/share/xarm_msgs/srv/VacuumGripperCtrl.json
[53.145s] -- Symlinking: /home/anatoly/ros2k_ws/install/xarm_msgs/share/xarm_msgs/srv/SetTcpLoad.json
[53.156s] -- Symlinking: /home/anatoly/ros2k_ws/install/xarm_msgs/share/xarm_msgs/srv/SetModbusTimeout.json
[53.166s] -- Symlinking: /home/anatoly/ros2k_ws/install/xarm_msgs/share/xarm_msgs/srv/IdenLoad.json
[53.177s] -- Symlinking: /home/anatoly/ros2k_ws/install/xarm_msgs/share/xarm_msgs/srv/FtCaliLoad.json
[53.188s] -- Symlinking: /home/anatoly/ros2k_ws/install/xarm_msgs/share/xarm_msgs/srv/FtForceParams.json
[53.198s] -- Symlinking: /home/anatoly/ros2k_ws/install/xarm_msgs/share/xarm_msgs/srv/FtAdmittanceParams.json
[53.209s] -- Symlinking: /home/anatoly/ros2k_ws/install/xarm_msgs/share/xarm_msgs/srv/LinearMotorBackOrigin.json
[53.220s] -- Symlinking: /home/anatoly/ros2k_ws/install/xarm_msgs/share/xarm_msgs/srv/LinearMotorSetPos.json
[53.230s] -- Symlinking: /home/anatoly/ros2k_ws/install/xarm_msgs/share/xarm_msgs/srv/PlanExec.json
[53.241s] -- Symlinking: /home/anatoly/ros2k_ws/install/xarm_msgs/share/xarm_msgs/srv/PlanJoint.json
[53.251s] -- Symlinking: /home/anatoly/ros2k_ws/install/xarm_msgs/share/xarm_msgs/srv/PlanPose.json
[53.260s] -- Symlinking: /home/anatoly/ros2k_ws/install/xarm_msgs/share/xarm_msgs/srv/PlanSingleStraight.json
[53.270s] -- Symlinking: /home/anatoly/ros2k_ws/install/xarm_msgs/share/xarm_msgs/srv/FtForceConfig.json
[53.282s] -- Symlinking: /home/anatoly/ros2k_ws/install/xarm_msgs/share/xarm_msgs/srv/FtForcePid.json
[53.292s] -- Symlinking: /home/anatoly/ros2k_ws/install/xarm_msgs/share/xarm_msgs/srv/FtImpedance.json
[53.302s] -- Symlinking: /home/anatoly/ros2k_ws/install/xarm_msgs/share/xarm_msgs/srv/LinearTrackBackOrigin.json
[53.313s] -- Symlinking: /home/anatoly/ros2k_ws/install/xarm_msgs/share/xarm_msgs/srv/LinearTrackSetPos.json
[53.327s] -- Symlinking: /home/anatoly/ros2k_ws/install/xarm_msgs/include/xarm_msgs/xarm_msgs/msg/cio_state.h
[53.337s] -- Symlinking: /home/anatoly/ros2k_ws/install/xarm_msgs/include/xarm_msgs/xarm_msgs/msg/detail/cio_state__functions.h
[53.348s] -- Symlinking: /home/anatoly/ros2k_ws/install/xarm_msgs/include/xarm_msgs/xarm_msgs/msg/detail/cio_state__struct.h
[53.358s] -- Symlinking: /home/anatoly/ros2k_ws/install/xarm_msgs/include/xarm_msgs/xarm_msgs/msg/detail/cio_state__type_support.h
[53.368s] -- Symlinking: /home/anatoly/ros2k_ws/install/xarm_msgs/include/xarm_msgs/xarm_msgs/msg/detail/io_state__functions.h
[53.379s] -- Symlinking: /home/anatoly/ros2k_ws/install/xarm_msgs/include/xarm_msgs/xarm_msgs/msg/detail/io_state__struct.h
[53.389s] -- Symlinking: /home/anatoly/ros2k_ws/install/xarm_msgs/include/xarm_msgs/xarm_msgs/msg/detail/io_state__type_support.h
[53.400s] -- Symlinking: /home/anatoly/ros2k_ws/install/xarm_msgs/include/xarm_msgs/xarm_msgs/msg/detail/move_velocity__functions.h
[53.411s] -- Symlinking: /home/anatoly/ros2k_ws/install/xarm_msgs/include/xarm_msgs/xarm_msgs/msg/detail/move_velocity__struct.h
[53.420s] -- Symlinking: /home/anatoly/ros2k_ws/install/xarm_msgs/include/xarm_msgs/xarm_msgs/msg/detail/move_velocity__type_support.h
[53.430s] -- Symlinking: /home/anatoly/ros2k_ws/install/xarm_msgs/include/xarm_msgs/xarm_msgs/msg/detail/robot_msg__functions.h
[53.441s] -- Symlinking: /home/anatoly/ros2k_ws/install/xarm_msgs/include/xarm_msgs/xarm_msgs/msg/detail/robot_msg__struct.h
[53.452s] -- Symlinking: /home/anatoly/ros2k_ws/install/xarm_msgs/include/xarm_msgs/xarm_msgs/msg/detail/robot_msg__type_support.h
[53.463s] -- Symlinking: /home/anatoly/ros2k_ws/install/xarm_msgs/include/xarm_msgs/xarm_msgs/msg/io_state.h
[53.473s] -- Symlinking: /home/anatoly/ros2k_ws/install/xarm_msgs/include/xarm_msgs/xarm_msgs/msg/move_velocity.h
[53.484s] -- Symlinking: /home/anatoly/ros2k_ws/install/xarm_msgs/include/xarm_msgs/xarm_msgs/msg/robot_msg.h
[53.495s] -- Symlinking: /home/anatoly/ros2k_ws/install/xarm_msgs/include/xarm_msgs/xarm_msgs/msg/rosidl_generator_c__visibility_control.h
[53.505s] -- Symlinking: /home/anatoly/ros2k_ws/install/xarm_msgs/include/xarm_msgs/xarm_msgs/srv/bio_gripper_ctrl.h
[53.516s] -- Symlinking: /home/anatoly/ros2k_ws/install/xarm_msgs/include/xarm_msgs/xarm_msgs/srv/bio_gripper_enable.h
[53.526s] -- Symlinking: /home/anatoly/ros2k_ws/install/xarm_msgs/include/xarm_msgs/xarm_msgs/srv/call.h
[53.537s] -- Symlinking: /home/anatoly/ros2k_ws/install/xarm_msgs/include/xarm_msgs/xarm_msgs/srv/detail/bio_gripper_ctrl__functions.h
[53.547s] -- Symlinking: /home/anatoly/ros2k_ws/install/xarm_msgs/include/xarm_msgs/xarm_msgs/srv/detail/bio_gripper_ctrl__struct.h
[53.557s] -- Symlinking: /home/anatoly/ros2k_ws/install/xarm_msgs/include/xarm_msgs/xarm_msgs/srv/detail/bio_gripper_ctrl__type_support.h
[53.567s] -- Symlinking: /home/anatoly/ros2k_ws/install/xarm_msgs/include/xarm_msgs/xarm_msgs/srv/detail/bio_gripper_enable__functions.h
[53.576s] -- Symlinking: /home/anatoly/ros2k_ws/install/xarm_msgs/include/xarm_msgs/xarm_msgs/srv/detail/bio_gripper_enable__struct.h
[53.586s] -- Symlinking: /home/anatoly/ros2k_ws/install/xarm_msgs/include/xarm_msgs/xarm_msgs/srv/detail/bio_gripper_enable__type_support.h
[53.595s] -- Symlinking: /home/anatoly/ros2k_ws/install/xarm_msgs/include/xarm_msgs/xarm_msgs/srv/detail/call__functions.h
[53.605s] -- Symlinking: /home/anatoly/ros2k_ws/install/xarm_msgs/include/xarm_msgs/xarm_msgs/srv/detail/call__struct.h
[53.615s] -- Symlinking: /home/anatoly/ros2k_ws/install/xarm_msgs/include/xarm_msgs/xarm_msgs/srv/detail/call__type_support.h
[53.626s] -- Symlinking: /home/anatoly/ros2k_ws/install/xarm_msgs/include/xarm_msgs/xarm_msgs/srv/detail/ft_admittance_params__functions.h
[53.637s] -- Symlinking: /home/anatoly/ros2k_ws/install/xarm_msgs/include/xarm_msgs/xarm_msgs/srv/detail/ft_admittance_params__struct.h
[53.647s] -- Symlinking: /home/anatoly/ros2k_ws/install/xarm_msgs/include/xarm_msgs/xarm_msgs/srv/detail/ft_admittance_params__type_support.h
[53.658s] -- Symlinking: /home/anatoly/ros2k_ws/install/xarm_msgs/include/xarm_msgs/xarm_msgs/srv/detail/ft_cali_load__functions.h
[53.667s] -- Symlinking: /home/anatoly/ros2k_ws/install/xarm_msgs/include/xarm_msgs/xarm_msgs/srv/detail/ft_cali_load__struct.h
[53.677s] -- Symlinking: /home/anatoly/ros2k_ws/install/xarm_msgs/include/xarm_msgs/xarm_msgs/srv/detail/ft_cali_load__type_support.h
[53.687s] -- Symlinking: /home/anatoly/ros2k_ws/install/xarm_msgs/include/xarm_msgs/xarm_msgs/srv/detail/ft_force_config__functions.h
[53.697s] -- Symlinking: /home/anatoly/ros2k_ws/install/xarm_msgs/include/xarm_msgs/xarm_msgs/srv/detail/ft_force_config__struct.h
[53.708s] -- Symlinking: /home/anatoly/ros2k_ws/install/xarm_msgs/include/xarm_msgs/xarm_msgs/srv/detail/ft_force_config__type_support.h
[53.718s] -- Symlinking: /home/anatoly/ros2k_ws/install/xarm_msgs/include/xarm_msgs/xarm_msgs/srv/detail/ft_force_params__functions.h
[53.727s] -- Symlinking: /home/anatoly/ros2k_ws/install/xarm_msgs/include/xarm_msgs/xarm_msgs/srv/detail/ft_force_params__struct.h
[53.737s] -- Symlinking: /home/anatoly/ros2k_ws/install/xarm_msgs/include/xarm_msgs/xarm_msgs/srv/detail/ft_force_params__type_support.h
[53.748s] -- Symlinking: /home/anatoly/ros2k_ws/install/xarm_msgs/include/xarm_msgs/xarm_msgs/srv/detail/ft_force_pid__functions.h
[53.758s] -- Symlinking: /home/anatoly/ros2k_ws/install/xarm_msgs/include/xarm_msgs/xarm_msgs/srv/detail/ft_force_pid__struct.h
[53.769s] -- Symlinking: /home/anatoly/ros2k_ws/install/xarm_msgs/include/xarm_msgs/xarm_msgs/srv/detail/ft_force_pid__type_support.h
[53.779s] -- Symlinking: /home/anatoly/ros2k_ws/install/xarm_msgs/include/xarm_msgs/xarm_msgs/srv/detail/ft_impedance__functions.h
[53.789s] -- Symlinking: /home/anatoly/ros2k_ws/install/xarm_msgs/include/xarm_msgs/xarm_msgs/srv/detail/ft_impedance__struct.h
[53.800s] -- Symlinking: /home/anatoly/ros2k_ws/install/xarm_msgs/include/xarm_msgs/xarm_msgs/srv/detail/ft_impedance__type_support.h
[53.811s] -- Symlinking: /home/anatoly/ros2k_ws/install/xarm_msgs/include/xarm_msgs/xarm_msgs/srv/detail/get_analog_io__functions.h
[53.822s] -- Symlinking: /home/anatoly/ros2k_ws/install/xarm_msgs/include/xarm_msgs/xarm_msgs/srv/detail/get_analog_io__struct.h
[53.832s] -- Symlinking: /home/anatoly/ros2k_ws/install/xarm_msgs/include/xarm_msgs/xarm_msgs/srv/detail/get_analog_io__type_support.h
[53.842s] -- Symlinking: /home/anatoly/ros2k_ws/install/xarm_msgs/include/xarm_msgs/xarm_msgs/srv/detail/get_digital_io__functions.h
[53.852s] -- Symlinking: /home/anatoly/ros2k_ws/install/xarm_msgs/include/xarm_msgs/xarm_msgs/srv/detail/get_digital_io__struct.h
[53.861s] -- Symlinking: /home/anatoly/ros2k_ws/install/xarm_msgs/include/xarm_msgs/xarm_msgs/srv/detail/get_digital_io__type_support.h
[53.872s] -- Symlinking: /home/anatoly/ros2k_ws/install/xarm_msgs/include/xarm_msgs/xarm_msgs/srv/detail/get_float32__functions.h
[53.882s] -- Symlinking: /home/anatoly/ros2k_ws/install/xarm_msgs/include/xarm_msgs/xarm_msgs/srv/detail/get_float32__struct.h
[53.893s] -- Symlinking: /home/anatoly/ros2k_ws/install/xarm_msgs/include/xarm_msgs/xarm_msgs/srv/detail/get_float32__type_support.h
[53.903s] -- Symlinking: /home/anatoly/ros2k_ws/install/xarm_msgs/include/xarm_msgs/xarm_msgs/srv/detail/get_float32_list__functions.h
[53.913s] -- Symlinking: /home/anatoly/ros2k_ws/install/xarm_msgs/include/xarm_msgs/xarm_msgs/srv/detail/get_float32_list__struct.h
[53.923s] -- Symlinking: /home/anatoly/ros2k_ws/install/xarm_msgs/include/xarm_msgs/xarm_msgs/srv/detail/get_float32_list__type_support.h
[53.933s] -- Symlinking: /home/anatoly/ros2k_ws/install/xarm_msgs/include/xarm_msgs/xarm_msgs/srv/detail/get_int16__functions.h
[53.943s] -- Symlinking: /home/anatoly/ros2k_ws/install/xarm_msgs/include/xarm_msgs/xarm_msgs/srv/detail/get_int16__struct.h
[53.954s] -- Symlinking: /home/anatoly/ros2k_ws/install/xarm_msgs/include/xarm_msgs/xarm_msgs/srv/detail/get_int16__type_support.h
[53.964s] -- Symlinking: /home/anatoly/ros2k_ws/install/xarm_msgs/include/xarm_msgs/xarm_msgs/srv/detail/get_int16_list__functions.h
[53.975s] -- Symlinking: /home/anatoly/ros2k_ws/install/xarm_msgs/include/xarm_msgs/xarm_msgs/srv/detail/get_int16_list__struct.h
[53.985s] -- Symlinking: /home/anatoly/ros2k_ws/install/xarm_msgs/include/xarm_msgs/xarm_msgs/srv/detail/get_int16_list__type_support.h
[53.995s] -- Symlinking: /home/anatoly/ros2k_ws/install/xarm_msgs/include/xarm_msgs/xarm_msgs/srv/detail/get_int32__functions.h
[54.005s] -- Symlinking: /home/anatoly/ros2k_ws/install/xarm_msgs/include/xarm_msgs/xarm_msgs/srv/detail/get_int32__struct.h
[54.016s] -- Symlinking: /home/anatoly/ros2k_ws/install/xarm_msgs/include/xarm_msgs/xarm_msgs/srv/detail/get_int32__type_support.h
[54.027s] -- Symlinking: /home/anatoly/ros2k_ws/install/xarm_msgs/include/xarm_msgs/xarm_msgs/srv/detail/get_int32_by_type__functions.h
[54.038s] -- Symlinking: /home/anatoly/ros2k_ws/install/xarm_msgs/include/xarm_msgs/xarm_msgs/srv/detail/get_int32_by_type__struct.h
[54.047s] -- Symlinking: /home/anatoly/ros2k_ws/install/xarm_msgs/include/xarm_msgs/xarm_msgs/srv/detail/get_int32_by_type__type_support.h
[54.057s] -- Symlinking: /home/anatoly/ros2k_ws/install/xarm_msgs/include/xarm_msgs/xarm_msgs/srv/detail/get_set_modbus_data__functions.h
[54.067s] -- Symlinking: /home/anatoly/ros2k_ws/install/xarm_msgs/include/xarm_msgs/xarm_msgs/srv/detail/get_set_modbus_data__struct.h
[54.078s] -- Symlinking: /home/anatoly/ros2k_ws/install/xarm_msgs/include/xarm_msgs/xarm_msgs/srv/detail/get_set_modbus_data__type_support.h
[54.088s] -- Symlinking: /home/anatoly/ros2k_ws/install/xarm_msgs/include/xarm_msgs/xarm_msgs/srv/detail/gripper_move__functions.h
[54.098s] -- Symlinking: /home/anatoly/ros2k_ws/install/xarm_msgs/include/xarm_msgs/xarm_msgs/srv/detail/gripper_move__struct.h
[54.108s] -- Symlinking: /home/anatoly/ros2k_ws/install/xarm_msgs/include/xarm_msgs/xarm_msgs/srv/detail/gripper_move__type_support.h
[54.119s] -- Symlinking: /home/anatoly/ros2k_ws/install/xarm_msgs/include/xarm_msgs/xarm_msgs/srv/detail/iden_load__functions.h
[54.129s] -- Symlinking: /home/anatoly/ros2k_ws/install/xarm_msgs/include/xarm_msgs/xarm_msgs/srv/detail/iden_load__struct.h
[54.139s] -- Symlinking: /home/anatoly/ros2k_ws/install/xarm_msgs/include/xarm_msgs/xarm_msgs/srv/detail/iden_load__type_support.h
[54.150s] -- Symlinking: /home/anatoly/ros2k_ws/install/xarm_msgs/include/xarm_msgs/xarm_msgs/srv/detail/linear_motor_back_origin__functions.h
[54.160s] -- Symlinking: /home/anatoly/ros2k_ws/install/xarm_msgs/include/xarm_msgs/xarm_msgs/srv/detail/linear_motor_back_origin__struct.h
[54.171s] -- Symlinking: /home/anatoly/ros2k_ws/install/xarm_msgs/include/xarm_msgs/xarm_msgs/srv/detail/linear_motor_back_origin__type_support.h
[54.181s] -- Symlinking: /home/anatoly/ros2k_ws/install/xarm_msgs/include/xarm_msgs/xarm_msgs/srv/detail/linear_motor_set_pos__functions.h
[54.191s] -- Symlinking: /home/anatoly/ros2k_ws/install/xarm_msgs/include/xarm_msgs/xarm_msgs/srv/detail/linear_motor_set_pos__struct.h
[54.201s] -- Symlinking: /home/anatoly/ros2k_ws/install/xarm_msgs/include/xarm_msgs/xarm_msgs/srv/detail/linear_motor_set_pos__type_support.h
[54.210s] -- Symlinking: /home/anatoly/ros2k_ws/install/xarm_msgs/include/xarm_msgs/xarm_msgs/srv/detail/linear_track_back_origin__functions.h
[54.220s] -- Symlinking: /home/anatoly/ros2k_ws/install/xarm_msgs/include/xarm_msgs/xarm_msgs/srv/detail/linear_track_back_origin__struct.h
[54.230s] -- Symlinking: /home/anatoly/ros2k_ws/install/xarm_msgs/include/xarm_msgs/xarm_msgs/srv/detail/linear_track_back_origin__type_support.h
[54.241s] -- Symlinking: /home/anatoly/ros2k_ws/install/xarm_msgs/include/xarm_msgs/xarm_msgs/srv/detail/linear_track_set_pos__functions.h
[54.250s] -- Symlinking: /home/anatoly/ros2k_ws/install/xarm_msgs/include/xarm_msgs/xarm_msgs/srv/detail/linear_track_set_pos__struct.h
[54.260s] -- Symlinking: /home/anatoly/ros2k_ws/install/xarm_msgs/include/xarm_msgs/xarm_msgs/srv/detail/linear_track_set_pos__type_support.h
[54.271s] -- Symlinking: /home/anatoly/ros2k_ws/install/xarm_msgs/include/xarm_msgs/xarm_msgs/srv/detail/move_cartesian__functions.h
[54.281s] -- Symlinking: /home/anatoly/ros2k_ws/install/xarm_msgs/include/xarm_msgs/xarm_msgs/srv/detail/move_cartesian__struct.h
[54.291s] -- Symlinking: /home/anatoly/ros2k_ws/install/xarm_msgs/include/xarm_msgs/xarm_msgs/srv/detail/move_cartesian__type_support.h
[54.302s] -- Symlinking: /home/anatoly/ros2k_ws/install/xarm_msgs/include/xarm_msgs/xarm_msgs/srv/detail/move_circle__functions.h
[54.312s] -- Symlinking: /home/anatoly/ros2k_ws/install/xarm_msgs/include/xarm_msgs/xarm_msgs/srv/detail/move_circle__struct.h
[54.323s] -- Symlinking: /home/anatoly/ros2k_ws/install/xarm_msgs/include/xarm_msgs/xarm_msgs/srv/detail/move_circle__type_support.h
[54.333s] -- Symlinking: /home/anatoly/ros2k_ws/install/xarm_msgs/include/xarm_msgs/xarm_msgs/srv/detail/move_home__functions.h
[54.344s] -- Symlinking: /home/anatoly/ros2k_ws/install/xarm_msgs/include/xarm_msgs/xarm_msgs/srv/detail/move_home__struct.h
[54.355s] -- Symlinking: /home/anatoly/ros2k_ws/install/xarm_msgs/include/xarm_msgs/xarm_msgs/srv/detail/move_home__type_support.h
[54.365s] -- Symlinking: /home/anatoly/ros2k_ws/install/xarm_msgs/include/xarm_msgs/xarm_msgs/srv/detail/move_joint__functions.h
[54.376s] -- Symlinking: /home/anatoly/ros2k_ws/install/xarm_msgs/include/xarm_msgs/xarm_msgs/srv/detail/move_joint__struct.h
[54.386s] -- Symlinking: /home/anatoly/ros2k_ws/install/xarm_msgs/include/xarm_msgs/xarm_msgs/srv/detail/move_joint__type_support.h
[54.397s] -- Symlinking: /home/anatoly/ros2k_ws/install/xarm_msgs/include/xarm_msgs/xarm_msgs/srv/detail/move_velocity__functions.h
[54.407s] -- Symlinking: /home/anatoly/ros2k_ws/install/xarm_msgs/include/xarm_msgs/xarm_msgs/srv/detail/move_velocity__struct.h
[54.418s] -- Symlinking: /home/anatoly/ros2k_ws/install/xarm_msgs/include/xarm_msgs/xarm_msgs/srv/detail/move_velocity__type_support.h
[54.429s] -- Symlinking: /home/anatoly/ros2k_ws/install/xarm_msgs/include/xarm_msgs/xarm_msgs/srv/detail/plan_exec__functions.h
[54.439s] -- Symlinking: /home/anatoly/ros2k_ws/install/xarm_msgs/include/xarm_msgs/xarm_msgs/srv/detail/plan_exec__struct.h
[54.450s] -- Symlinking: /home/anatoly/ros2k_ws/install/xarm_msgs/include/xarm_msgs/xarm_msgs/srv/detail/plan_exec__type_support.h
[54.460s] -- Symlinking: /home/anatoly/ros2k_ws/install/xarm_msgs/include/xarm_msgs/xarm_msgs/srv/detail/plan_joint__functions.h
[54.470s] -- Symlinking: /home/anatoly/ros2k_ws/install/xarm_msgs/include/xarm_msgs/xarm_msgs/srv/detail/plan_joint__struct.h
[54.482s] -- Symlinking: /home/anatoly/ros2k_ws/install/xarm_msgs/include/xarm_msgs/xarm_msgs/srv/detail/plan_joint__type_support.h
[54.492s] -- Symlinking: /home/anatoly/ros2k_ws/install/xarm_msgs/include/xarm_msgs/xarm_msgs/srv/detail/plan_pose__functions.h
[54.503s] -- Symlinking: /home/anatoly/ros2k_ws/install/xarm_msgs/include/xarm_msgs/xarm_msgs/srv/detail/plan_pose__struct.h
[54.512s] -- Symlinking: /home/anatoly/ros2k_ws/install/xarm_msgs/include/xarm_msgs/xarm_msgs/srv/detail/plan_pose__type_support.h
[54.524s] -- Symlinking: /home/anatoly/ros2k_ws/install/xarm_msgs/include/xarm_msgs/xarm_msgs/srv/detail/plan_single_straight__functions.h
[54.534s] -- Symlinking: /home/anatoly/ros2k_ws/install/xarm_msgs/include/xarm_msgs/xarm_msgs/srv/detail/plan_single_straight__struct.h
[54.544s] -- Symlinking: /home/anatoly/ros2k_ws/install/xarm_msgs/include/xarm_msgs/xarm_msgs/srv/detail/plan_single_straight__type_support.h
[54.554s] -- Symlinking: /home/anatoly/ros2k_ws/install/xarm_msgs/include/xarm_msgs/xarm_msgs/srv/detail/robotiq_activate__functions.h
[54.564s] -- Symlinking: /home/anatoly/ros2k_ws/install/xarm_msgs/include/xarm_msgs/xarm_msgs/srv/detail/robotiq_activate__struct.h
[54.575s] -- Symlinking: /home/anatoly/ros2k_ws/install/xarm_msgs/include/xarm_msgs/xarm_msgs/srv/detail/robotiq_activate__type_support.h
[54.585s] -- Symlinking: /home/anatoly/ros2k_ws/install/xarm_msgs/include/xarm_msgs/xarm_msgs/srv/detail/robotiq_get_status__functions.h
[54.594s] -- Symlinking: /home/anatoly/ros2k_ws/install/xarm_msgs/include/xarm_msgs/xarm_msgs/srv/detail/robotiq_get_status__struct.h
[54.603s] -- Symlinking: /home/anatoly/ros2k_ws/install/xarm_msgs/include/xarm_msgs/xarm_msgs/srv/detail/robotiq_get_status__type_support.h
[54.613s] -- Symlinking: /home/anatoly/ros2k_ws/install/xarm_msgs/include/xarm_msgs/xarm_msgs/srv/detail/robotiq_move__functions.h
[54.624s] -- Symlinking: /home/anatoly/ros2k_ws/install/xarm_msgs/include/xarm_msgs/xarm_msgs/srv/detail/robotiq_move__struct.h
[54.634s] -- Symlinking: /home/anatoly/ros2k_ws/install/xarm_msgs/include/xarm_msgs/xarm_msgs/srv/detail/robotiq_move__type_support.h
[54.644s] -- Symlinking: /home/anatoly/ros2k_ws/install/xarm_msgs/include/xarm_msgs/xarm_msgs/srv/detail/robotiq_reset__functions.h
[54.654s] -- Symlinking: /home/anatoly/ros2k_ws/install/xarm_msgs/include/xarm_msgs/xarm_msgs/srv/detail/robotiq_reset__struct.h
[54.663s] -- Symlinking: /home/anatoly/ros2k_ws/install/xarm_msgs/include/xarm_msgs/xarm_msgs/srv/detail/robotiq_reset__type_support.h
[54.673s] -- Symlinking: /home/anatoly/ros2k_ws/install/xarm_msgs/include/xarm_msgs/xarm_msgs/srv/detail/set_analog_io__functions.h
[54.683s] -- Symlinking: /home/anatoly/ros2k_ws/install/xarm_msgs/include/xarm_msgs/xarm_msgs/srv/detail/set_analog_io__struct.h
[54.693s] -- Symlinking: /home/anatoly/ros2k_ws/install/xarm_msgs/include/xarm_msgs/xarm_msgs/srv/detail/set_analog_io__type_support.h
[54.702s] -- Symlinking: /home/anatoly/ros2k_ws/install/xarm_msgs/include/xarm_msgs/xarm_msgs/srv/detail/set_digital_io__functions.h
[54.713s] -- Symlinking: /home/anatoly/ros2k_ws/install/xarm_msgs/include/xarm_msgs/xarm_msgs/srv/detail/set_digital_io__struct.h
[54.724s] -- Symlinking: /home/anatoly/ros2k_ws/install/xarm_msgs/include/xarm_msgs/xarm_msgs/srv/detail/set_digital_io__type_support.h
[54.734s] -- Symlinking: /home/anatoly/ros2k_ws/install/xarm_msgs/include/xarm_msgs/xarm_msgs/srv/detail/set_float32__functions.h
[54.743s] -- Symlinking: /home/anatoly/ros2k_ws/install/xarm_msgs/include/xarm_msgs/xarm_msgs/srv/detail/set_float32__struct.h
[54.753s] -- Symlinking: /home/anatoly/ros2k_ws/install/xarm_msgs/include/xarm_msgs/xarm_msgs/srv/detail/set_float32__type_support.h
[54.762s] -- Symlinking: /home/anatoly/ros2k_ws/install/xarm_msgs/include/xarm_msgs/xarm_msgs/srv/detail/set_float32_list__functions.h
[54.774s] -- Symlinking: /home/anatoly/ros2k_ws/install/xarm_msgs/include/xarm_msgs/xarm_msgs/srv/detail/set_float32_list__struct.h
[54.784s] -- Symlinking: /home/anatoly/ros2k_ws/install/xarm_msgs/include/xarm_msgs/xarm_msgs/srv/detail/set_float32_list__type_support.h
[54.794s] -- Symlinking: /home/anatoly/ros2k_ws/install/xarm_msgs/include/xarm_msgs/xarm_msgs/srv/detail/set_int16__functions.h
[54.804s] -- Symlinking: /home/anatoly/ros2k_ws/install/xarm_msgs/include/xarm_msgs/xarm_msgs/srv/detail/set_int16__struct.h
[54.815s] -- Symlinking: /home/anatoly/ros2k_ws/install/xarm_msgs/include/xarm_msgs/xarm_msgs/srv/detail/set_int16__type_support.h
[54.825s] -- Symlinking: /home/anatoly/ros2k_ws/install/xarm_msgs/include/xarm_msgs/xarm_msgs/srv/detail/set_int16_by_id__functions.h
[54.835s] -- Symlinking: /home/anatoly/ros2k_ws/install/xarm_msgs/include/xarm_msgs/xarm_msgs/srv/detail/set_int16_by_id__struct.h
[54.846s] -- Symlinking: /home/anatoly/ros2k_ws/install/xarm_msgs/include/xarm_msgs/xarm_msgs/srv/detail/set_int16_by_id__type_support.h
[54.856s] -- Symlinking: /home/anatoly/ros2k_ws/install/xarm_msgs/include/xarm_msgs/xarm_msgs/srv/detail/set_int16_list__functions.h
[54.867s] -- Symlinking: /home/anatoly/ros2k_ws/install/xarm_msgs/include/xarm_msgs/xarm_msgs/srv/detail/set_int16_list__struct.h
[54.877s] -- Symlinking: /home/anatoly/ros2k_ws/install/xarm_msgs/include/xarm_msgs/xarm_msgs/srv/detail/set_int16_list__type_support.h
[54.888s] -- Symlinking: /home/anatoly/ros2k_ws/install/xarm_msgs/include/xarm_msgs/xarm_msgs/srv/detail/set_int32__functions.h
[54.899s] -- Symlinking: /home/anatoly/ros2k_ws/install/xarm_msgs/include/xarm_msgs/xarm_msgs/srv/detail/set_int32__struct.h
[54.910s] -- Symlinking: /home/anatoly/ros2k_ws/install/xarm_msgs/include/xarm_msgs/xarm_msgs/srv/detail/set_int32__type_support.h
[54.920s] -- Symlinking: /home/anatoly/ros2k_ws/install/xarm_msgs/include/xarm_msgs/xarm_msgs/srv/detail/set_int32_by_type__functions.h
[54.930s] -- Symlinking: /home/anatoly/ros2k_ws/install/xarm_msgs/include/xarm_msgs/xarm_msgs/srv/detail/set_int32_by_type__struct.h
[54.940s] -- Symlinking: /home/anatoly/ros2k_ws/install/xarm_msgs/include/xarm_msgs/xarm_msgs/srv/detail/set_int32_by_type__type_support.h
[54.951s] -- Symlinking: /home/anatoly/ros2k_ws/install/xarm_msgs/include/xarm_msgs/xarm_msgs/srv/detail/set_modbus_timeout__functions.h
[54.962s] -- Symlinking: /home/anatoly/ros2k_ws/install/xarm_msgs/include/xarm_msgs/xarm_msgs/srv/detail/set_modbus_timeout__struct.h
[54.972s] -- Symlinking: /home/anatoly/ros2k_ws/install/xarm_msgs/include/xarm_msgs/xarm_msgs/srv/detail/set_modbus_timeout__type_support.h
[54.981s] -- Symlinking: /home/anatoly/ros2k_ws/install/xarm_msgs/include/xarm_msgs/xarm_msgs/srv/detail/set_tcp_load__functions.h
[54.992s] -- Symlinking: /home/anatoly/ros2k_ws/install/xarm_msgs/include/xarm_msgs/xarm_msgs/srv/detail/set_tcp_load__struct.h
[55.003s] -- Symlinking: /home/anatoly/ros2k_ws/install/xarm_msgs/include/xarm_msgs/xarm_msgs/srv/detail/set_tcp_load__type_support.h
[55.014s] -- Symlinking: /home/anatoly/ros2k_ws/install/xarm_msgs/include/xarm_msgs/xarm_msgs/srv/detail/traj_ctrl__functions.h
[55.024s] -- Symlinking: /home/anatoly/ros2k_ws/install/xarm_msgs/include/xarm_msgs/xarm_msgs/srv/detail/traj_ctrl__struct.h
[55.035s] -- Symlinking: /home/anatoly/ros2k_ws/install/xarm_msgs/include/xarm_msgs/xarm_msgs/srv/detail/traj_ctrl__type_support.h
[55.044s] -- Symlinking: /home/anatoly/ros2k_ws/install/xarm_msgs/include/xarm_msgs/xarm_msgs/srv/detail/traj_play__functions.h
[55.055s] -- Symlinking: /home/anatoly/ros2k_ws/install/xarm_msgs/include/xarm_msgs/xarm_msgs/srv/detail/traj_play__struct.h
[55.066s] -- Symlinking: /home/anatoly/ros2k_ws/install/xarm_msgs/include/xarm_msgs/xarm_msgs/srv/detail/traj_play__type_support.h
[55.076s] -- Symlinking: /home/anatoly/ros2k_ws/install/xarm_msgs/include/xarm_msgs/xarm_msgs/srv/detail/vacuum_gripper_ctrl__functions.h
[55.086s] -- Symlinking: /home/anatoly/ros2k_ws/install/xarm_msgs/include/xarm_msgs/xarm_msgs/srv/detail/vacuum_gripper_ctrl__struct.h
[55.096s] -- Symlinking: /home/anatoly/ros2k_ws/install/xarm_msgs/include/xarm_msgs/xarm_msgs/srv/detail/vacuum_gripper_ctrl__type_support.h
[55.107s] -- Symlinking: /home/anatoly/ros2k_ws/install/xarm_msgs/include/xarm_msgs/xarm_msgs/srv/ft_admittance_params.h
[55.117s] -- Symlinking: /home/anatoly/ros2k_ws/install/xarm_msgs/include/xarm_msgs/xarm_msgs/srv/ft_cali_load.h
[55.127s] -- Symlinking: /home/anatoly/ros2k_ws/install/xarm_msgs/include/xarm_msgs/xarm_msgs/srv/ft_force_config.h
[55.137s] -- Symlinking: /home/anatoly/ros2k_ws/install/xarm_msgs/include/xarm_msgs/xarm_msgs/srv/ft_force_params.h
[55.148s] -- Symlinking: /home/anatoly/ros2k_ws/install/xarm_msgs/include/xarm_msgs/xarm_msgs/srv/ft_force_pid.h
[55.159s] -- Symlinking: /home/anatoly/ros2k_ws/install/xarm_msgs/include/xarm_msgs/xarm_msgs/srv/ft_impedance.h
[55.168s] -- Symlinking: /home/anatoly/ros2k_ws/install/xarm_msgs/include/xarm_msgs/xarm_msgs/srv/get_analog_io.h
[55.179s] -- Symlinking: /home/anatoly/ros2k_ws/install/xarm_msgs/include/xarm_msgs/xarm_msgs/srv/get_digital_io.h
[55.190s] -- Symlinking: /home/anatoly/ros2k_ws/install/xarm_msgs/include/xarm_msgs/xarm_msgs/srv/get_float32.h
[55.201s] -- Symlinking: /home/anatoly/ros2k_ws/install/xarm_msgs/include/xarm_msgs/xarm_msgs/srv/get_float32_list.h
[55.212s] -- Symlinking: /home/anatoly/ros2k_ws/install/xarm_msgs/include/xarm_msgs/xarm_msgs/srv/get_int16.h
[55.222s] -- Symlinking: /home/anatoly/ros2k_ws/install/xarm_msgs/include/xarm_msgs/xarm_msgs/srv/get_int16_list.h
[55.233s] -- Symlinking: /home/anatoly/ros2k_ws/install/xarm_msgs/include/xarm_msgs/xarm_msgs/srv/get_int32.h
[55.243s] -- Symlinking: /home/anatoly/ros2k_ws/install/xarm_msgs/include/xarm_msgs/xarm_msgs/srv/get_int32_by_type.h
[55.254s] -- Symlinking: /home/anatoly/ros2k_ws/install/xarm_msgs/include/xarm_msgs/xarm_msgs/srv/get_set_modbus_data.h
[55.265s] -- Symlinking: /home/anatoly/ros2k_ws/install/xarm_msgs/include/xarm_msgs/xarm_msgs/srv/gripper_move.h
[55.275s] -- Symlinking: /home/anatoly/ros2k_ws/install/xarm_msgs/include/xarm_msgs/xarm_msgs/srv/iden_load.h
[55.285s] -- Symlinking: /home/anatoly/ros2k_ws/install/xarm_msgs/include/xarm_msgs/xarm_msgs/srv/linear_motor_back_origin.h
[55.296s] -- Symlinking: /home/anatoly/ros2k_ws/install/xarm_msgs/include/xarm_msgs/xarm_msgs/srv/linear_motor_set_pos.h
[55.307s] -- Symlinking: /home/anatoly/ros2k_ws/install/xarm_msgs/include/xarm_msgs/xarm_msgs/srv/linear_track_back_origin.h
[55.318s] -- Symlinking: /home/anatoly/ros2k_ws/install/xarm_msgs/include/xarm_msgs/xarm_msgs/srv/linear_track_set_pos.h
[55.328s] -- Symlinking: /home/anatoly/ros2k_ws/install/xarm_msgs/include/xarm_msgs/xarm_msgs/srv/move_cartesian.h
[55.339s] -- Symlinking: /home/anatoly/ros2k_ws/install/xarm_msgs/include/xarm_msgs/xarm_msgs/srv/move_circle.h
[55.349s] -- Symlinking: /home/anatoly/ros2k_ws/install/xarm_msgs/include/xarm_msgs/xarm_msgs/srv/move_home.h
[55.359s] -- Symlinking: /home/anatoly/ros2k_ws/install/xarm_msgs/include/xarm_msgs/xarm_msgs/srv/move_joint.h
[55.370s] -- Symlinking: /home/anatoly/ros2k_ws/install/xarm_msgs/include/xarm_msgs/xarm_msgs/srv/move_velocity.h
[55.380s] -- Symlinking: /home/anatoly/ros2k_ws/install/xarm_msgs/include/xarm_msgs/xarm_msgs/srv/plan_exec.h
[55.389s] -- Symlinking: /home/anatoly/ros2k_ws/install/xarm_msgs/include/xarm_msgs/xarm_msgs/srv/plan_joint.h
[55.399s] -- Symlinking: /home/anatoly/ros2k_ws/install/xarm_msgs/include/xarm_msgs/xarm_msgs/srv/plan_pose.h
[55.408s] -- Symlinking: /home/anatoly/ros2k_ws/install/xarm_msgs/include/xarm_msgs/xarm_msgs/srv/plan_single_straight.h
[55.418s] -- Symlinking: /home/anatoly/ros2k_ws/install/xarm_msgs/include/xarm_msgs/xarm_msgs/srv/robotiq_activate.h
[55.429s] -- Symlinking: /home/anatoly/ros2k_ws/install/xarm_msgs/include/xarm_msgs/xarm_msgs/srv/robotiq_get_status.h
[55.438s] -- Symlinking: /home/anatoly/ros2k_ws/install/xarm_msgs/include/xarm_msgs/xarm_msgs/srv/robotiq_move.h
[55.448s] -- Symlinking: /home/anatoly/ros2k_ws/install/xarm_msgs/include/xarm_msgs/xarm_msgs/srv/robotiq_reset.h
[55.457s] -- Symlinking: /home/anatoly/ros2k_ws/install/xarm_msgs/include/xarm_msgs/xarm_msgs/srv/set_analog_io.h
[55.468s] -- Symlinking: /home/anatoly/ros2k_ws/install/xarm_msgs/include/xarm_msgs/xarm_msgs/srv/set_digital_io.h
[55.479s] -- Symlinking: /home/anatoly/ros2k_ws/install/xarm_msgs/include/xarm_msgs/xarm_msgs/srv/set_float32.h
[55.489s] -- Symlinking: /home/anatoly/ros2k_ws/install/xarm_msgs/include/xarm_msgs/xarm_msgs/srv/set_float32_list.h
[55.499s] -- Symlinking: /home/anatoly/ros2k_ws/install/xarm_msgs/include/xarm_msgs/xarm_msgs/srv/set_int16.h
[55.510s] -- Symlinking: /home/anatoly/ros2k_ws/install/xarm_msgs/include/xarm_msgs/xarm_msgs/srv/set_int16_by_id.h
[55.521s] -- Symlinking: /home/anatoly/ros2k_ws/install/xarm_msgs/include/xarm_msgs/xarm_msgs/srv/set_int16_list.h
[55.531s] -- Symlinking: /home/anatoly/ros2k_ws/install/xarm_msgs/include/xarm_msgs/xarm_msgs/srv/set_int32.h
[55.542s] -- Symlinking: /home/anatoly/ros2k_ws/install/xarm_msgs/include/xarm_msgs/xarm_msgs/srv/set_int32_by_type.h
[55.552s] -- Symlinking: /home/anatoly/ros2k_ws/install/xarm_msgs/include/xarm_msgs/xarm_msgs/srv/set_modbus_timeout.h
[55.563s] -- Symlinking: /home/anatoly/ros2k_ws/install/xarm_msgs/include/xarm_msgs/xarm_msgs/srv/set_tcp_load.h
[55.574s] -- Symlinking: /home/anatoly/ros2k_ws/install/xarm_msgs/include/xarm_msgs/xarm_msgs/srv/traj_ctrl.h
[55.584s] -- Symlinking: /home/anatoly/ros2k_ws/install/xarm_msgs/include/xarm_msgs/xarm_msgs/srv/traj_play.h
[55.594s] -- Symlinking: /home/anatoly/ros2k_ws/install/xarm_msgs/include/xarm_msgs/xarm_msgs/srv/vacuum_gripper_ctrl.h
[55.605s] -- Symlinking: /home/anatoly/ros2k_ws/install/xarm_msgs/share/xarm_msgs/environment/library_path.sh
[55.615s] -- Symlinking: /home/anatoly/ros2k_ws/install/xarm_msgs/share/xarm_msgs/environment/library_path.dsv
[55.627s] -- Symlinking: /home/anatoly/ros2k_ws/install/xarm_msgs/include/xarm_msgs/xarm_msgs/msg/detail/cio_state__rosidl_typesupport_fastrtps_c.h
[55.637s] -- Symlinking: /home/anatoly/ros2k_ws/install/xarm_msgs/include/xarm_msgs/xarm_msgs/msg/detail/io_state__rosidl_typesupport_fastrtps_c.h
[55.648s] -- Symlinking: /home/anatoly/ros2k_ws/install/xarm_msgs/include/xarm_msgs/xarm_msgs/msg/detail/move_velocity__rosidl_typesupport_fastrtps_c.h
[55.657s] -- Symlinking: /home/anatoly/ros2k_ws/install/xarm_msgs/include/xarm_msgs/xarm_msgs/msg/detail/robot_msg__rosidl_typesupport_fastrtps_c.h
[55.669s] -- Symlinking: /home/anatoly/ros2k_ws/install/xarm_msgs/include/xarm_msgs/xarm_msgs/msg/rosidl_typesupport_fastrtps_c__visibility_control.h
[55.681s] -- Symlinking: /home/anatoly/ros2k_ws/install/xarm_msgs/include/xarm_msgs/xarm_msgs/srv/detail/bio_gripper_ctrl__rosidl_typesupport_fastrtps_c.h
[55.693s] -- Symlinking: /home/anatoly/ros2k_ws/install/xarm_msgs/include/xarm_msgs/xarm_msgs/srv/detail/bio_gripper_enable__rosidl_typesupport_fastrtps_c.h
[55.703s] -- Symlinking: /home/anatoly/ros2k_ws/install/xarm_msgs/include/xarm_msgs/xarm_msgs/srv/detail/call__rosidl_typesupport_fastrtps_c.h
[55.714s] -- Symlinking: /home/anatoly/ros2k_ws/install/xarm_msgs/include/xarm_msgs/xarm_msgs/srv/detail/ft_admittance_params__rosidl_typesupport_fastrtps_c.h
[55.724s] -- Symlinking: /home/anatoly/ros2k_ws/install/xarm_msgs/include/xarm_msgs/xarm_msgs/srv/detail/ft_cali_load__rosidl_typesupport_fastrtps_c.h
[55.733s] -- Symlinking: /home/anatoly/ros2k_ws/install/xarm_msgs/include/xarm_msgs/xarm_msgs/srv/detail/ft_force_config__rosidl_typesupport_fastrtps_c.h
[55.742s] -- Symlinking: /home/anatoly/ros2k_ws/install/xarm_msgs/include/xarm_msgs/xarm_msgs/srv/detail/ft_force_params__rosidl_typesupport_fastrtps_c.h
[55.753s] -- Symlinking: /home/anatoly/ros2k_ws/install/xarm_msgs/include/xarm_msgs/xarm_msgs/srv/detail/ft_force_pid__rosidl_typesupport_fastrtps_c.h
[55.764s] -- Symlinking: /home/anatoly/ros2k_ws/install/xarm_msgs/include/xarm_msgs/xarm_msgs/srv/detail/ft_impedance__rosidl_typesupport_fastrtps_c.h
[55.774s] -- Symlinking: /home/anatoly/ros2k_ws/install/xarm_msgs/include/xarm_msgs/xarm_msgs/srv/detail/get_analog_io__rosidl_typesupport_fastrtps_c.h
[55.783s] -- Symlinking: /home/anatoly/ros2k_ws/install/xarm_msgs/include/xarm_msgs/xarm_msgs/srv/detail/get_digital_io__rosidl_typesupport_fastrtps_c.h
[55.792s] -- Symlinking: /home/anatoly/ros2k_ws/install/xarm_msgs/include/xarm_msgs/xarm_msgs/srv/detail/get_float32__rosidl_typesupport_fastrtps_c.h
[55.803s] -- Symlinking: /home/anatoly/ros2k_ws/install/xarm_msgs/include/xarm_msgs/xarm_msgs/srv/detail/get_float32_list__rosidl_typesupport_fastrtps_c.h
[55.814s] -- Symlinking: /home/anatoly/ros2k_ws/install/xarm_msgs/include/xarm_msgs/xarm_msgs/srv/detail/get_int16__rosidl_typesupport_fastrtps_c.h
[55.825s] -- Symlinking: /home/anatoly/ros2k_ws/install/xarm_msgs/include/xarm_msgs/xarm_msgs/srv/detail/get_int16_list__rosidl_typesupport_fastrtps_c.h
[55.835s] -- Symlinking: /home/anatoly/ros2k_ws/install/xarm_msgs/include/xarm_msgs/xarm_msgs/srv/detail/get_int32__rosidl_typesupport_fastrtps_c.h
[55.846s] -- Symlinking: /home/anatoly/ros2k_ws/install/xarm_msgs/include/xarm_msgs/xarm_msgs/srv/detail/get_int32_by_type__rosidl_typesupport_fastrtps_c.h
[55.856s] -- Symlinking: /home/anatoly/ros2k_ws/install/xarm_msgs/include/xarm_msgs/xarm_msgs/srv/detail/get_set_modbus_data__rosidl_typesupport_fastrtps_c.h
[55.866s] -- Symlinking: /home/anatoly/ros2k_ws/install/xarm_msgs/include/xarm_msgs/xarm_msgs/srv/detail/gripper_move__rosidl_typesupport_fastrtps_c.h
[55.876s] -- Symlinking: /home/anatoly/ros2k_ws/install/xarm_msgs/include/xarm_msgs/xarm_msgs/srv/detail/iden_load__rosidl_typesupport_fastrtps_c.h
[55.885s] -- Symlinking: /home/anatoly/ros2k_ws/install/xarm_msgs/include/xarm_msgs/xarm_msgs/srv/detail/linear_motor_back_origin__rosidl_typesupport_fastrtps_c.h
[55.897s] -- Symlinking: /home/anatoly/ros2k_ws/install/xarm_msgs/include/xarm_msgs/xarm_msgs/srv/detail/linear_motor_set_pos__rosidl_typesupport_fastrtps_c.h
[55.906s] -- Symlinking: /home/anatoly/ros2k_ws/install/xarm_msgs/include/xarm_msgs/xarm_msgs/srv/detail/linear_track_back_origin__rosidl_typesupport_fastrtps_c.h
[55.916s] -- Symlinking: /home/anatoly/ros2k_ws/install/xarm_msgs/include/xarm_msgs/xarm_msgs/srv/detail/linear_track_set_pos__rosidl_typesupport_fastrtps_c.h
[55.927s] -- Symlinking: /home/anatoly/ros2k_ws/install/xarm_msgs/include/xarm_msgs/xarm_msgs/srv/detail/move_cartesian__rosidl_typesupport_fastrtps_c.h
[55.937s] -- Symlinking: /home/anatoly/ros2k_ws/install/xarm_msgs/include/xarm_msgs/xarm_msgs/srv/detail/move_circle__rosidl_typesupport_fastrtps_c.h
[55.947s] -- Symlinking: /home/anatoly/ros2k_ws/install/xarm_msgs/include/xarm_msgs/xarm_msgs/srv/detail/move_home__rosidl_typesupport_fastrtps_c.h
[55.958s] -- Symlinking: /home/anatoly/ros2k_ws/install/xarm_msgs/include/xarm_msgs/xarm_msgs/srv/detail/move_joint__rosidl_typesupport_fastrtps_c.h
[55.969s] -- Symlinking: /home/anatoly/ros2k_ws/install/xarm_msgs/include/xarm_msgs/xarm_msgs/srv/detail/move_velocity__rosidl_typesupport_fastrtps_c.h
[55.980s] -- Symlinking: /home/anatoly/ros2k_ws/install/xarm_msgs/include/xarm_msgs/xarm_msgs/srv/detail/plan_exec__rosidl_typesupport_fastrtps_c.h
[55.991s] -- Symlinking: /home/anatoly/ros2k_ws/install/xarm_msgs/include/xarm_msgs/xarm_msgs/srv/detail/plan_joint__rosidl_typesupport_fastrtps_c.h
[56.001s] -- Symlinking: /home/anatoly/ros2k_ws/install/xarm_msgs/include/xarm_msgs/xarm_msgs/srv/detail/plan_pose__rosidl_typesupport_fastrtps_c.h
[56.010s] -- Symlinking: /home/anatoly/ros2k_ws/install/xarm_msgs/include/xarm_msgs/xarm_msgs/srv/detail/plan_single_straight__rosidl_typesupport_fastrtps_c.h
[56.021s] -- Symlinking: /home/anatoly/ros2k_ws/install/xarm_msgs/include/xarm_msgs/xarm_msgs/srv/detail/robotiq_activate__rosidl_typesupport_fastrtps_c.h
[56.031s] -- Symlinking: /home/anatoly/ros2k_ws/install/xarm_msgs/include/xarm_msgs/xarm_msgs/srv/detail/robotiq_get_status__rosidl_typesupport_fastrtps_c.h
[56.042s] -- Symlinking: /home/anatoly/ros2k_ws/install/xarm_msgs/include/xarm_msgs/xarm_msgs/srv/detail/robotiq_move__rosidl_typesupport_fastrtps_c.h
[56.052s] -- Symlinking: /home/anatoly/ros2k_ws/install/xarm_msgs/include/xarm_msgs/xarm_msgs/srv/detail/robotiq_reset__rosidl_typesupport_fastrtps_c.h
[56.061s] -- Symlinking: /home/anatoly/ros2k_ws/install/xarm_msgs/include/xarm_msgs/xarm_msgs/srv/detail/set_analog_io__rosidl_typesupport_fastrtps_c.h
[56.070s] -- Symlinking: /home/anatoly/ros2k_ws/install/xarm_msgs/include/xarm_msgs/xarm_msgs/srv/detail/set_digital_io__rosidl_typesupport_fastrtps_c.h
[56.082s] -- Symlinking: /home/anatoly/ros2k_ws/install/xarm_msgs/include/xarm_msgs/xarm_msgs/srv/detail/set_float32__rosidl_typesupport_fastrtps_c.h
[56.093s] -- Symlinking: /home/anatoly/ros2k_ws/install/xarm_msgs/include/xarm_msgs/xarm_msgs/srv/detail/set_float32_list__rosidl_typesupport_fastrtps_c.h
[56.103s] -- Symlinking: /home/anatoly/ros2k_ws/install/xarm_msgs/include/xarm_msgs/xarm_msgs/srv/detail/set_int16__rosidl_typesupport_fastrtps_c.h
[56.114s] -- Symlinking: /home/anatoly/ros2k_ws/install/xarm_msgs/include/xarm_msgs/xarm_msgs/srv/detail/set_int16_by_id__rosidl_typesupport_fastrtps_c.h
[56.123s] -- Symlinking: /home/anatoly/ros2k_ws/install/xarm_msgs/include/xarm_msgs/xarm_msgs/srv/detail/set_int16_list__rosidl_typesupport_fastrtps_c.h
[56.133s] -- Symlinking: /home/anatoly/ros2k_ws/install/xarm_msgs/include/xarm_msgs/xarm_msgs/srv/detail/set_int32__rosidl_typesupport_fastrtps_c.h
[56.144s] -- Symlinking: /home/anatoly/ros2k_ws/install/xarm_msgs/include/xarm_msgs/xarm_msgs/srv/detail/set_int32_by_type__rosidl_typesupport_fastrtps_c.h
[56.155s] -- Symlinking: /home/anatoly/ros2k_ws/install/xarm_msgs/include/xarm_msgs/xarm_msgs/srv/detail/set_modbus_timeout__rosidl_typesupport_fastrtps_c.h
[56.165s] -- Symlinking: /home/anatoly/ros2k_ws/install/xarm_msgs/include/xarm_msgs/xarm_msgs/srv/detail/set_tcp_load__rosidl_typesupport_fastrtps_c.h
[56.177s] -- Symlinking: /home/anatoly/ros2k_ws/install/xarm_msgs/include/xarm_msgs/xarm_msgs/srv/detail/traj_ctrl__rosidl_typesupport_fastrtps_c.h
[56.188s] -- Symlinking: /home/anatoly/ros2k_ws/install/xarm_msgs/include/xarm_msgs/xarm_msgs/srv/detail/traj_play__rosidl_typesupport_fastrtps_c.h
[56.199s] -- Symlinking: /home/anatoly/ros2k_ws/install/xarm_msgs/include/xarm_msgs/xarm_msgs/srv/detail/vacuum_gripper_ctrl__rosidl_typesupport_fastrtps_c.h
[56.212s] -- Symlinking: /home/anatoly/ros2k_ws/install/xarm_msgs/include/xarm_msgs/xarm_msgs/msg/cio_state.hpp
[56.224s] -- Symlinking: /home/anatoly/ros2k_ws/install/xarm_msgs/include/xarm_msgs/xarm_msgs/msg/detail/cio_state__builder.hpp
[56.234s] -- Symlinking: /home/anatoly/ros2k_ws/install/xarm_msgs/include/xarm_msgs/xarm_msgs/msg/detail/cio_state__struct.hpp
[56.244s] -- Symlinking: /home/anatoly/ros2k_ws/install/xarm_msgs/include/xarm_msgs/xarm_msgs/msg/detail/cio_state__traits.hpp
[56.255s] -- Symlinking: /home/anatoly/ros2k_ws/install/xarm_msgs/include/xarm_msgs/xarm_msgs/msg/detail/cio_state__type_support.hpp
[56.266s] -- Symlinking: /home/anatoly/ros2k_ws/install/xarm_msgs/include/xarm_msgs/xarm_msgs/msg/detail/io_state__builder.hpp
[56.275s] -- Symlinking: /home/anatoly/ros2k_ws/install/xarm_msgs/include/xarm_msgs/xarm_msgs/msg/detail/io_state__struct.hpp
[56.285s] -- Symlinking: /home/anatoly/ros2k_ws/install/xarm_msgs/include/xarm_msgs/xarm_msgs/msg/detail/io_state__traits.hpp
[56.295s] -- Symlinking: /home/anatoly/ros2k_ws/install/xarm_msgs/include/xarm_msgs/xarm_msgs/msg/detail/io_state__type_support.hpp
[56.306s] -- Symlinking: /home/anatoly/ros2k_ws/install/xarm_msgs/include/xarm_msgs/xarm_msgs/msg/detail/move_velocity__builder.hpp
[56.315s] -- Symlinking: /home/anatoly/ros2k_ws/install/xarm_msgs/include/xarm_msgs/xarm_msgs/msg/detail/move_velocity__struct.hpp
[56.325s] -- Symlinking: /home/anatoly/ros2k_ws/install/xarm_msgs/include/xarm_msgs/xarm_msgs/msg/detail/move_velocity__traits.hpp
[56.335s] -- Symlinking: /home/anatoly/ros2k_ws/install/xarm_msgs/include/xarm_msgs/xarm_msgs/msg/detail/move_velocity__type_support.hpp
[56.352s] -- Symlinking: /home/anatoly/ros2k_ws/install/xarm_msgs/include/xarm_msgs/xarm_msgs/msg/detail/robot_msg__builder.hpp
[56.363s] -- Symlinking: /home/anatoly/ros2k_ws/install/xarm_msgs/include/xarm_msgs/xarm_msgs/msg/detail/robot_msg__struct.hpp
[56.373s] -- Symlinking: /home/anatoly/ros2k_ws/install/xarm_msgs/include/xarm_msgs/xarm_msgs/msg/detail/robot_msg__traits.hpp
[56.384s] -- Symlinking: /home/anatoly/ros2k_ws/install/xarm_msgs/include/xarm_msgs/xarm_msgs/msg/detail/robot_msg__type_support.hpp
[56.394s] -- Symlinking: /home/anatoly/ros2k_ws/install/xarm_msgs/include/xarm_msgs/xarm_msgs/msg/io_state.hpp
[56.404s] -- Symlinking: /home/anatoly/ros2k_ws/install/xarm_msgs/include/xarm_msgs/xarm_msgs/msg/move_velocity.hpp
[56.415s] -- Symlinking: /home/anatoly/ros2k_ws/install/xarm_msgs/include/xarm_msgs/xarm_msgs/msg/robot_msg.hpp
[56.426s] -- Symlinking: /home/anatoly/ros2k_ws/install/xarm_msgs/include/xarm_msgs/xarm_msgs/msg/rosidl_generator_cpp__visibility_control.hpp
[56.435s] -- Symlinking: /home/anatoly/ros2k_ws/install/xarm_msgs/include/xarm_msgs/xarm_msgs/srv/bio_gripper_ctrl.hpp
[56.445s] -- Symlinking: /home/anatoly/ros2k_ws/install/xarm_msgs/include/xarm_msgs/xarm_msgs/srv/bio_gripper_enable.hpp
[56.454s] -- Symlinking: /home/anatoly/ros2k_ws/install/xarm_msgs/include/xarm_msgs/xarm_msgs/srv/call.hpp
[56.465s] -- Symlinking: /home/anatoly/ros2k_ws/install/xarm_msgs/include/xarm_msgs/xarm_msgs/srv/detail/bio_gripper_ctrl__builder.hpp
[56.475s] -- Symlinking: /home/anatoly/ros2k_ws/install/xarm_msgs/include/xarm_msgs/xarm_msgs/srv/detail/bio_gripper_ctrl__struct.hpp
[56.486s] -- Symlinking: /home/anatoly/ros2k_ws/install/xarm_msgs/include/xarm_msgs/xarm_msgs/srv/detail/bio_gripper_ctrl__traits.hpp
[56.495s] -- Symlinking: /home/anatoly/ros2k_ws/install/xarm_msgs/include/xarm_msgs/xarm_msgs/srv/detail/bio_gripper_ctrl__type_support.hpp
[56.506s] -- Symlinking: /home/anatoly/ros2k_ws/install/xarm_msgs/include/xarm_msgs/xarm_msgs/srv/detail/bio_gripper_enable__builder.hpp
[56.516s] -- Symlinking: /home/anatoly/ros2k_ws/install/xarm_msgs/include/xarm_msgs/xarm_msgs/srv/detail/bio_gripper_enable__struct.hpp
[56.527s] -- Symlinking: /home/anatoly/ros2k_ws/install/xarm_msgs/include/xarm_msgs/xarm_msgs/srv/detail/bio_gripper_enable__traits.hpp
[56.537s] -- Symlinking: /home/anatoly/ros2k_ws/install/xarm_msgs/include/xarm_msgs/xarm_msgs/srv/detail/bio_gripper_enable__type_support.hpp
[56.547s] -- Symlinking: /home/anatoly/ros2k_ws/install/xarm_msgs/include/xarm_msgs/xarm_msgs/srv/detail/call__builder.hpp
[56.557s] -- Symlinking: /home/anatoly/ros2k_ws/install/xarm_msgs/include/xarm_msgs/xarm_msgs/srv/detail/call__struct.hpp
[56.566s] -- Symlinking: /home/anatoly/ros2k_ws/install/xarm_msgs/include/xarm_msgs/xarm_msgs/srv/detail/call__traits.hpp
[56.576s] -- Symlinking: /home/anatoly/ros2k_ws/install/xarm_msgs/include/xarm_msgs/xarm_msgs/srv/detail/call__type_support.hpp
[56.587s] -- Symlinking: /home/anatoly/ros2k_ws/install/xarm_msgs/include/xarm_msgs/xarm_msgs/srv/detail/ft_admittance_params__builder.hpp
[56.596s] -- Symlinking: /home/anatoly/ros2k_ws/install/xarm_msgs/include/xarm_msgs/xarm_msgs/srv/detail/ft_admittance_params__struct.hpp
[56.606s] -- Symlinking: /home/anatoly/ros2k_ws/install/xarm_msgs/include/xarm_msgs/xarm_msgs/srv/detail/ft_admittance_params__traits.hpp
[56.616s] -- Symlinking: /home/anatoly/ros2k_ws/install/xarm_msgs/include/xarm_msgs/xarm_msgs/srv/detail/ft_admittance_params__type_support.hpp
[56.626s] -- Symlinking: /home/anatoly/ros2k_ws/install/xarm_msgs/include/xarm_msgs/xarm_msgs/srv/detail/ft_cali_load__builder.hpp
[56.635s] -- Symlinking: /home/anatoly/ros2k_ws/install/xarm_msgs/include/xarm_msgs/xarm_msgs/srv/detail/ft_cali_load__struct.hpp
[56.645s] -- Symlinking: /home/anatoly/ros2k_ws/install/xarm_msgs/include/xarm_msgs/xarm_msgs/srv/detail/ft_cali_load__traits.hpp
[56.655s] -- Symlinking: /home/anatoly/ros2k_ws/install/xarm_msgs/include/xarm_msgs/xarm_msgs/srv/detail/ft_cali_load__type_support.hpp
[56.666s] -- Symlinking: /home/anatoly/ros2k_ws/install/xarm_msgs/include/xarm_msgs/xarm_msgs/srv/detail/ft_force_config__builder.hpp
[56.676s] -- Symlinking: /home/anatoly/ros2k_ws/install/xarm_msgs/include/xarm_msgs/xarm_msgs/srv/detail/ft_force_config__struct.hpp
[56.685s] -- Symlinking: /home/anatoly/ros2k_ws/install/xarm_msgs/include/xarm_msgs/xarm_msgs/srv/detail/ft_force_config__traits.hpp
[56.696s] -- Symlinking: /home/anatoly/ros2k_ws/install/xarm_msgs/include/xarm_msgs/xarm_msgs/srv/detail/ft_force_config__type_support.hpp
[56.706s] -- Symlinking: /home/anatoly/ros2k_ws/install/xarm_msgs/include/xarm_msgs/xarm_msgs/srv/detail/ft_force_params__builder.hpp
[56.716s] -- Symlinking: /home/anatoly/ros2k_ws/install/xarm_msgs/include/xarm_msgs/xarm_msgs/srv/detail/ft_force_params__struct.hpp
[56.726s] -- Symlinking: /home/anatoly/ros2k_ws/install/xarm_msgs/include/xarm_msgs/xarm_msgs/srv/detail/ft_force_params__traits.hpp
[56.736s] -- Symlinking: /home/anatoly/ros2k_ws/install/xarm_msgs/include/xarm_msgs/xarm_msgs/srv/detail/ft_force_params__type_support.hpp
[56.747s] -- Symlinking: /home/anatoly/ros2k_ws/install/xarm_msgs/include/xarm_msgs/xarm_msgs/srv/detail/ft_force_pid__builder.hpp
[56.758s] -- Symlinking: /home/anatoly/ros2k_ws/install/xarm_msgs/include/xarm_msgs/xarm_msgs/srv/detail/ft_force_pid__struct.hpp
[56.769s] -- Symlinking: /home/anatoly/ros2k_ws/install/xarm_msgs/include/xarm_msgs/xarm_msgs/srv/detail/ft_force_pid__traits.hpp
[56.778s] -- Symlinking: /home/anatoly/ros2k_ws/install/xarm_msgs/include/xarm_msgs/xarm_msgs/srv/detail/ft_force_pid__type_support.hpp
[56.788s] -- Symlinking: /home/anatoly/ros2k_ws/install/xarm_msgs/include/xarm_msgs/xarm_msgs/srv/detail/ft_impedance__builder.hpp
[56.799s] -- Symlinking: /home/anatoly/ros2k_ws/install/xarm_msgs/include/xarm_msgs/xarm_msgs/srv/detail/ft_impedance__struct.hpp
[56.808s] -- Symlinking: /home/anatoly/ros2k_ws/install/xarm_msgs/include/xarm_msgs/xarm_msgs/srv/detail/ft_impedance__traits.hpp
[56.818s] -- Symlinking: /home/anatoly/ros2k_ws/install/xarm_msgs/include/xarm_msgs/xarm_msgs/srv/detail/ft_impedance__type_support.hpp
[56.827s] -- Symlinking: /home/anatoly/ros2k_ws/install/xarm_msgs/include/xarm_msgs/xarm_msgs/srv/detail/get_analog_io__builder.hpp
[56.839s] -- Symlinking: /home/anatoly/ros2k_ws/install/xarm_msgs/include/xarm_msgs/xarm_msgs/srv/detail/get_analog_io__struct.hpp
[56.848s] -- Symlinking: /home/anatoly/ros2k_ws/install/xarm_msgs/include/xarm_msgs/xarm_msgs/srv/detail/get_analog_io__traits.hpp
[56.859s] -- Symlinking: /home/anatoly/ros2k_ws/install/xarm_msgs/include/xarm_msgs/xarm_msgs/srv/detail/get_analog_io__type_support.hpp
[56.870s] -- Symlinking: /home/anatoly/ros2k_ws/install/xarm_msgs/include/xarm_msgs/xarm_msgs/srv/detail/get_digital_io__builder.hpp
[56.881s] -- Symlinking: /home/anatoly/ros2k_ws/install/xarm_msgs/include/xarm_msgs/xarm_msgs/srv/detail/get_digital_io__struct.hpp
[56.891s] -- Symlinking: /home/anatoly/ros2k_ws/install/xarm_msgs/include/xarm_msgs/xarm_msgs/srv/detail/get_digital_io__traits.hpp
[56.900s] -- Symlinking: /home/anatoly/ros2k_ws/install/xarm_msgs/include/xarm_msgs/xarm_msgs/srv/detail/get_digital_io__type_support.hpp
[56.910s] -- Symlinking: /home/anatoly/ros2k_ws/install/xarm_msgs/include/xarm_msgs/xarm_msgs/srv/detail/get_float32__builder.hpp
[56.921s] -- Symlinking: /home/anatoly/ros2k_ws/install/xarm_msgs/include/xarm_msgs/xarm_msgs/srv/detail/get_float32__struct.hpp
[56.931s] -- Symlinking: /home/anatoly/ros2k_ws/install/xarm_msgs/include/xarm_msgs/xarm_msgs/srv/detail/get_float32__traits.hpp
[56.941s] -- Symlinking: /home/anatoly/ros2k_ws/install/xarm_msgs/include/xarm_msgs/xarm_msgs/srv/detail/get_float32__type_support.hpp
[56.952s] -- Symlinking: /home/anatoly/ros2k_ws/install/xarm_msgs/include/xarm_msgs/xarm_msgs/srv/detail/get_float32_list__builder.hpp
[56.963s] -- Symlinking: /home/anatoly/ros2k_ws/install/xarm_msgs/include/xarm_msgs/xarm_msgs/srv/detail/get_float32_list__struct.hpp
[56.974s] -- Symlinking: /home/anatoly/ros2k_ws/install/xarm_msgs/include/xarm_msgs/xarm_msgs/srv/detail/get_float32_list__traits.hpp
[56.985s] -- Symlinking: /home/anatoly/ros2k_ws/install/xarm_msgs/include/xarm_msgs/xarm_msgs/srv/detail/get_float32_list__type_support.hpp
[56.995s] -- Symlinking: /home/anatoly/ros2k_ws/install/xarm_msgs/include/xarm_msgs/xarm_msgs/srv/detail/get_int16__builder.hpp
[57.006s] -- Symlinking: /home/anatoly/ros2k_ws/install/xarm_msgs/include/xarm_msgs/xarm_msgs/srv/detail/get_int16__struct.hpp
[57.015s] -- Symlinking: /home/anatoly/ros2k_ws/install/xarm_msgs/include/xarm_msgs/xarm_msgs/srv/detail/get_int16__traits.hpp
[57.026s] -- Symlinking: /home/anatoly/ros2k_ws/install/xarm_msgs/include/xarm_msgs/xarm_msgs/srv/detail/get_int16__type_support.hpp
[57.037s] -- Symlinking: /home/anatoly/ros2k_ws/install/xarm_msgs/include/xarm_msgs/xarm_msgs/srv/detail/get_int16_list__builder.hpp
[57.047s] -- Symlinking: /home/anatoly/ros2k_ws/install/xarm_msgs/include/xarm_msgs/xarm_msgs/srv/detail/get_int16_list__struct.hpp
[57.058s] -- Symlinking: /home/anatoly/ros2k_ws/install/xarm_msgs/include/xarm_msgs/xarm_msgs/srv/detail/get_int16_list__traits.hpp
[57.068s] -- Symlinking: /home/anatoly/ros2k_ws/install/xarm_msgs/include/xarm_msgs/xarm_msgs/srv/detail/get_int16_list__type_support.hpp
[57.079s] -- Symlinking: /home/anatoly/ros2k_ws/install/xarm_msgs/include/xarm_msgs/xarm_msgs/srv/detail/get_int32__builder.hpp
[57.090s] -- Symlinking: /home/anatoly/ros2k_ws/install/xarm_msgs/include/xarm_msgs/xarm_msgs/srv/detail/get_int32__struct.hpp
[57.101s] -- Symlinking: /home/anatoly/ros2k_ws/install/xarm_msgs/include/xarm_msgs/xarm_msgs/srv/detail/get_int32__traits.hpp
[57.111s] -- Symlinking: /home/anatoly/ros2k_ws/install/xarm_msgs/include/xarm_msgs/xarm_msgs/srv/detail/get_int32__type_support.hpp
[57.122s] -- Symlinking: /home/anatoly/ros2k_ws/install/xarm_msgs/include/xarm_msgs/xarm_msgs/srv/detail/get_int32_by_type__builder.hpp
[57.133s] -- Symlinking: /home/anatoly/ros2k_ws/install/xarm_msgs/include/xarm_msgs/xarm_msgs/srv/detail/get_int32_by_type__struct.hpp
[57.143s] -- Symlinking: /home/anatoly/ros2k_ws/install/xarm_msgs/include/xarm_msgs/xarm_msgs/srv/detail/get_int32_by_type__traits.hpp
[57.152s] -- Symlinking: /home/anatoly/ros2k_ws/install/xarm_msgs/include/xarm_msgs/xarm_msgs/srv/detail/get_int32_by_type__type_support.hpp
[57.163s] -- Symlinking: /home/anatoly/ros2k_ws/install/xarm_msgs/include/xarm_msgs/xarm_msgs/srv/detail/get_set_modbus_data__builder.hpp
[57.174s] -- Symlinking: /home/anatoly/ros2k_ws/install/xarm_msgs/include/xarm_msgs/xarm_msgs/srv/detail/get_set_modbus_data__struct.hpp
[57.185s] -- Symlinking: /home/anatoly/ros2k_ws/install/xarm_msgs/include/xarm_msgs/xarm_msgs/srv/detail/get_set_modbus_data__traits.hpp
[57.196s] -- Symlinking: /home/anatoly/ros2k_ws/install/xarm_msgs/include/xarm_msgs/xarm_msgs/srv/detail/get_set_modbus_data__type_support.hpp
[57.206s] -- Symlinking: /home/anatoly/ros2k_ws/install/xarm_msgs/include/xarm_msgs/xarm_msgs/srv/detail/gripper_move__builder.hpp
[57.217s] -- Symlinking: /home/anatoly/ros2k_ws/install/xarm_msgs/include/xarm_msgs/xarm_msgs/srv/detail/gripper_move__struct.hpp
[57.227s] -- Symlinking: /home/anatoly/ros2k_ws/install/xarm_msgs/include/xarm_msgs/xarm_msgs/srv/detail/gripper_move__traits.hpp
[57.238s] -- Symlinking: /home/anatoly/ros2k_ws/install/xarm_msgs/include/xarm_msgs/xarm_msgs/srv/detail/gripper_move__type_support.hpp
[57.248s] -- Symlinking: /home/anatoly/ros2k_ws/install/xarm_msgs/include/xarm_msgs/xarm_msgs/srv/detail/iden_load__builder.hpp
[57.259s] -- Symlinking: /home/anatoly/ros2k_ws/install/xarm_msgs/include/xarm_msgs/xarm_msgs/srv/detail/iden_load__struct.hpp
[57.269s] -- Symlinking: /home/anatoly/ros2k_ws/install/xarm_msgs/include/xarm_msgs/xarm_msgs/srv/detail/iden_load__traits.hpp
[57.279s] -- Symlinking: /home/anatoly/ros2k_ws/install/xarm_msgs/include/xarm_msgs/xarm_msgs/srv/detail/iden_load__type_support.hpp
[57.288s] -- Symlinking: /home/anatoly/ros2k_ws/install/xarm_msgs/include/xarm_msgs/xarm_msgs/srv/detail/linear_motor_back_origin__builder.hpp
[57.299s] -- Symlinking: /home/anatoly/ros2k_ws/install/xarm_msgs/include/xarm_msgs/xarm_msgs/srv/detail/linear_motor_back_origin__struct.hpp
[57.310s] -- Symlinking: /home/anatoly/ros2k_ws/install/xarm_msgs/include/xarm_msgs/xarm_msgs/srv/detail/linear_motor_back_origin__traits.hpp
[57.320s] -- Symlinking: /home/anatoly/ros2k_ws/install/xarm_msgs/include/xarm_msgs/xarm_msgs/srv/detail/linear_motor_back_origin__type_support.hpp
[57.330s] -- Symlinking: /home/anatoly/ros2k_ws/install/xarm_msgs/include/xarm_msgs/xarm_msgs/srv/detail/linear_motor_set_pos__builder.hpp
[57.340s] -- Symlinking: /home/anatoly/ros2k_ws/install/xarm_msgs/include/xarm_msgs/xarm_msgs/srv/detail/linear_motor_set_pos__struct.hpp
[57.349s] -- Symlinking: /home/anatoly/ros2k_ws/install/xarm_msgs/include/xarm_msgs/xarm_msgs/srv/detail/linear_motor_set_pos__traits.hpp
[57.361s] -- Symlinking: /home/anatoly/ros2k_ws/install/xarm_msgs/include/xarm_msgs/xarm_msgs/srv/detail/linear_motor_set_pos__type_support.hpp
[57.372s] -- Symlinking: /home/anatoly/ros2k_ws/install/xarm_msgs/include/xarm_msgs/xarm_msgs/srv/detail/linear_track_back_origin__builder.hpp
[57.382s] -- Symlinking: /home/anatoly/ros2k_ws/install/xarm_msgs/include/xarm_msgs/xarm_msgs/srv/detail/linear_track_back_origin__struct.hpp
[57.392s] -- Symlinking: /home/anatoly/ros2k_ws/install/xarm_msgs/include/xarm_msgs/xarm_msgs/srv/detail/linear_track_back_origin__traits.hpp
[57.403s] -- Symlinking: /home/anatoly/ros2k_ws/install/xarm_msgs/include/xarm_msgs/xarm_msgs/srv/detail/linear_track_back_origin__type_support.hpp
[57.413s] -- Symlinking: /home/anatoly/ros2k_ws/install/xarm_msgs/include/xarm_msgs/xarm_msgs/srv/detail/linear_track_set_pos__builder.hpp
[57.423s] -- Symlinking: /home/anatoly/ros2k_ws/install/xarm_msgs/include/xarm_msgs/xarm_msgs/srv/detail/linear_track_set_pos__struct.hpp
[57.434s] -- Symlinking: /home/anatoly/ros2k_ws/install/xarm_msgs/include/xarm_msgs/xarm_msgs/srv/detail/linear_track_set_pos__traits.hpp
[57.444s] -- Symlinking: /home/anatoly/ros2k_ws/install/xarm_msgs/include/xarm_msgs/xarm_msgs/srv/detail/linear_track_set_pos__type_support.hpp
[57.455s] -- Symlinking: /home/anatoly/ros2k_ws/install/xarm_msgs/include/xarm_msgs/xarm_msgs/srv/detail/move_cartesian__builder.hpp
[57.466s] -- Symlinking: /home/anatoly/ros2k_ws/install/xarm_msgs/include/xarm_msgs/xarm_msgs/srv/detail/move_cartesian__struct.hpp
[57.476s] -- Symlinking: /home/anatoly/ros2k_ws/install/xarm_msgs/include/xarm_msgs/xarm_msgs/srv/detail/move_cartesian__traits.hpp
[57.485s] -- Symlinking: /home/anatoly/ros2k_ws/install/xarm_msgs/include/xarm_msgs/xarm_msgs/srv/detail/move_cartesian__type_support.hpp
[57.495s] -- Symlinking: /home/anatoly/ros2k_ws/install/xarm_msgs/include/xarm_msgs/xarm_msgs/srv/detail/move_circle__builder.hpp
[57.504s] -- Symlinking: /home/anatoly/ros2k_ws/install/xarm_msgs/include/xarm_msgs/xarm_msgs/srv/detail/move_circle__struct.hpp
[57.514s] -- Symlinking: /home/anatoly/ros2k_ws/install/xarm_msgs/include/xarm_msgs/xarm_msgs/srv/detail/move_circle__traits.hpp
[57.523s] -- Symlinking: /home/anatoly/ros2k_ws/install/xarm_msgs/include/xarm_msgs/xarm_msgs/srv/detail/move_circle__type_support.hpp
[57.534s] -- Symlinking: /home/anatoly/ros2k_ws/install/xarm_msgs/include/xarm_msgs/xarm_msgs/srv/detail/move_home__builder.hpp
[57.545s] -- Symlinking: /home/anatoly/ros2k_ws/install/xarm_msgs/include/xarm_msgs/xarm_msgs/srv/detail/move_home__struct.hpp
[57.556s] -- Symlinking: /home/anatoly/ros2k_ws/install/xarm_msgs/include/xarm_msgs/xarm_msgs/srv/detail/move_home__traits.hpp
[57.566s] -- Symlinking: /home/anatoly/ros2k_ws/install/xarm_msgs/include/xarm_msgs/xarm_msgs/srv/detail/move_home__type_support.hpp
[57.577s] -- Symlinking: /home/anatoly/ros2k_ws/install/xarm_msgs/include/xarm_msgs/xarm_msgs/srv/detail/move_joint__builder.hpp
[57.588s] -- Symlinking: /home/anatoly/ros2k_ws/install/xarm_msgs/include/xarm_msgs/xarm_msgs/srv/detail/move_joint__struct.hpp
[57.598s] -- Symlinking: /home/anatoly/ros2k_ws/install/xarm_msgs/include/xarm_msgs/xarm_msgs/srv/detail/move_joint__traits.hpp
[57.607s] -- Symlinking: /home/anatoly/ros2k_ws/install/xarm_msgs/include/xarm_msgs/xarm_msgs/srv/detail/move_joint__type_support.hpp
[57.617s] -- Symlinking: /home/anatoly/ros2k_ws/install/xarm_msgs/include/xarm_msgs/xarm_msgs/srv/detail/move_velocity__builder.hpp
[57.628s] -- Symlinking: /home/anatoly/ros2k_ws/install/xarm_msgs/include/xarm_msgs/xarm_msgs/srv/detail/move_velocity__struct.hpp
[57.639s] -- Symlinking: /home/anatoly/ros2k_ws/install/xarm_msgs/include/xarm_msgs/xarm_msgs/srv/detail/move_velocity__traits.hpp
[57.649s] -- Symlinking: /home/anatoly/ros2k_ws/install/xarm_msgs/include/xarm_msgs/xarm_msgs/srv/detail/move_velocity__type_support.hpp
[57.659s] -- Symlinking: /home/anatoly/ros2k_ws/install/xarm_msgs/include/xarm_msgs/xarm_msgs/srv/detail/plan_exec__builder.hpp
[57.670s] -- Symlinking: /home/anatoly/ros2k_ws/install/xarm_msgs/include/xarm_msgs/xarm_msgs/srv/detail/plan_exec__struct.hpp
[57.681s] -- Symlinking: /home/anatoly/ros2k_ws/install/xarm_msgs/include/xarm_msgs/xarm_msgs/srv/detail/plan_exec__traits.hpp
[57.691s] -- Symlinking: /home/anatoly/ros2k_ws/install/xarm_msgs/include/xarm_msgs/xarm_msgs/srv/detail/plan_exec__type_support.hpp
[57.700s] -- Symlinking: /home/anatoly/ros2k_ws/install/xarm_msgs/include/xarm_msgs/xarm_msgs/srv/detail/plan_joint__builder.hpp
[57.710s] -- Symlinking: /home/anatoly/ros2k_ws/install/xarm_msgs/include/xarm_msgs/xarm_msgs/srv/detail/plan_joint__struct.hpp
[57.720s] -- Symlinking: /home/anatoly/ros2k_ws/install/xarm_msgs/include/xarm_msgs/xarm_msgs/srv/detail/plan_joint__traits.hpp
[57.729s] -- Symlinking: /home/anatoly/ros2k_ws/install/xarm_msgs/include/xarm_msgs/xarm_msgs/srv/detail/plan_joint__type_support.hpp
[57.739s] -- Symlinking: /home/anatoly/ros2k_ws/install/xarm_msgs/include/xarm_msgs/xarm_msgs/srv/detail/plan_pose__builder.hpp
[57.750s] -- Symlinking: /home/anatoly/ros2k_ws/install/xarm_msgs/include/xarm_msgs/xarm_msgs/srv/detail/plan_pose__struct.hpp
[57.760s] -- Symlinking: /home/anatoly/ros2k_ws/install/xarm_msgs/include/xarm_msgs/xarm_msgs/srv/detail/plan_pose__traits.hpp
[57.770s] -- Symlinking: /home/anatoly/ros2k_ws/install/xarm_msgs/include/xarm_msgs/xarm_msgs/srv/detail/plan_pose__type_support.hpp
[57.780s] -- Symlinking: /home/anatoly/ros2k_ws/install/xarm_msgs/include/xarm_msgs/xarm_msgs/srv/detail/plan_single_straight__builder.hpp
[57.789s] -- Symlinking: /home/anatoly/ros2k_ws/install/xarm_msgs/include/xarm_msgs/xarm_msgs/srv/detail/plan_single_straight__struct.hpp
[57.799s] -- Symlinking: /home/anatoly/ros2k_ws/install/xarm_msgs/include/xarm_msgs/xarm_msgs/srv/detail/plan_single_straight__traits.hpp
[57.810s] -- Symlinking: /home/anatoly/ros2k_ws/install/xarm_msgs/include/xarm_msgs/xarm_msgs/srv/detail/plan_single_straight__type_support.hpp
[57.820s] -- Symlinking: /home/anatoly/ros2k_ws/install/xarm_msgs/include/xarm_msgs/xarm_msgs/srv/detail/robotiq_activate__builder.hpp
[57.830s] -- Symlinking: /home/anatoly/ros2k_ws/install/xarm_msgs/include/xarm_msgs/xarm_msgs/srv/detail/robotiq_activate__struct.hpp
[57.839s] -- Symlinking: /home/anatoly/ros2k_ws/install/xarm_msgs/include/xarm_msgs/xarm_msgs/srv/detail/robotiq_activate__traits.hpp
[57.849s] -- Symlinking: /home/anatoly/ros2k_ws/install/xarm_msgs/include/xarm_msgs/xarm_msgs/srv/detail/robotiq_activate__type_support.hpp
[57.859s] -- Symlinking: /home/anatoly/ros2k_ws/install/xarm_msgs/include/xarm_msgs/xarm_msgs/srv/detail/robotiq_get_status__builder.hpp
[57.870s] -- Symlinking: /home/anatoly/ros2k_ws/install/xarm_msgs/include/xarm_msgs/xarm_msgs/srv/detail/robotiq_get_status__struct.hpp
[57.880s] -- Symlinking: /home/anatoly/ros2k_ws/install/xarm_msgs/include/xarm_msgs/xarm_msgs/srv/detail/robotiq_get_status__traits.hpp
[57.890s] -- Symlinking: /home/anatoly/ros2k_ws/install/xarm_msgs/include/xarm_msgs/xarm_msgs/srv/detail/robotiq_get_status__type_support.hpp
[57.901s] -- Symlinking: /home/anatoly/ros2k_ws/install/xarm_msgs/include/xarm_msgs/xarm_msgs/srv/detail/robotiq_move__builder.hpp
[57.911s] -- Symlinking: /home/anatoly/ros2k_ws/install/xarm_msgs/include/xarm_msgs/xarm_msgs/srv/detail/robotiq_move__struct.hpp
[57.922s] -- Symlinking: /home/anatoly/ros2k_ws/install/xarm_msgs/include/xarm_msgs/xarm_msgs/srv/detail/robotiq_move__traits.hpp
[57.933s] -- Symlinking: /home/anatoly/ros2k_ws/install/xarm_msgs/include/xarm_msgs/xarm_msgs/srv/detail/robotiq_move__type_support.hpp
[57.943s] -- Symlinking: /home/anatoly/ros2k_ws/install/xarm_msgs/include/xarm_msgs/xarm_msgs/srv/detail/robotiq_reset__builder.hpp
[57.953s] -- Symlinking: /home/anatoly/ros2k_ws/install/xarm_msgs/include/xarm_msgs/xarm_msgs/srv/detail/robotiq_reset__struct.hpp
[57.964s] -- Symlinking: /home/anatoly/ros2k_ws/install/xarm_msgs/include/xarm_msgs/xarm_msgs/srv/detail/robotiq_reset__traits.hpp
[57.975s] -- Symlinking: /home/anatoly/ros2k_ws/install/xarm_msgs/include/xarm_msgs/xarm_msgs/srv/detail/robotiq_reset__type_support.hpp
[57.986s] -- Symlinking: /home/anatoly/ros2k_ws/install/xarm_msgs/include/xarm_msgs/xarm_msgs/srv/detail/set_analog_io__builder.hpp
[57.996s] -- Symlinking: /home/anatoly/ros2k_ws/install/xarm_msgs/include/xarm_msgs/xarm_msgs/srv/detail/set_analog_io__struct.hpp
[58.006s] -- Symlinking: /home/anatoly/ros2k_ws/install/xarm_msgs/include/xarm_msgs/xarm_msgs/srv/detail/set_analog_io__traits.hpp
[58.016s] -- Symlinking: /home/anatoly/ros2k_ws/install/xarm_msgs/include/xarm_msgs/xarm_msgs/srv/detail/set_analog_io__type_support.hpp
[58.028s] -- Symlinking: /home/anatoly/ros2k_ws/install/xarm_msgs/include/xarm_msgs/xarm_msgs/srv/detail/set_digital_io__builder.hpp
[58.039s] -- Symlinking: /home/anatoly/ros2k_ws/install/xarm_msgs/include/xarm_msgs/xarm_msgs/srv/detail/set_digital_io__struct.hpp
[58.049s] -- Symlinking: /home/anatoly/ros2k_ws/install/xarm_msgs/include/xarm_msgs/xarm_msgs/srv/detail/set_digital_io__traits.hpp
[58.060s] -- Symlinking: /home/anatoly/ros2k_ws/install/xarm_msgs/include/xarm_msgs/xarm_msgs/srv/detail/set_digital_io__type_support.hpp
[58.071s] -- Symlinking: /home/anatoly/ros2k_ws/install/xarm_msgs/include/xarm_msgs/xarm_msgs/srv/detail/set_float32__builder.hpp
[58.081s] -- Symlinking: /home/anatoly/ros2k_ws/install/xarm_msgs/include/xarm_msgs/xarm_msgs/srv/detail/set_float32__struct.hpp
[58.092s] -- Symlinking: /home/anatoly/ros2k_ws/install/xarm_msgs/include/xarm_msgs/xarm_msgs/srv/detail/set_float32__traits.hpp
[58.103s] -- Symlinking: /home/anatoly/ros2k_ws/install/xarm_msgs/include/xarm_msgs/xarm_msgs/srv/detail/set_float32__type_support.hpp
[58.113s] -- Symlinking: /home/anatoly/ros2k_ws/install/xarm_msgs/include/xarm_msgs/xarm_msgs/srv/detail/set_float32_list__builder.hpp
[58.124s] -- Symlinking: /home/anatoly/ros2k_ws/install/xarm_msgs/include/xarm_msgs/xarm_msgs/srv/detail/set_float32_list__struct.hpp
[58.134s] -- Symlinking: /home/anatoly/ros2k_ws/install/xarm_msgs/include/xarm_msgs/xarm_msgs/srv/detail/set_float32_list__traits.hpp
[58.143s] -- Symlinking: /home/anatoly/ros2k_ws/install/xarm_msgs/include/xarm_msgs/xarm_msgs/srv/detail/set_float32_list__type_support.hpp
[58.152s] -- Symlinking: /home/anatoly/ros2k_ws/install/xarm_msgs/include/xarm_msgs/xarm_msgs/srv/detail/set_int16__builder.hpp
[58.162s] -- Symlinking: /home/anatoly/ros2k_ws/install/xarm_msgs/include/xarm_msgs/xarm_msgs/srv/detail/set_int16__struct.hpp
[58.173s] -- Symlinking: /home/anatoly/ros2k_ws/install/xarm_msgs/include/xarm_msgs/xarm_msgs/srv/detail/set_int16__traits.hpp
[58.183s] -- Symlinking: /home/anatoly/ros2k_ws/install/xarm_msgs/include/xarm_msgs/xarm_msgs/srv/detail/set_int16__type_support.hpp
[58.193s] -- Symlinking: /home/anatoly/ros2k_ws/install/xarm_msgs/include/xarm_msgs/xarm_msgs/srv/detail/set_int16_by_id__builder.hpp
[58.204s] -- Symlinking: /home/anatoly/ros2k_ws/install/xarm_msgs/include/xarm_msgs/xarm_msgs/srv/detail/set_int16_by_id__struct.hpp
[58.214s] -- Symlinking: /home/anatoly/ros2k_ws/install/xarm_msgs/include/xarm_msgs/xarm_msgs/srv/detail/set_int16_by_id__traits.hpp
[58.225s] -- Symlinking: /home/anatoly/ros2k_ws/install/xarm_msgs/include/xarm_msgs/xarm_msgs/srv/detail/set_int16_by_id__type_support.hpp
[58.235s] -- Symlinking: /home/anatoly/ros2k_ws/install/xarm_msgs/include/xarm_msgs/xarm_msgs/srv/detail/set_int16_list__builder.hpp
[58.246s] -- Symlinking: /home/anatoly/ros2k_ws/install/xarm_msgs/include/xarm_msgs/xarm_msgs/srv/detail/set_int16_list__struct.hpp
[58.256s] -- Symlinking: /home/anatoly/ros2k_ws/install/xarm_msgs/include/xarm_msgs/xarm_msgs/srv/detail/set_int16_list__traits.hpp
[58.265s] -- Symlinking: /home/anatoly/ros2k_ws/install/xarm_msgs/include/xarm_msgs/xarm_msgs/srv/detail/set_int16_list__type_support.hpp
[58.276s] -- Symlinking: /home/anatoly/ros2k_ws/install/xarm_msgs/include/xarm_msgs/xarm_msgs/srv/detail/set_int32__builder.hpp
[58.285s] -- Symlinking: /home/anatoly/ros2k_ws/install/xarm_msgs/include/xarm_msgs/xarm_msgs/srv/detail/set_int32__struct.hpp
[58.297s] -- Symlinking: /home/anatoly/ros2k_ws/install/xarm_msgs/include/xarm_msgs/xarm_msgs/srv/detail/set_int32__traits.hpp
[58.307s] -- Symlinking: /home/anatoly/ros2k_ws/install/xarm_msgs/include/xarm_msgs/xarm_msgs/srv/detail/set_int32__type_support.hpp
[58.319s] -- Symlinking: /home/anatoly/ros2k_ws/install/xarm_msgs/include/xarm_msgs/xarm_msgs/srv/detail/set_int32_by_type__builder.hpp
[58.328s] -- Symlinking: /home/anatoly/ros2k_ws/install/xarm_msgs/include/xarm_msgs/xarm_msgs/srv/detail/set_int32_by_type__struct.hpp
[58.339s] -- Symlinking: /home/anatoly/ros2k_ws/install/xarm_msgs/include/xarm_msgs/xarm_msgs/srv/detail/set_int32_by_type__traits.hpp
[58.350s] -- Symlinking: /home/anatoly/ros2k_ws/install/xarm_msgs/include/xarm_msgs/xarm_msgs/srv/detail/set_int32_by_type__type_support.hpp
[58.361s] -- Symlinking: /home/anatoly/ros2k_ws/install/xarm_msgs/include/xarm_msgs/xarm_msgs/srv/detail/set_modbus_timeout__builder.hpp
[58.371s] -- Symlinking: /home/anatoly/ros2k_ws/install/xarm_msgs/include/xarm_msgs/xarm_msgs/srv/detail/set_modbus_timeout__struct.hpp
[58.382s] -- Symlinking: /home/anatoly/ros2k_ws/install/xarm_msgs/include/xarm_msgs/xarm_msgs/srv/detail/set_modbus_timeout__traits.hpp
[58.392s] -- Symlinking: /home/anatoly/ros2k_ws/install/xarm_msgs/include/xarm_msgs/xarm_msgs/srv/detail/set_modbus_timeout__type_support.hpp
[58.402s] -- Symlinking: /home/anatoly/ros2k_ws/install/xarm_msgs/include/xarm_msgs/xarm_msgs/srv/detail/set_tcp_load__builder.hpp
[58.411s] -- Symlinking: /home/anatoly/ros2k_ws/install/xarm_msgs/include/xarm_msgs/xarm_msgs/srv/detail/set_tcp_load__struct.hpp
[58.422s] -- Symlinking: /home/anatoly/ros2k_ws/install/xarm_msgs/include/xarm_msgs/xarm_msgs/srv/detail/set_tcp_load__traits.hpp
[58.432s] -- Symlinking: /home/anatoly/ros2k_ws/install/xarm_msgs/include/xarm_msgs/xarm_msgs/srv/detail/set_tcp_load__type_support.hpp
[58.442s] -- Symlinking: /home/anatoly/ros2k_ws/install/xarm_msgs/include/xarm_msgs/xarm_msgs/srv/detail/traj_ctrl__builder.hpp
[58.452s] -- Symlinking: /home/anatoly/ros2k_ws/install/xarm_msgs/include/xarm_msgs/xarm_msgs/srv/detail/traj_ctrl__struct.hpp
[58.463s] -- Symlinking: /home/anatoly/ros2k_ws/install/xarm_msgs/include/xarm_msgs/xarm_msgs/srv/detail/traj_ctrl__traits.hpp
[58.473s] -- Symlinking: /home/anatoly/ros2k_ws/install/xarm_msgs/include/xarm_msgs/xarm_msgs/srv/detail/traj_ctrl__type_support.hpp
[58.484s] -- Symlinking: /home/anatoly/ros2k_ws/install/xarm_msgs/include/xarm_msgs/xarm_msgs/srv/detail/traj_play__builder.hpp
[58.495s] -- Symlinking: /home/anatoly/ros2k_ws/install/xarm_msgs/include/xarm_msgs/xarm_msgs/srv/detail/traj_play__struct.hpp
[58.505s] -- Symlinking: /home/anatoly/ros2k_ws/install/xarm_msgs/include/xarm_msgs/xarm_msgs/srv/detail/traj_play__traits.hpp
[58.515s] -- Symlinking: /home/anatoly/ros2k_ws/install/xarm_msgs/include/xarm_msgs/xarm_msgs/srv/detail/traj_play__type_support.hpp
[58.525s] -- Symlinking: /home/anatoly/ros2k_ws/install/xarm_msgs/include/xarm_msgs/xarm_msgs/srv/detail/vacuum_gripper_ctrl__builder.hpp
[58.535s] -- Symlinking: /home/anatoly/ros2k_ws/install/xarm_msgs/include/xarm_msgs/xarm_msgs/srv/detail/vacuum_gripper_ctrl__struct.hpp
[58.546s] -- Symlinking: /home/anatoly/ros2k_ws/install/xarm_msgs/include/xarm_msgs/xarm_msgs/srv/detail/vacuum_gripper_ctrl__traits.hpp
[58.556s] -- Symlinking: /home/anatoly/ros2k_ws/install/xarm_msgs/include/xarm_msgs/xarm_msgs/srv/detail/vacuum_gripper_ctrl__type_support.hpp
[58.566s] -- Symlinking: /home/anatoly/ros2k_ws/install/xarm_msgs/include/xarm_msgs/xarm_msgs/srv/ft_admittance_params.hpp
[58.575s] -- Symlinking: /home/anatoly/ros2k_ws/install/xarm_msgs/include/xarm_msgs/xarm_msgs/srv/ft_cali_load.hpp
[58.586s] -- Symlinking: /home/anatoly/ros2k_ws/install/xarm_msgs/include/xarm_msgs/xarm_msgs/srv/ft_force_config.hpp
[58.595s] -- Symlinking: /home/anatoly/ros2k_ws/install/xarm_msgs/include/xarm_msgs/xarm_msgs/srv/ft_force_params.hpp
[58.606s] -- Symlinking: /home/anatoly/ros2k_ws/install/xarm_msgs/include/xarm_msgs/xarm_msgs/srv/ft_force_pid.hpp
[58.617s] -- Symlinking: /home/anatoly/ros2k_ws/install/xarm_msgs/include/xarm_msgs/xarm_msgs/srv/ft_impedance.hpp
[58.628s] -- Symlinking: /home/anatoly/ros2k_ws/install/xarm_msgs/include/xarm_msgs/xarm_msgs/srv/get_analog_io.hpp
[58.638s] -- Symlinking: /home/anatoly/ros2k_ws/install/xarm_msgs/include/xarm_msgs/xarm_msgs/srv/get_digital_io.hpp
[58.648s] -- Symlinking: /home/anatoly/ros2k_ws/install/xarm_msgs/include/xarm_msgs/xarm_msgs/srv/get_float32.hpp
[58.659s] -- Symlinking: /home/anatoly/ros2k_ws/install/xarm_msgs/include/xarm_msgs/xarm_msgs/srv/get_float32_list.hpp
[58.670s] -- Symlinking: /home/anatoly/ros2k_ws/install/xarm_msgs/include/xarm_msgs/xarm_msgs/srv/get_int16.hpp
[58.681s] -- Symlinking: /home/anatoly/ros2k_ws/install/xarm_msgs/include/xarm_msgs/xarm_msgs/srv/get_int16_list.hpp
[58.691s] -- Symlinking: /home/anatoly/ros2k_ws/install/xarm_msgs/include/xarm_msgs/xarm_msgs/srv/get_int32.hpp
[58.701s] -- Symlinking: /home/anatoly/ros2k_ws/install/xarm_msgs/include/xarm_msgs/xarm_msgs/srv/get_int32_by_type.hpp
[58.711s] -- Symlinking: /home/anatoly/ros2k_ws/install/xarm_msgs/include/xarm_msgs/xarm_msgs/srv/get_set_modbus_data.hpp
[58.723s] -- Symlinking: /home/anatoly/ros2k_ws/install/xarm_msgs/include/xarm_msgs/xarm_msgs/srv/gripper_move.hpp
[58.734s] -- Symlinking: /home/anatoly/ros2k_ws/install/xarm_msgs/include/xarm_msgs/xarm_msgs/srv/iden_load.hpp
[58.744s] -- Symlinking: /home/anatoly/ros2k_ws/install/xarm_msgs/include/xarm_msgs/xarm_msgs/srv/linear_motor_back_origin.hpp
[58.755s] -- Symlinking: /home/anatoly/ros2k_ws/install/xarm_msgs/include/xarm_msgs/xarm_msgs/srv/linear_motor_set_pos.hpp
[58.765s] -- Symlinking: /home/anatoly/ros2k_ws/install/xarm_msgs/include/xarm_msgs/xarm_msgs/srv/linear_track_back_origin.hpp
[58.775s] -- Symlinking: /home/anatoly/ros2k_ws/install/xarm_msgs/include/xarm_msgs/xarm_msgs/srv/linear_track_set_pos.hpp
[58.784s] -- Symlinking: /home/anatoly/ros2k_ws/install/xarm_msgs/include/xarm_msgs/xarm_msgs/srv/move_cartesian.hpp
[58.795s] -- Symlinking: /home/anatoly/ros2k_ws/install/xarm_msgs/include/xarm_msgs/xarm_msgs/srv/move_circle.hpp
[58.806s] -- Symlinking: /home/anatoly/ros2k_ws/install/xarm_msgs/include/xarm_msgs/xarm_msgs/srv/move_home.hpp
[58.817s] -- Symlinking: /home/anatoly/ros2k_ws/install/xarm_msgs/include/xarm_msgs/xarm_msgs/srv/move_joint.hpp
[58.826s] -- Symlinking: /home/anatoly/ros2k_ws/install/xarm_msgs/include/xarm_msgs/xarm_msgs/srv/move_velocity.hpp
[58.837s] -- Symlinking: /home/anatoly/ros2k_ws/install/xarm_msgs/include/xarm_msgs/xarm_msgs/srv/plan_exec.hpp
[58.846s] -- Symlinking: /home/anatoly/ros2k_ws/install/xarm_msgs/include/xarm_msgs/xarm_msgs/srv/plan_joint.hpp
[58.856s] -- Symlinking: /home/anatoly/ros2k_ws/install/xarm_msgs/include/xarm_msgs/xarm_msgs/srv/plan_pose.hpp
[58.867s] -- Symlinking: /home/anatoly/ros2k_ws/install/xarm_msgs/include/xarm_msgs/xarm_msgs/srv/plan_single_straight.hpp
[58.877s] -- Symlinking: /home/anatoly/ros2k_ws/install/xarm_msgs/include/xarm_msgs/xarm_msgs/srv/robotiq_activate.hpp
[58.887s] -- Symlinking: /home/anatoly/ros2k_ws/install/xarm_msgs/include/xarm_msgs/xarm_msgs/srv/robotiq_get_status.hpp
[58.897s] -- Symlinking: /home/anatoly/ros2k_ws/install/xarm_msgs/include/xarm_msgs/xarm_msgs/srv/robotiq_move.hpp
[58.906s] -- Symlinking: /home/anatoly/ros2k_ws/install/xarm_msgs/include/xarm_msgs/xarm_msgs/srv/robotiq_reset.hpp
[58.917s] -- Symlinking: /home/anatoly/ros2k_ws/install/xarm_msgs/include/xarm_msgs/xarm_msgs/srv/set_analog_io.hpp
[58.928s] -- Symlinking: /home/anatoly/ros2k_ws/install/xarm_msgs/include/xarm_msgs/xarm_msgs/srv/set_digital_io.hpp
[58.938s] -- Symlinking: /home/anatoly/ros2k_ws/install/xarm_msgs/include/xarm_msgs/xarm_msgs/srv/set_float32.hpp
[58.948s] -- Symlinking: /home/anatoly/ros2k_ws/install/xarm_msgs/include/xarm_msgs/xarm_msgs/srv/set_float32_list.hpp
[58.957s] -- Symlinking: /home/anatoly/ros2k_ws/install/xarm_msgs/include/xarm_msgs/xarm_msgs/srv/set_int16.hpp
[58.968s] -- Symlinking: /home/anatoly/ros2k_ws/install/xarm_msgs/include/xarm_msgs/xarm_msgs/srv/set_int16_by_id.hpp
[58.978s] -- Symlinking: /home/anatoly/ros2k_ws/install/xarm_msgs/include/xarm_msgs/xarm_msgs/srv/set_int16_list.hpp
[58.989s] -- Symlinking: /home/anatoly/ros2k_ws/install/xarm_msgs/include/xarm_msgs/xarm_msgs/srv/set_int32.hpp
[58.999s] -- Symlinking: /home/anatoly/ros2k_ws/install/xarm_msgs/include/xarm_msgs/xarm_msgs/srv/set_int32_by_type.hpp
[59.009s] -- Symlinking: /home/anatoly/ros2k_ws/install/xarm_msgs/include/xarm_msgs/xarm_msgs/srv/set_modbus_timeout.hpp
[59.019s] -- Symlinking: /home/anatoly/ros2k_ws/install/xarm_msgs/include/xarm_msgs/xarm_msgs/srv/set_tcp_load.hpp
[59.029s] -- Symlinking: /home/anatoly/ros2k_ws/install/xarm_msgs/include/xarm_msgs/xarm_msgs/srv/traj_ctrl.hpp
[59.038s] -- Symlinking: /home/anatoly/ros2k_ws/install/xarm_msgs/include/xarm_msgs/xarm_msgs/srv/traj_play.hpp
[59.049s] -- Symlinking: /home/anatoly/ros2k_ws/install/xarm_msgs/include/xarm_msgs/xarm_msgs/srv/vacuum_gripper_ctrl.hpp
[59.061s] -- Symlinking: /home/anatoly/ros2k_ws/install/xarm_msgs/include/xarm_msgs/xarm_msgs/msg/detail/cio_state__rosidl_typesupport_fastrtps_cpp.hpp
[59.071s] -- Symlinking: /home/anatoly/ros2k_ws/install/xarm_msgs/include/xarm_msgs/xarm_msgs/msg/detail/io_state__rosidl_typesupport_fastrtps_cpp.hpp
[59.081s] -- Symlinking: /home/anatoly/ros2k_ws/install/xarm_msgs/include/xarm_msgs/xarm_msgs/msg/detail/move_velocity__rosidl_typesupport_fastrtps_cpp.hpp
[59.090s] -- Symlinking: /home/anatoly/ros2k_ws/install/xarm_msgs/include/xarm_msgs/xarm_msgs/msg/detail/robot_msg__rosidl_typesupport_fastrtps_cpp.hpp
[59.100s] -- Symlinking: /home/anatoly/ros2k_ws/install/xarm_msgs/include/xarm_msgs/xarm_msgs/msg/rosidl_typesupport_fastrtps_cpp__visibility_control.h
[59.110s] -- Symlinking: /home/anatoly/ros2k_ws/install/xarm_msgs/include/xarm_msgs/xarm_msgs/srv/detail/bio_gripper_ctrl__rosidl_typesupport_fastrtps_cpp.hpp
[59.120s] -- Symlinking: /home/anatoly/ros2k_ws/install/xarm_msgs/include/xarm_msgs/xarm_msgs/srv/detail/bio_gripper_enable__rosidl_typesupport_fastrtps_cpp.hpp
[59.129s] -- Symlinking: /home/anatoly/ros2k_ws/install/xarm_msgs/include/xarm_msgs/xarm_msgs/srv/detail/call__rosidl_typesupport_fastrtps_cpp.hpp
[59.138s] -- Symlinking: /home/anatoly/ros2k_ws/install/xarm_msgs/include/xarm_msgs/xarm_msgs/srv/detail/ft_admittance_params__rosidl_typesupport_fastrtps_cpp.hpp
[59.149s] -- Symlinking: /home/anatoly/ros2k_ws/install/xarm_msgs/include/xarm_msgs/xarm_msgs/srv/detail/ft_cali_load__rosidl_typesupport_fastrtps_cpp.hpp
[59.160s] -- Symlinking: /home/anatoly/ros2k_ws/install/xarm_msgs/include/xarm_msgs/xarm_msgs/srv/detail/ft_force_config__rosidl_typesupport_fastrtps_cpp.hpp
[59.171s] -- Symlinking: /home/anatoly/ros2k_ws/install/xarm_msgs/include/xarm_msgs/xarm_msgs/srv/detail/ft_force_params__rosidl_typesupport_fastrtps_cpp.hpp
[59.181s] -- Symlinking: /home/anatoly/ros2k_ws/install/xarm_msgs/include/xarm_msgs/xarm_msgs/srv/detail/ft_force_pid__rosidl_typesupport_fastrtps_cpp.hpp
[59.191s] -- Symlinking: /home/anatoly/ros2k_ws/install/xarm_msgs/include/xarm_msgs/xarm_msgs/srv/detail/ft_impedance__rosidl_typesupport_fastrtps_cpp.hpp
[59.202s] -- Symlinking: /home/anatoly/ros2k_ws/install/xarm_msgs/include/xarm_msgs/xarm_msgs/srv/detail/get_analog_io__rosidl_typesupport_fastrtps_cpp.hpp
[59.214s] -- Symlinking: /home/anatoly/ros2k_ws/install/xarm_msgs/include/xarm_msgs/xarm_msgs/srv/detail/get_digital_io__rosidl_typesupport_fastrtps_cpp.hpp
[59.224s] -- Symlinking: /home/anatoly/ros2k_ws/install/xarm_msgs/include/xarm_msgs/xarm_msgs/srv/detail/get_float32__rosidl_typesupport_fastrtps_cpp.hpp
[59.234s] -- Symlinking: /home/anatoly/ros2k_ws/install/xarm_msgs/include/xarm_msgs/xarm_msgs/srv/detail/get_float32_list__rosidl_typesupport_fastrtps_cpp.hpp
[59.245s] -- Symlinking: /home/anatoly/ros2k_ws/install/xarm_msgs/include/xarm_msgs/xarm_msgs/srv/detail/get_int16__rosidl_typesupport_fastrtps_cpp.hpp
[59.256s] -- Symlinking: /home/anatoly/ros2k_ws/install/xarm_msgs/include/xarm_msgs/xarm_msgs/srv/detail/get_int16_list__rosidl_typesupport_fastrtps_cpp.hpp
[59.266s] -- Symlinking: /home/anatoly/ros2k_ws/install/xarm_msgs/include/xarm_msgs/xarm_msgs/srv/detail/get_int32__rosidl_typesupport_fastrtps_cpp.hpp
[59.276s] -- Symlinking: /home/anatoly/ros2k_ws/install/xarm_msgs/include/xarm_msgs/xarm_msgs/srv/detail/get_int32_by_type__rosidl_typesupport_fastrtps_cpp.hpp
[59.287s] -- Symlinking: /home/anatoly/ros2k_ws/install/xarm_msgs/include/xarm_msgs/xarm_msgs/srv/detail/get_set_modbus_data__rosidl_typesupport_fastrtps_cpp.hpp
[59.296s] -- Symlinking: /home/anatoly/ros2k_ws/install/xarm_msgs/include/xarm_msgs/xarm_msgs/srv/detail/gripper_move__rosidl_typesupport_fastrtps_cpp.hpp
[59.307s] -- Symlinking: /home/anatoly/ros2k_ws/install/xarm_msgs/include/xarm_msgs/xarm_msgs/srv/detail/iden_load__rosidl_typesupport_fastrtps_cpp.hpp
[59.316s] -- Symlinking: /home/anatoly/ros2k_ws/install/xarm_msgs/include/xarm_msgs/xarm_msgs/srv/detail/linear_motor_back_origin__rosidl_typesupport_fastrtps_cpp.hpp
[59.326s] -- Symlinking: /home/anatoly/ros2k_ws/install/xarm_msgs/include/xarm_msgs/xarm_msgs/srv/detail/linear_motor_set_pos__rosidl_typesupport_fastrtps_cpp.hpp
[59.337s] -- Symlinking: /home/anatoly/ros2k_ws/install/xarm_msgs/include/xarm_msgs/xarm_msgs/srv/detail/linear_track_back_origin__rosidl_typesupport_fastrtps_cpp.hpp
[59.346s] -- Symlinking: /home/anatoly/ros2k_ws/install/xarm_msgs/include/xarm_msgs/xarm_msgs/srv/detail/linear_track_set_pos__rosidl_typesupport_fastrtps_cpp.hpp
[59.355s] -- Symlinking: /home/anatoly/ros2k_ws/install/xarm_msgs/include/xarm_msgs/xarm_msgs/srv/detail/move_cartesian__rosidl_typesupport_fastrtps_cpp.hpp
[59.366s] -- Symlinking: /home/anatoly/ros2k_ws/install/xarm_msgs/include/xarm_msgs/xarm_msgs/srv/detail/move_circle__rosidl_typesupport_fastrtps_cpp.hpp
[59.375s] -- Symlinking: /home/anatoly/ros2k_ws/install/xarm_msgs/include/xarm_msgs/xarm_msgs/srv/detail/move_home__rosidl_typesupport_fastrtps_cpp.hpp
[59.384s] -- Symlinking: /home/anatoly/ros2k_ws/install/xarm_msgs/include/xarm_msgs/xarm_msgs/srv/detail/move_joint__rosidl_typesupport_fastrtps_cpp.hpp
[59.394s] -- Symlinking: /home/anatoly/ros2k_ws/install/xarm_msgs/include/xarm_msgs/xarm_msgs/srv/detail/move_velocity__rosidl_typesupport_fastrtps_cpp.hpp
[59.405s] -- Symlinking: /home/anatoly/ros2k_ws/install/xarm_msgs/include/xarm_msgs/xarm_msgs/srv/detail/plan_exec__rosidl_typesupport_fastrtps_cpp.hpp
[59.414s] -- Symlinking: /home/anatoly/ros2k_ws/install/xarm_msgs/include/xarm_msgs/xarm_msgs/srv/detail/plan_joint__rosidl_typesupport_fastrtps_cpp.hpp
[59.425s] -- Symlinking: /home/anatoly/ros2k_ws/install/xarm_msgs/include/xarm_msgs/xarm_msgs/srv/detail/plan_pose__rosidl_typesupport_fastrtps_cpp.hpp
[59.435s] -- Symlinking: /home/anatoly/ros2k_ws/install/xarm_msgs/include/xarm_msgs/xarm_msgs/srv/detail/plan_single_straight__rosidl_typesupport_fastrtps_cpp.hpp
[59.446s] -- Symlinking: /home/anatoly/ros2k_ws/install/xarm_msgs/include/xarm_msgs/xarm_msgs/srv/detail/robotiq_activate__rosidl_typesupport_fastrtps_cpp.hpp
[59.456s] -- Symlinking: /home/anatoly/ros2k_ws/install/xarm_msgs/include/xarm_msgs/xarm_msgs/srv/detail/robotiq_get_status__rosidl_typesupport_fastrtps_cpp.hpp
[59.467s] -- Symlinking: /home/anatoly/ros2k_ws/install/xarm_msgs/include/xarm_msgs/xarm_msgs/srv/detail/robotiq_move__rosidl_typesupport_fastrtps_cpp.hpp
[59.478s] -- Symlinking: /home/anatoly/ros2k_ws/install/xarm_msgs/include/xarm_msgs/xarm_msgs/srv/detail/robotiq_reset__rosidl_typesupport_fastrtps_cpp.hpp
[59.488s] -- Symlinking: /home/anatoly/ros2k_ws/install/xarm_msgs/include/xarm_msgs/xarm_msgs/srv/detail/set_analog_io__rosidl_typesupport_fastrtps_cpp.hpp
[59.497s] -- Symlinking: /home/anatoly/ros2k_ws/install/xarm_msgs/include/xarm_msgs/xarm_msgs/srv/detail/set_digital_io__rosidl_typesupport_fastrtps_cpp.hpp
[59.507s] -- Symlinking: /home/anatoly/ros2k_ws/install/xarm_msgs/include/xarm_msgs/xarm_msgs/srv/detail/set_float32__rosidl_typesupport_fastrtps_cpp.hpp
[59.517s] -- Symlinking: /home/anatoly/ros2k_ws/install/xarm_msgs/include/xarm_msgs/xarm_msgs/srv/detail/set_float32_list__rosidl_typesupport_fastrtps_cpp.hpp
[59.528s] -- Symlinking: /home/anatoly/ros2k_ws/install/xarm_msgs/include/xarm_msgs/xarm_msgs/srv/detail/set_int16__rosidl_typesupport_fastrtps_cpp.hpp
[59.537s] -- Symlinking: /home/anatoly/ros2k_ws/install/xarm_msgs/include/xarm_msgs/xarm_msgs/srv/detail/set_int16_by_id__rosidl_typesupport_fastrtps_cpp.hpp
[59.547s] -- Symlinking: /home/anatoly/ros2k_ws/install/xarm_msgs/include/xarm_msgs/xarm_msgs/srv/detail/set_int16_list__rosidl_typesupport_fastrtps_cpp.hpp
[59.557s] -- Symlinking: /home/anatoly/ros2k_ws/install/xarm_msgs/include/xarm_msgs/xarm_msgs/srv/detail/set_int32__rosidl_typesupport_fastrtps_cpp.hpp
[59.567s] -- Symlinking: /home/anatoly/ros2k_ws/install/xarm_msgs/include/xarm_msgs/xarm_msgs/srv/detail/set_int32_by_type__rosidl_typesupport_fastrtps_cpp.hpp
[59.576s] -- Symlinking: /home/anatoly/ros2k_ws/install/xarm_msgs/include/xarm_msgs/xarm_msgs/srv/detail/set_modbus_timeout__rosidl_typesupport_fastrtps_cpp.hpp
[59.586s] -- Symlinking: /home/anatoly/ros2k_ws/install/xarm_msgs/include/xarm_msgs/xarm_msgs/srv/detail/set_tcp_load__rosidl_typesupport_fastrtps_cpp.hpp
[59.595s] -- Symlinking: /home/anatoly/ros2k_ws/install/xarm_msgs/include/xarm_msgs/xarm_msgs/srv/detail/traj_ctrl__rosidl_typesupport_fastrtps_cpp.hpp
[59.606s] -- Symlinking: /home/anatoly/ros2k_ws/install/xarm_msgs/include/xarm_msgs/xarm_msgs/srv/detail/traj_play__rosidl_typesupport_fastrtps_cpp.hpp
[59.617s] -- Symlinking: /home/anatoly/ros2k_ws/install/xarm_msgs/include/xarm_msgs/xarm_msgs/srv/detail/vacuum_gripper_ctrl__rosidl_typesupport_fastrtps_cpp.hpp
[59.629s] -- Symlinking: /home/anatoly/ros2k_ws/install/xarm_msgs/include/xarm_msgs/xarm_msgs/msg/detail/cio_state__rosidl_typesupport_introspection_c.h
[59.639s] -- Symlinking: /home/anatoly/ros2k_ws/install/xarm_msgs/include/xarm_msgs/xarm_msgs/msg/detail/io_state__rosidl_typesupport_introspection_c.h
[59.650s] -- Symlinking: /home/anatoly/ros2k_ws/install/xarm_msgs/include/xarm_msgs/xarm_msgs/msg/detail/move_velocity__rosidl_typesupport_introspection_c.h
[59.660s] -- Symlinking: /home/anatoly/ros2k_ws/install/xarm_msgs/include/xarm_msgs/xarm_msgs/msg/detail/robot_msg__rosidl_typesupport_introspection_c.h
[59.670s] -- Symlinking: /home/anatoly/ros2k_ws/install/xarm_msgs/include/xarm_msgs/xarm_msgs/msg/rosidl_typesupport_introspection_c__visibility_control.h
[59.680s] -- Symlinking: /home/anatoly/ros2k_ws/install/xarm_msgs/include/xarm_msgs/xarm_msgs/srv/detail/bio_gripper_ctrl__rosidl_typesupport_introspection_c.h
[59.690s] -- Symlinking: /home/anatoly/ros2k_ws/install/xarm_msgs/include/xarm_msgs/xarm_msgs/srv/detail/bio_gripper_enable__rosidl_typesupport_introspection_c.h
[59.700s] -- Symlinking: /home/anatoly/ros2k_ws/install/xarm_msgs/include/xarm_msgs/xarm_msgs/srv/detail/call__rosidl_typesupport_introspection_c.h
[59.710s] -- Symlinking: /home/anatoly/ros2k_ws/install/xarm_msgs/include/xarm_msgs/xarm_msgs/srv/detail/ft_admittance_params__rosidl_typesupport_introspection_c.h
[59.720s] -- Symlinking: /home/anatoly/ros2k_ws/install/xarm_msgs/include/xarm_msgs/xarm_msgs/srv/detail/ft_cali_load__rosidl_typesupport_introspection_c.h
[59.729s] -- Symlinking: /home/anatoly/ros2k_ws/install/xarm_msgs/include/xarm_msgs/xarm_msgs/srv/detail/ft_force_config__rosidl_typesupport_introspection_c.h
[59.740s] -- Symlinking: /home/anatoly/ros2k_ws/install/xarm_msgs/include/xarm_msgs/xarm_msgs/srv/detail/ft_force_params__rosidl_typesupport_introspection_c.h
[59.750s] -- Symlinking: /home/anatoly/ros2k_ws/install/xarm_msgs/include/xarm_msgs/xarm_msgs/srv/detail/ft_force_pid__rosidl_typesupport_introspection_c.h
[59.761s] -- Symlinking: /home/anatoly/ros2k_ws/install/xarm_msgs/include/xarm_msgs/xarm_msgs/srv/detail/ft_impedance__rosidl_typesupport_introspection_c.h
[59.770s] -- Symlinking: /home/anatoly/ros2k_ws/install/xarm_msgs/include/xarm_msgs/xarm_msgs/srv/detail/get_analog_io__rosidl_typesupport_introspection_c.h
[59.779s] -- Symlinking: /home/anatoly/ros2k_ws/install/xarm_msgs/include/xarm_msgs/xarm_msgs/srv/detail/get_digital_io__rosidl_typesupport_introspection_c.h
[59.790s] -- Symlinking: /home/anatoly/ros2k_ws/install/xarm_msgs/include/xarm_msgs/xarm_msgs/srv/detail/get_float32__rosidl_typesupport_introspection_c.h
[59.801s] -- Symlinking: /home/anatoly/ros2k_ws/install/xarm_msgs/include/xarm_msgs/xarm_msgs/srv/detail/get_float32_list__rosidl_typesupport_introspection_c.h
[59.811s] -- Symlinking: /home/anatoly/ros2k_ws/install/xarm_msgs/include/xarm_msgs/xarm_msgs/srv/detail/get_int16__rosidl_typesupport_introspection_c.h
[59.820s] -- Symlinking: /home/anatoly/ros2k_ws/install/xarm_msgs/include/xarm_msgs/xarm_msgs/srv/detail/get_int16_list__rosidl_typesupport_introspection_c.h
[59.830s] -- Symlinking: /home/anatoly/ros2k_ws/install/xarm_msgs/include/xarm_msgs/xarm_msgs/srv/detail/get_int32__rosidl_typesupport_introspection_c.h
[59.839s] -- Symlinking: /home/anatoly/ros2k_ws/install/xarm_msgs/include/xarm_msgs/xarm_msgs/srv/detail/get_int32_by_type__rosidl_typesupport_introspection_c.h
[59.848s] -- Symlinking: /home/anatoly/ros2k_ws/install/xarm_msgs/include/xarm_msgs/xarm_msgs/srv/detail/get_set_modbus_data__rosidl_typesupport_introspection_c.h
[59.859s] -- Symlinking: /home/anatoly/ros2k_ws/install/xarm_msgs/include/xarm_msgs/xarm_msgs/srv/detail/gripper_move__rosidl_typesupport_introspection_c.h
[59.870s] -- Symlinking: /home/anatoly/ros2k_ws/install/xarm_msgs/include/xarm_msgs/xarm_msgs/srv/detail/iden_load__rosidl_typesupport_introspection_c.h
[59.880s] -- Symlinking: /home/anatoly/ros2k_ws/install/xarm_msgs/include/xarm_msgs/xarm_msgs/srv/detail/linear_motor_back_origin__rosidl_typesupport_introspection_c.h
[59.889s] -- Symlinking: /home/anatoly/ros2k_ws/install/xarm_msgs/include/xarm_msgs/xarm_msgs/srv/detail/linear_motor_set_pos__rosidl_typesupport_introspection_c.h
[59.898s] -- Symlinking: /home/anatoly/ros2k_ws/install/xarm_msgs/include/xarm_msgs/xarm_msgs/srv/detail/linear_track_back_origin__rosidl_typesupport_introspection_c.h
[59.908s] -- Symlinking: /home/anatoly/ros2k_ws/install/xarm_msgs/include/xarm_msgs/xarm_msgs/srv/detail/linear_track_set_pos__rosidl_typesupport_introspection_c.h
[59.919s] -- Symlinking: /home/anatoly/ros2k_ws/install/xarm_msgs/include/xarm_msgs/xarm_msgs/srv/detail/move_cartesian__rosidl_typesupport_introspection_c.h
[59.930s] -- Symlinking: /home/anatoly/ros2k_ws/install/xarm_msgs/include/xarm_msgs/xarm_msgs/srv/detail/move_circle__rosidl_typesupport_introspection_c.h
[59.939s] -- Symlinking: /home/anatoly/ros2k_ws/install/xarm_msgs/include/xarm_msgs/xarm_msgs/srv/detail/move_home__rosidl_typesupport_introspection_c.h
[59.949s] -- Symlinking: /home/anatoly/ros2k_ws/install/xarm_msgs/include/xarm_msgs/xarm_msgs/srv/detail/move_joint__rosidl_typesupport_introspection_c.h
[59.960s] -- Symlinking: /home/anatoly/ros2k_ws/install/xarm_msgs/include/xarm_msgs/xarm_msgs/srv/detail/move_velocity__rosidl_typesupport_introspection_c.h
[59.970s] -- Symlinking: /home/anatoly/ros2k_ws/install/xarm_msgs/include/xarm_msgs/xarm_msgs/srv/detail/plan_exec__rosidl_typesupport_introspection_c.h
[59.980s] -- Symlinking: /home/anatoly/ros2k_ws/install/xarm_msgs/include/xarm_msgs/xarm_msgs/srv/detail/plan_joint__rosidl_typesupport_introspection_c.h
[59.990s] -- Symlinking: /home/anatoly/ros2k_ws/install/xarm_msgs/include/xarm_msgs/xarm_msgs/srv/detail/plan_pose__rosidl_typesupport_introspection_c.h
[59.999s] -- Symlinking: /home/anatoly/ros2k_ws/install/xarm_msgs/include/xarm_msgs/xarm_msgs/srv/detail/plan_single_straight__rosidl_typesupport_introspection_c.h
[60.009s] -- Symlinking: /home/anatoly/ros2k_ws/install/xarm_msgs/include/xarm_msgs/xarm_msgs/srv/detail/robotiq_activate__rosidl_typesupport_introspection_c.h
[60.020s] -- Symlinking: /home/anatoly/ros2k_ws/install/xarm_msgs/include/xarm_msgs/xarm_msgs/srv/detail/robotiq_get_status__rosidl_typesupport_introspection_c.h
[60.030s] -- Symlinking: /home/anatoly/ros2k_ws/install/xarm_msgs/include/xarm_msgs/xarm_msgs/srv/detail/robotiq_move__rosidl_typesupport_introspection_c.h
[60.040s] -- Symlinking: /home/anatoly/ros2k_ws/install/xarm_msgs/include/xarm_msgs/xarm_msgs/srv/detail/robotiq_reset__rosidl_typesupport_introspection_c.h
[60.049s] -- Symlinking: /home/anatoly/ros2k_ws/install/xarm_msgs/include/xarm_msgs/xarm_msgs/srv/detail/set_analog_io__rosidl_typesupport_introspection_c.h
[60.059s] -- Symlinking: /home/anatoly/ros2k_ws/install/xarm_msgs/include/xarm_msgs/xarm_msgs/srv/detail/set_digital_io__rosidl_typesupport_introspection_c.h
[60.070s] -- Symlinking: /home/anatoly/ros2k_ws/install/xarm_msgs/include/xarm_msgs/xarm_msgs/srv/detail/set_float32__rosidl_typesupport_introspection_c.h
[60.081s] -- Symlinking: /home/anatoly/ros2k_ws/install/xarm_msgs/include/xarm_msgs/xarm_msgs/srv/detail/set_float32_list__rosidl_typesupport_introspection_c.h
[60.092s] -- Symlinking: /home/anatoly/ros2k_ws/install/xarm_msgs/include/xarm_msgs/xarm_msgs/srv/detail/set_int16__rosidl_typesupport_introspection_c.h
[60.101s] -- Symlinking: /home/anatoly/ros2k_ws/install/xarm_msgs/include/xarm_msgs/xarm_msgs/srv/detail/set_int16_by_id__rosidl_typesupport_introspection_c.h
[60.112s] -- Symlinking: /home/anatoly/ros2k_ws/install/xarm_msgs/include/xarm_msgs/xarm_msgs/srv/detail/set_int16_list__rosidl_typesupport_introspection_c.h
[60.123s] -- Symlinking: /home/anatoly/ros2k_ws/install/xarm_msgs/include/xarm_msgs/xarm_msgs/srv/detail/set_int32__rosidl_typesupport_introspection_c.h
[60.133s] -- Symlinking: /home/anatoly/ros2k_ws/install/xarm_msgs/include/xarm_msgs/xarm_msgs/srv/detail/set_int32_by_type__rosidl_typesupport_introspection_c.h
[60.143s] -- Symlinking: /home/anatoly/ros2k_ws/install/xarm_msgs/include/xarm_msgs/xarm_msgs/srv/detail/set_modbus_timeout__rosidl_typesupport_introspection_c.h
[60.154s] -- Symlinking: /home/anatoly/ros2k_ws/install/xarm_msgs/include/xarm_msgs/xarm_msgs/srv/detail/set_tcp_load__rosidl_typesupport_introspection_c.h
[60.164s] -- Symlinking: /home/anatoly/ros2k_ws/install/xarm_msgs/include/xarm_msgs/xarm_msgs/srv/detail/traj_ctrl__rosidl_typesupport_introspection_c.h
[60.175s] -- Symlinking: /home/anatoly/ros2k_ws/install/xarm_msgs/include/xarm_msgs/xarm_msgs/srv/detail/traj_play__rosidl_typesupport_introspection_c.h
[60.186s] -- Symlinking: /home/anatoly/ros2k_ws/install/xarm_msgs/include/xarm_msgs/xarm_msgs/srv/detail/vacuum_gripper_ctrl__rosidl_typesupport_introspection_c.h
[60.198s] -- Symlinking: /home/anatoly/ros2k_ws/install/xarm_msgs/include/xarm_msgs/xarm_msgs/msg/detail/cio_state__rosidl_typesupport_introspection_cpp.hpp
[60.208s] -- Symlinking: /home/anatoly/ros2k_ws/install/xarm_msgs/include/xarm_msgs/xarm_msgs/msg/detail/io_state__rosidl_typesupport_introspection_cpp.hpp
[60.219s] -- Symlinking: /home/anatoly/ros2k_ws/install/xarm_msgs/include/xarm_msgs/xarm_msgs/msg/detail/move_velocity__rosidl_typesupport_introspection_cpp.hpp
[60.229s] -- Symlinking: /home/anatoly/ros2k_ws/install/xarm_msgs/include/xarm_msgs/xarm_msgs/msg/detail/robot_msg__rosidl_typesupport_introspection_cpp.hpp
[60.240s] -- Symlinking: /home/anatoly/ros2k_ws/install/xarm_msgs/include/xarm_msgs/xarm_msgs/srv/detail/bio_gripper_ctrl__rosidl_typesupport_introspection_cpp.hpp
[60.250s] -- Symlinking: /home/anatoly/ros2k_ws/install/xarm_msgs/include/xarm_msgs/xarm_msgs/srv/detail/bio_gripper_enable__rosidl_typesupport_introspection_cpp.hpp
[60.261s] -- Symlinking: /home/anatoly/ros2k_ws/install/xarm_msgs/include/xarm_msgs/xarm_msgs/srv/detail/call__rosidl_typesupport_introspection_cpp.hpp
[60.272s] -- Symlinking: /home/anatoly/ros2k_ws/install/xarm_msgs/include/xarm_msgs/xarm_msgs/srv/detail/ft_admittance_params__rosidl_typesupport_introspection_cpp.hpp
[60.282s] -- Symlinking: /home/anatoly/ros2k_ws/install/xarm_msgs/include/xarm_msgs/xarm_msgs/srv/detail/ft_cali_load__rosidl_typesupport_introspection_cpp.hpp
[60.292s] -- Symlinking: /home/anatoly/ros2k_ws/install/xarm_msgs/include/xarm_msgs/xarm_msgs/srv/detail/ft_force_config__rosidl_typesupport_introspection_cpp.hpp
[60.302s] -- Symlinking: /home/anatoly/ros2k_ws/install/xarm_msgs/include/xarm_msgs/xarm_msgs/srv/detail/ft_force_params__rosidl_typesupport_introspection_cpp.hpp
[60.311s] -- Symlinking: /home/anatoly/ros2k_ws/install/xarm_msgs/include/xarm_msgs/xarm_msgs/srv/detail/ft_force_pid__rosidl_typesupport_introspection_cpp.hpp
[60.321s] -- Symlinking: /home/anatoly/ros2k_ws/install/xarm_msgs/include/xarm_msgs/xarm_msgs/srv/detail/ft_impedance__rosidl_typesupport_introspection_cpp.hpp
[60.330s] -- Symlinking: /home/anatoly/ros2k_ws/install/xarm_msgs/include/xarm_msgs/xarm_msgs/srv/detail/get_analog_io__rosidl_typesupport_introspection_cpp.hpp
[60.340s] -- Symlinking: /home/anatoly/ros2k_ws/install/xarm_msgs/include/xarm_msgs/xarm_msgs/srv/detail/get_digital_io__rosidl_typesupport_introspection_cpp.hpp
[60.352s] -- Symlinking: /home/anatoly/ros2k_ws/install/xarm_msgs/include/xarm_msgs/xarm_msgs/srv/detail/get_float32__rosidl_typesupport_introspection_cpp.hpp
[60.363s] -- Symlinking: /home/anatoly/ros2k_ws/install/xarm_msgs/include/xarm_msgs/xarm_msgs/srv/detail/get_float32_list__rosidl_typesupport_introspection_cpp.hpp
[60.374s] -- Symlinking: /home/anatoly/ros2k_ws/install/xarm_msgs/include/xarm_msgs/xarm_msgs/srv/detail/get_int16__rosidl_typesupport_introspection_cpp.hpp
[60.384s] -- Symlinking: /home/anatoly/ros2k_ws/install/xarm_msgs/include/xarm_msgs/xarm_msgs/srv/detail/get_int16_list__rosidl_typesupport_introspection_cpp.hpp
[60.394s] -- Symlinking: /home/anatoly/ros2k_ws/install/xarm_msgs/include/xarm_msgs/xarm_msgs/srv/detail/get_int32__rosidl_typesupport_introspection_cpp.hpp
[60.405s] -- Symlinking: /home/anatoly/ros2k_ws/install/xarm_msgs/include/xarm_msgs/xarm_msgs/srv/detail/get_int32_by_type__rosidl_typesupport_introspection_cpp.hpp
[60.416s] -- Symlinking: /home/anatoly/ros2k_ws/install/xarm_msgs/include/xarm_msgs/xarm_msgs/srv/detail/get_set_modbus_data__rosidl_typesupport_introspection_cpp.hpp
[60.426s] -- Symlinking: /home/anatoly/ros2k_ws/install/xarm_msgs/include/xarm_msgs/xarm_msgs/srv/detail/gripper_move__rosidl_typesupport_introspection_cpp.hpp
[60.436s] -- Symlinking: /home/anatoly/ros2k_ws/install/xarm_msgs/include/xarm_msgs/xarm_msgs/srv/detail/iden_load__rosidl_typesupport_introspection_cpp.hpp
[60.446s] -- Symlinking: /home/anatoly/ros2k_ws/install/xarm_msgs/include/xarm_msgs/xarm_msgs/srv/detail/linear_motor_back_origin__rosidl_typesupport_introspection_cpp.hpp
[60.457s] -- Symlinking: /home/anatoly/ros2k_ws/install/xarm_msgs/include/xarm_msgs/xarm_msgs/srv/detail/linear_motor_set_pos__rosidl_typesupport_introspection_cpp.hpp
[60.467s] -- Symlinking: /home/anatoly/ros2k_ws/install/xarm_msgs/include/xarm_msgs/xarm_msgs/srv/detail/linear_track_back_origin__rosidl_typesupport_introspection_cpp.hpp
[60.476s] -- Symlinking: /home/anatoly/ros2k_ws/install/xarm_msgs/include/xarm_msgs/xarm_msgs/srv/detail/linear_track_set_pos__rosidl_typesupport_introspection_cpp.hpp
[60.487s] -- Symlinking: /home/anatoly/ros2k_ws/install/xarm_msgs/include/xarm_msgs/xarm_msgs/srv/detail/move_cartesian__rosidl_typesupport_introspection_cpp.hpp
[60.497s] -- Symlinking: /home/anatoly/ros2k_ws/install/xarm_msgs/include/xarm_msgs/xarm_msgs/srv/detail/move_circle__rosidl_typesupport_introspection_cpp.hpp
[60.507s] -- Symlinking: /home/anatoly/ros2k_ws/install/xarm_msgs/include/xarm_msgs/xarm_msgs/srv/detail/move_home__rosidl_typesupport_introspection_cpp.hpp
[60.518s] -- Symlinking: /home/anatoly/ros2k_ws/install/xarm_msgs/include/xarm_msgs/xarm_msgs/srv/detail/move_joint__rosidl_typesupport_introspection_cpp.hpp
[60.529s] -- Symlinking: /home/anatoly/ros2k_ws/install/xarm_msgs/include/xarm_msgs/xarm_msgs/srv/detail/move_velocity__rosidl_typesupport_introspection_cpp.hpp
[60.539s] -- Symlinking: /home/anatoly/ros2k_ws/install/xarm_msgs/include/xarm_msgs/xarm_msgs/srv/detail/plan_exec__rosidl_typesupport_introspection_cpp.hpp
[60.552s] -- Symlinking: /home/anatoly/ros2k_ws/install/xarm_msgs/include/xarm_msgs/xarm_msgs/srv/detail/plan_joint__rosidl_typesupport_introspection_cpp.hpp
[60.563s] -- Symlinking: /home/anatoly/ros2k_ws/install/xarm_msgs/include/xarm_msgs/xarm_msgs/srv/detail/plan_pose__rosidl_typesupport_introspection_cpp.hpp
[60.574s] -- Symlinking: /home/anatoly/ros2k_ws/install/xarm_msgs/include/xarm_msgs/xarm_msgs/srv/detail/plan_single_straight__rosidl_typesupport_introspection_cpp.hpp
[60.584s] -- Symlinking: /home/anatoly/ros2k_ws/install/xarm_msgs/include/xarm_msgs/xarm_msgs/srv/detail/robotiq_activate__rosidl_typesupport_introspection_cpp.hpp
[60.594s] -- Symlinking: /home/anatoly/ros2k_ws/install/xarm_msgs/include/xarm_msgs/xarm_msgs/srv/detail/robotiq_get_status__rosidl_typesupport_introspection_cpp.hpp
[60.605s] -- Symlinking: /home/anatoly/ros2k_ws/install/xarm_msgs/include/xarm_msgs/xarm_msgs/srv/detail/robotiq_move__rosidl_typesupport_introspection_cpp.hpp
[60.617s] -- Symlinking: /home/anatoly/ros2k_ws/install/xarm_msgs/include/xarm_msgs/xarm_msgs/srv/detail/robotiq_reset__rosidl_typesupport_introspection_cpp.hpp
[60.629s] -- Symlinking: /home/anatoly/ros2k_ws/install/xarm_msgs/include/xarm_msgs/xarm_msgs/srv/detail/set_analog_io__rosidl_typesupport_introspection_cpp.hpp
[60.639s] -- Symlinking: /home/anatoly/ros2k_ws/install/xarm_msgs/include/xarm_msgs/xarm_msgs/srv/detail/set_digital_io__rosidl_typesupport_introspection_cpp.hpp
[60.650s] -- Symlinking: /home/anatoly/ros2k_ws/install/xarm_msgs/include/xarm_msgs/xarm_msgs/srv/detail/set_float32__rosidl_typesupport_introspection_cpp.hpp
[60.660s] -- Symlinking: /home/anatoly/ros2k_ws/install/xarm_msgs/include/xarm_msgs/xarm_msgs/srv/detail/set_float32_list__rosidl_typesupport_introspection_cpp.hpp
[60.670s] -- Symlinking: /home/anatoly/ros2k_ws/install/xarm_msgs/include/xarm_msgs/xarm_msgs/srv/detail/set_int16__rosidl_typesupport_introspection_cpp.hpp
[60.680s] -- Symlinking: /home/anatoly/ros2k_ws/install/xarm_msgs/include/xarm_msgs/xarm_msgs/srv/detail/set_int16_by_id__rosidl_typesupport_introspection_cpp.hpp
[60.690s] -- Symlinking: /home/anatoly/ros2k_ws/install/xarm_msgs/include/xarm_msgs/xarm_msgs/srv/detail/set_int16_list__rosidl_typesupport_introspection_cpp.hpp
[60.700s] -- Symlinking: /home/anatoly/ros2k_ws/install/xarm_msgs/include/xarm_msgs/xarm_msgs/srv/detail/set_int32__rosidl_typesupport_introspection_cpp.hpp
[60.711s] -- Symlinking: /home/anatoly/ros2k_ws/install/xarm_msgs/include/xarm_msgs/xarm_msgs/srv/detail/set_int32_by_type__rosidl_typesupport_introspection_cpp.hpp
[60.722s] -- Symlinking: /home/anatoly/ros2k_ws/install/xarm_msgs/include/xarm_msgs/xarm_msgs/srv/detail/set_modbus_timeout__rosidl_typesupport_introspection_cpp.hpp
[60.732s] -- Symlinking: /home/anatoly/ros2k_ws/install/xarm_msgs/include/xarm_msgs/xarm_msgs/srv/detail/set_tcp_load__rosidl_typesupport_introspection_cpp.hpp
[60.743s] -- Symlinking: /home/anatoly/ros2k_ws/install/xarm_msgs/include/xarm_msgs/xarm_msgs/srv/detail/traj_ctrl__rosidl_typesupport_introspection_cpp.hpp
[60.753s] -- Symlinking: /home/anatoly/ros2k_ws/install/xarm_msgs/include/xarm_msgs/xarm_msgs/srv/detail/traj_play__rosidl_typesupport_introspection_cpp.hpp
[60.764s] -- Symlinking: /home/anatoly/ros2k_ws/install/xarm_msgs/include/xarm_msgs/xarm_msgs/srv/detail/vacuum_gripper_ctrl__rosidl_typesupport_introspection_cpp.hpp
[60.774s] -- Symlinking: /home/anatoly/ros2k_ws/install/xarm_msgs/share/xarm_msgs/environment/pythonpath.sh
[60.783s] -- Symlinking: /home/anatoly/ros2k_ws/install/xarm_msgs/share/xarm_msgs/environment/pythonpath.dsv
[60.794s] -- Symlinking: /home/anatoly/ros2k_ws/install/xarm_msgs/lib/python3.12/site-packages/xarm_msgs-0.0.0-py3.12.egg-info/PKG-INFO
[60.804s] -- Symlinking: /home/anatoly/ros2k_ws/install/xarm_msgs/lib/python3.12/site-packages/xarm_msgs-0.0.0-py3.12.egg-info/SOURCES.txt
[60.816s] -- Symlinking: /home/anatoly/ros2k_ws/install/xarm_msgs/lib/python3.12/site-packages/xarm_msgs-0.0.0-py3.12.egg-info/dependency_links.txt
[60.826s] -- Symlinking: /home/anatoly/ros2k_ws/install/xarm_msgs/lib/python3.12/site-packages/xarm_msgs-0.0.0-py3.12.egg-info/top_level.txt
[60.840s] -- Symlinking: /home/anatoly/ros2k_ws/install/xarm_msgs/lib/python3.12/site-packages/xarm_msgs/__init__.py
[60.850s] -- Symlinking: /home/anatoly/ros2k_ws/install/xarm_msgs/lib/python3.12/site-packages/xarm_msgs/_xarm_msgs_s.ep.rosidl_typesupport_c.c
[60.860s] -- Symlinking: /home/anatoly/ros2k_ws/install/xarm_msgs/lib/python3.12/site-packages/xarm_msgs/_xarm_msgs_s.ep.rosidl_typesupport_fastrtps_c.c
[60.870s] -- Symlinking: /home/anatoly/ros2k_ws/install/xarm_msgs/lib/python3.12/site-packages/xarm_msgs/_xarm_msgs_s.ep.rosidl_typesupport_introspection_c.c
[60.881s] -- Symlinking: /home/anatoly/ros2k_ws/install/xarm_msgs/lib/python3.12/site-packages/xarm_msgs/msg/__init__.py
[60.891s] -- Symlinking: /home/anatoly/ros2k_ws/install/xarm_msgs/lib/python3.12/site-packages/xarm_msgs/msg/_cio_state.py
[60.902s] -- Symlinking: /home/anatoly/ros2k_ws/install/xarm_msgs/lib/python3.12/site-packages/xarm_msgs/msg/_cio_state_s.c
[60.912s] -- Symlinking: /home/anatoly/ros2k_ws/install/xarm_msgs/lib/python3.12/site-packages/xarm_msgs/msg/_io_state.py
[60.923s] -- Symlinking: /home/anatoly/ros2k_ws/install/xarm_msgs/lib/python3.12/site-packages/xarm_msgs/msg/_io_state_s.c
[60.933s] -- Symlinking: /home/anatoly/ros2k_ws/install/xarm_msgs/lib/python3.12/site-packages/xarm_msgs/msg/_move_velocity.py
[60.944s] -- Symlinking: /home/anatoly/ros2k_ws/install/xarm_msgs/lib/python3.12/site-packages/xarm_msgs/msg/_move_velocity_s.c
[60.954s] -- Symlinking: /home/anatoly/ros2k_ws/install/xarm_msgs/lib/python3.12/site-packages/xarm_msgs/msg/_robot_msg.py
[60.966s] -- Symlinking: /home/anatoly/ros2k_ws/install/xarm_msgs/lib/python3.12/site-packages/xarm_msgs/msg/_robot_msg_s.c
[60.977s] -- Symlinking: /home/anatoly/ros2k_ws/install/xarm_msgs/lib/python3.12/site-packages/xarm_msgs/srv/__init__.py
[60.987s] -- Symlinking: /home/anatoly/ros2k_ws/install/xarm_msgs/lib/python3.12/site-packages/xarm_msgs/srv/_bio_gripper_ctrl.py
[60.997s] -- Symlinking: /home/anatoly/ros2k_ws/install/xarm_msgs/lib/python3.12/site-packages/xarm_msgs/srv/_bio_gripper_ctrl_s.c
[61.007s] -- Symlinking: /home/anatoly/ros2k_ws/install/xarm_msgs/lib/python3.12/site-packages/xarm_msgs/srv/_bio_gripper_enable.py
[61.016s] -- Symlinking: /home/anatoly/ros2k_ws/install/xarm_msgs/lib/python3.12/site-packages/xarm_msgs/srv/_bio_gripper_enable_s.c
[61.026s] -- Symlinking: /home/anatoly/ros2k_ws/install/xarm_msgs/lib/python3.12/site-packages/xarm_msgs/srv/_call.py
[61.037s] -- Symlinking: /home/anatoly/ros2k_ws/install/xarm_msgs/lib/python3.12/site-packages/xarm_msgs/srv/_call_s.c
[61.047s] -- Symlinking: /home/anatoly/ros2k_ws/install/xarm_msgs/lib/python3.12/site-packages/xarm_msgs/srv/_ft_admittance_params.py
[61.058s] -- Symlinking: /home/anatoly/ros2k_ws/install/xarm_msgs/lib/python3.12/site-packages/xarm_msgs/srv/_ft_admittance_params_s.c
[61.070s] -- Symlinking: /home/anatoly/ros2k_ws/install/xarm_msgs/lib/python3.12/site-packages/xarm_msgs/srv/_ft_cali_load.py
[61.080s] -- Symlinking: /home/anatoly/ros2k_ws/install/xarm_msgs/lib/python3.12/site-packages/xarm_msgs/srv/_ft_cali_load_s.c
[61.089s] -- Symlinking: /home/anatoly/ros2k_ws/install/xarm_msgs/lib/python3.12/site-packages/xarm_msgs/srv/_ft_force_config.py
[61.099s] -- Symlinking: /home/anatoly/ros2k_ws/install/xarm_msgs/lib/python3.12/site-packages/xarm_msgs/srv/_ft_force_config_s.c
[61.110s] -- Symlinking: /home/anatoly/ros2k_ws/install/xarm_msgs/lib/python3.12/site-packages/xarm_msgs/srv/_ft_force_params.py
[61.120s] -- Symlinking: /home/anatoly/ros2k_ws/install/xarm_msgs/lib/python3.12/site-packages/xarm_msgs/srv/_ft_force_params_s.c
[61.131s] -- Symlinking: /home/anatoly/ros2k_ws/install/xarm_msgs/lib/python3.12/site-packages/xarm_msgs/srv/_ft_force_pid.py
[61.141s] -- Symlinking: /home/anatoly/ros2k_ws/install/xarm_msgs/lib/python3.12/site-packages/xarm_msgs/srv/_ft_force_pid_s.c
[61.152s] -- Symlinking: /home/anatoly/ros2k_ws/install/xarm_msgs/lib/python3.12/site-packages/xarm_msgs/srv/_ft_impedance.py
[61.163s] -- Symlinking: /home/anatoly/ros2k_ws/install/xarm_msgs/lib/python3.12/site-packages/xarm_msgs/srv/_ft_impedance_s.c
[61.173s] -- Symlinking: /home/anatoly/ros2k_ws/install/xarm_msgs/lib/python3.12/site-packages/xarm_msgs/srv/_get_analog_io.py
[61.183s] -- Symlinking: /home/anatoly/ros2k_ws/install/xarm_msgs/lib/python3.12/site-packages/xarm_msgs/srv/_get_analog_io_s.c
[61.194s] -- Symlinking: /home/anatoly/ros2k_ws/install/xarm_msgs/lib/python3.12/site-packages/xarm_msgs/srv/_get_digital_io.py
[61.204s] -- Symlinking: /home/anatoly/ros2k_ws/install/xarm_msgs/lib/python3.12/site-packages/xarm_msgs/srv/_get_digital_io_s.c
[61.215s] -- Symlinking: /home/anatoly/ros2k_ws/install/xarm_msgs/lib/python3.12/site-packages/xarm_msgs/srv/_get_float32.py
[61.225s] -- Symlinking: /home/anatoly/ros2k_ws/install/xarm_msgs/lib/python3.12/site-packages/xarm_msgs/srv/_get_float32_list.py
[61.234s] -- Symlinking: /home/anatoly/ros2k_ws/install/xarm_msgs/lib/python3.12/site-packages/xarm_msgs/srv/_get_float32_list_s.c
[61.245s] -- Symlinking: /home/anatoly/ros2k_ws/install/xarm_msgs/lib/python3.12/site-packages/xarm_msgs/srv/_get_float32_s.c
[61.256s] -- Symlinking: /home/anatoly/ros2k_ws/install/xarm_msgs/lib/python3.12/site-packages/xarm_msgs/srv/_get_int16.py
[61.266s] -- Symlinking: /home/anatoly/ros2k_ws/install/xarm_msgs/lib/python3.12/site-packages/xarm_msgs/srv/_get_int16_list.py
[61.276s] -- Symlinking: /home/anatoly/ros2k_ws/install/xarm_msgs/lib/python3.12/site-packages/xarm_msgs/srv/_get_int16_list_s.c
[61.286s] -- Symlinking: /home/anatoly/ros2k_ws/install/xarm_msgs/lib/python3.12/site-packages/xarm_msgs/srv/_get_int16_s.c
[61.297s] -- Symlinking: /home/anatoly/ros2k_ws/install/xarm_msgs/lib/python3.12/site-packages/xarm_msgs/srv/_get_int32.py
[61.308s] -- Symlinking: /home/anatoly/ros2k_ws/install/xarm_msgs/lib/python3.12/site-packages/xarm_msgs/srv/_get_int32_by_type.py
[61.318s] -- Symlinking: /home/anatoly/ros2k_ws/install/xarm_msgs/lib/python3.12/site-packages/xarm_msgs/srv/_get_int32_by_type_s.c
[61.328s] -- Symlinking: /home/anatoly/ros2k_ws/install/xarm_msgs/lib/python3.12/site-packages/xarm_msgs/srv/_get_int32_s.c
[61.339s] -- Symlinking: /home/anatoly/ros2k_ws/install/xarm_msgs/lib/python3.12/site-packages/xarm_msgs/srv/_get_set_modbus_data.py
[61.350s] -- Symlinking: /home/anatoly/ros2k_ws/install/xarm_msgs/lib/python3.12/site-packages/xarm_msgs/srv/_get_set_modbus_data_s.c
[61.360s] -- Symlinking: /home/anatoly/ros2k_ws/install/xarm_msgs/lib/python3.12/site-packages/xarm_msgs/srv/_gripper_move.py
[61.370s] -- Symlinking: /home/anatoly/ros2k_ws/install/xarm_msgs/lib/python3.12/site-packages/xarm_msgs/srv/_gripper_move_s.c
[61.380s] -- Symlinking: /home/anatoly/ros2k_ws/install/xarm_msgs/lib/python3.12/site-packages/xarm_msgs/srv/_iden_load.py
[61.391s] -- Symlinking: /home/anatoly/ros2k_ws/install/xarm_msgs/lib/python3.12/site-packages/xarm_msgs/srv/_iden_load_s.c
[61.402s] -- Symlinking: /home/anatoly/ros2k_ws/install/xarm_msgs/lib/python3.12/site-packages/xarm_msgs/srv/_linear_motor_back_origin.py
[61.412s] -- Symlinking: /home/anatoly/ros2k_ws/install/xarm_msgs/lib/python3.12/site-packages/xarm_msgs/srv/_linear_motor_back_origin_s.c
[61.423s] -- Symlinking: /home/anatoly/ros2k_ws/install/xarm_msgs/lib/python3.12/site-packages/xarm_msgs/srv/_linear_motor_set_pos.py
[61.433s] -- Symlinking: /home/anatoly/ros2k_ws/install/xarm_msgs/lib/python3.12/site-packages/xarm_msgs/srv/_linear_motor_set_pos_s.c
[61.443s] -- Symlinking: /home/anatoly/ros2k_ws/install/xarm_msgs/lib/python3.12/site-packages/xarm_msgs/srv/_linear_track_back_origin.py
[61.452s] -- Symlinking: /home/anatoly/ros2k_ws/install/xarm_msgs/lib/python3.12/site-packages/xarm_msgs/srv/_linear_track_back_origin_s.c
[61.462s] -- Symlinking: /home/anatoly/ros2k_ws/install/xarm_msgs/lib/python3.12/site-packages/xarm_msgs/srv/_linear_track_set_pos.py
[61.473s] -- Symlinking: /home/anatoly/ros2k_ws/install/xarm_msgs/lib/python3.12/site-packages/xarm_msgs/srv/_linear_track_set_pos_s.c
[61.483s] -- Symlinking: /home/anatoly/ros2k_ws/install/xarm_msgs/lib/python3.12/site-packages/xarm_msgs/srv/_move_cartesian.py
[61.493s] -- Symlinking: /home/anatoly/ros2k_ws/install/xarm_msgs/lib/python3.12/site-packages/xarm_msgs/srv/_move_cartesian_s.c
[61.504s] -- Symlinking: /home/anatoly/ros2k_ws/install/xarm_msgs/lib/python3.12/site-packages/xarm_msgs/srv/_move_circle.py
[61.514s] -- Symlinking: /home/anatoly/ros2k_ws/install/xarm_msgs/lib/python3.12/site-packages/xarm_msgs/srv/_move_circle_s.c
[61.525s] -- Symlinking: /home/anatoly/ros2k_ws/install/xarm_msgs/lib/python3.12/site-packages/xarm_msgs/srv/_move_home.py
[61.536s] -- Symlinking: /home/anatoly/ros2k_ws/install/xarm_msgs/lib/python3.12/site-packages/xarm_msgs/srv/_move_home_s.c
[61.546s] -- Symlinking: /home/anatoly/ros2k_ws/install/xarm_msgs/lib/python3.12/site-packages/xarm_msgs/srv/_move_joint.py
[61.557s] -- Symlinking: /home/anatoly/ros2k_ws/install/xarm_msgs/lib/python3.12/site-packages/xarm_msgs/srv/_move_joint_s.c
[61.567s] -- Symlinking: /home/anatoly/ros2k_ws/install/xarm_msgs/lib/python3.12/site-packages/xarm_msgs/srv/_move_velocity.py
[61.578s] -- Symlinking: /home/anatoly/ros2k_ws/install/xarm_msgs/lib/python3.12/site-packages/xarm_msgs/srv/_move_velocity_s.c
[61.589s] -- Symlinking: /home/anatoly/ros2k_ws/install/xarm_msgs/lib/python3.12/site-packages/xarm_msgs/srv/_plan_exec.py
[61.599s] -- Symlinking: /home/anatoly/ros2k_ws/install/xarm_msgs/lib/python3.12/site-packages/xarm_msgs/srv/_plan_exec_s.c
[61.610s] -- Symlinking: /home/anatoly/ros2k_ws/install/xarm_msgs/lib/python3.12/site-packages/xarm_msgs/srv/_plan_joint.py
[61.620s] -- Symlinking: /home/anatoly/ros2k_ws/install/xarm_msgs/lib/python3.12/site-packages/xarm_msgs/srv/_plan_joint_s.c
[61.631s] -- Symlinking: /home/anatoly/ros2k_ws/install/xarm_msgs/lib/python3.12/site-packages/xarm_msgs/srv/_plan_pose.py
[61.643s] -- Symlinking: /home/anatoly/ros2k_ws/install/xarm_msgs/lib/python3.12/site-packages/xarm_msgs/srv/_plan_pose_s.c
[61.654s] -- Symlinking: /home/anatoly/ros2k_ws/install/xarm_msgs/lib/python3.12/site-packages/xarm_msgs/srv/_plan_single_straight.py
[61.664s] -- Symlinking: /home/anatoly/ros2k_ws/install/xarm_msgs/lib/python3.12/site-packages/xarm_msgs/srv/_plan_single_straight_s.c
[61.673s] -- Symlinking: /home/anatoly/ros2k_ws/install/xarm_msgs/lib/python3.12/site-packages/xarm_msgs/srv/_robotiq_activate.py
[61.684s] -- Symlinking: /home/anatoly/ros2k_ws/install/xarm_msgs/lib/python3.12/site-packages/xarm_msgs/srv/_robotiq_activate_s.c
[61.695s] -- Symlinking: /home/anatoly/ros2k_ws/install/xarm_msgs/lib/python3.12/site-packages/xarm_msgs/srv/_robotiq_get_status.py
[61.704s] -- Symlinking: /home/anatoly/ros2k_ws/install/xarm_msgs/lib/python3.12/site-packages/xarm_msgs/srv/_robotiq_get_status_s.c
[61.714s] -- Symlinking: /home/anatoly/ros2k_ws/install/xarm_msgs/lib/python3.12/site-packages/xarm_msgs/srv/_robotiq_move.py
[61.725s] -- Symlinking: /home/anatoly/ros2k_ws/install/xarm_msgs/lib/python3.12/site-packages/xarm_msgs/srv/_robotiq_move_s.c
[61.736s] -- Symlinking: /home/anatoly/ros2k_ws/install/xarm_msgs/lib/python3.12/site-packages/xarm_msgs/srv/_robotiq_reset.py
[61.746s] -- Symlinking: /home/anatoly/ros2k_ws/install/xarm_msgs/lib/python3.12/site-packages/xarm_msgs/srv/_robotiq_reset_s.c
[61.756s] -- Symlinking: /home/anatoly/ros2k_ws/install/xarm_msgs/lib/python3.12/site-packages/xarm_msgs/srv/_set_analog_io.py
[61.767s] -- Symlinking: /home/anatoly/ros2k_ws/install/xarm_msgs/lib/python3.12/site-packages/xarm_msgs/srv/_set_analog_io_s.c
[61.777s] -- Symlinking: /home/anatoly/ros2k_ws/install/xarm_msgs/lib/python3.12/site-packages/xarm_msgs/srv/_set_digital_io.py
[61.788s] -- Symlinking: /home/anatoly/ros2k_ws/install/xarm_msgs/lib/python3.12/site-packages/xarm_msgs/srv/_set_digital_io_s.c
[61.799s] -- Symlinking: /home/anatoly/ros2k_ws/install/xarm_msgs/lib/python3.12/site-packages/xarm_msgs/srv/_set_float32.py
[61.809s] -- Symlinking: /home/anatoly/ros2k_ws/install/xarm_msgs/lib/python3.12/site-packages/xarm_msgs/srv/_set_float32_list.py
[61.819s] -- Symlinking: /home/anatoly/ros2k_ws/install/xarm_msgs/lib/python3.12/site-packages/xarm_msgs/srv/_set_float32_list_s.c
[61.830s] -- Symlinking: /home/anatoly/ros2k_ws/install/xarm_msgs/lib/python3.12/site-packages/xarm_msgs/srv/_set_float32_s.c
[61.841s] -- Symlinking: /home/anatoly/ros2k_ws/install/xarm_msgs/lib/python3.12/site-packages/xarm_msgs/srv/_set_int16.py
[61.851s] -- Symlinking: /home/anatoly/ros2k_ws/install/xarm_msgs/lib/python3.12/site-packages/xarm_msgs/srv/_set_int16_by_id.py
[61.861s] -- Symlinking: /home/anatoly/ros2k_ws/install/xarm_msgs/lib/python3.12/site-packages/xarm_msgs/srv/_set_int16_by_id_s.c
[61.873s] -- Symlinking: /home/anatoly/ros2k_ws/install/xarm_msgs/lib/python3.12/site-packages/xarm_msgs/srv/_set_int16_list.py
[61.884s] -- Symlinking: /home/anatoly/ros2k_ws/install/xarm_msgs/lib/python3.12/site-packages/xarm_msgs/srv/_set_int16_list_s.c
[61.894s] -- Symlinking: /home/anatoly/ros2k_ws/install/xarm_msgs/lib/python3.12/site-packages/xarm_msgs/srv/_set_int16_s.c
[61.904s] -- Symlinking: /home/anatoly/ros2k_ws/install/xarm_msgs/lib/python3.12/site-packages/xarm_msgs/srv/_set_int32.py
[61.913s] -- Symlinking: /home/anatoly/ros2k_ws/install/xarm_msgs/lib/python3.12/site-packages/xarm_msgs/srv/_set_int32_by_type.py
[61.923s] -- Symlinking: /home/anatoly/ros2k_ws/install/xarm_msgs/lib/python3.12/site-packages/xarm_msgs/srv/_set_int32_by_type_s.c
[61.934s] -- Symlinking: /home/anatoly/ros2k_ws/install/xarm_msgs/lib/python3.12/site-packages/xarm_msgs/srv/_set_int32_s.c
[61.944s] -- Symlinking: /home/anatoly/ros2k_ws/install/xarm_msgs/lib/python3.12/site-packages/xarm_msgs/srv/_set_modbus_timeout.py
[61.955s] -- Symlinking: /home/anatoly/ros2k_ws/install/xarm_msgs/lib/python3.12/site-packages/xarm_msgs/srv/_set_modbus_timeout_s.c
[61.965s] -- Symlinking: /home/anatoly/ros2k_ws/install/xarm_msgs/lib/python3.12/site-packages/xarm_msgs/srv/_set_tcp_load.py
[61.975s] -- Symlinking: /home/anatoly/ros2k_ws/install/xarm_msgs/lib/python3.12/site-packages/xarm_msgs/srv/_set_tcp_load_s.c
[61.986s] -- Symlinking: /home/anatoly/ros2k_ws/install/xarm_msgs/lib/python3.12/site-packages/xarm_msgs/srv/_traj_ctrl.py
[61.996s] -- Symlinking: /home/anatoly/ros2k_ws/install/xarm_msgs/lib/python3.12/site-packages/xarm_msgs/srv/_traj_ctrl_s.c
[62.007s] -- Symlinking: /home/anatoly/ros2k_ws/install/xarm_msgs/lib/python3.12/site-packages/xarm_msgs/srv/_traj_play.py
[62.017s] -- Symlinking: /home/anatoly/ros2k_ws/install/xarm_msgs/lib/python3.12/site-packages/xarm_msgs/srv/_traj_play_s.c
[62.027s] -- Symlinking: /home/anatoly/ros2k_ws/install/xarm_msgs/lib/python3.12/site-packages/xarm_msgs/srv/_vacuum_gripper_ctrl.py
[62.036s] -- Symlinking: /home/anatoly/ros2k_ws/install/xarm_msgs/lib/python3.12/site-packages/xarm_msgs/srv/_vacuum_gripper_ctrl_s.c
[62.046s] -- Symlinking: /home/anatoly/ros2k_ws/install/xarm_msgs/lib/python3.12/site-packages/xarm_msgs/xarm_msgs_s__rosidl_typesupport_c.so
[62.057s] -- Symlinking: /home/anatoly/ros2k_ws/install/xarm_msgs/lib/python3.12/site-packages/xarm_msgs/xarm_msgs_s__rosidl_typesupport_fastrtps_c.so
[62.066s] -- Symlinking: /home/anatoly/ros2k_ws/install/xarm_msgs/lib/python3.12/site-packages/xarm_msgs/xarm_msgs_s__rosidl_typesupport_introspection_c.so
[62.076s] -- Up-to-date symlink: /home/anatoly/ros2k_ws/install/xarm_msgs/lib/python3.12/site-packages/xarm_msgs/xarm_msgs_s__rosidl_typesupport_fastrtps_c.so
[62.076s] -- Up-to-date symlink: /home/anatoly/ros2k_ws/install/xarm_msgs/lib/python3.12/site-packages/xarm_msgs/xarm_msgs_s__rosidl_typesupport_introspection_c.so
[62.076s] -- Up-to-date symlink: /home/anatoly/ros2k_ws/install/xarm_msgs/lib/python3.12/site-packages/xarm_msgs/xarm_msgs_s__rosidl_typesupport_c.so
[62.077s] -- Symlinking: /home/anatoly/ros2k_ws/install/xarm_msgs/share/xarm_msgs/rust/Cargo.toml
[62.088s] -- Symlinking: /home/anatoly/ros2k_ws/install/xarm_msgs/share/xarm_msgs/rust/build.rs
[62.097s] -- Symlinking: /home/anatoly/ros2k_ws/install/xarm_msgs/share/xarm_msgs/rust/src/lib.rs
[62.106s] -- Symlinking: /home/anatoly/ros2k_ws/install/xarm_msgs/share/xarm_msgs/rust/src/msg.rs
[62.116s] -- Symlinking: /home/anatoly/ros2k_ws/install/xarm_msgs/share/xarm_msgs/rust/src/msg/rmw.rs
[62.126s] -- Symlinking: /home/anatoly/ros2k_ws/install/xarm_msgs/share/xarm_msgs/rust/src/srv.rs
[62.136s] -- Symlinking: /home/anatoly/ros2k_ws/install/xarm_msgs/share/xarm_msgs/rust/src/srv/rmw.rs
[62.145s] -- Symlinking: /home/anatoly/ros2k_ws/install/xarm_msgs/share/xarm_msgs/msg/RobotMsg.idl
[62.155s] -- Symlinking: /home/anatoly/ros2k_ws/install/xarm_msgs/share/xarm_msgs/msg/IOState.idl
[62.165s] -- Symlinking: /home/anatoly/ros2k_ws/install/xarm_msgs/share/xarm_msgs/msg/CIOState.idl
[62.175s] -- Symlinking: /home/anatoly/ros2k_ws/install/xarm_msgs/share/xarm_msgs/msg/MoveVelocity.idl
[62.185s] -- Symlinking: /home/anatoly/ros2k_ws/install/xarm_msgs/share/xarm_msgs/srv/BioGripperCtrl.idl
[62.196s] -- Symlinking: /home/anatoly/ros2k_ws/install/xarm_msgs/share/xarm_msgs/srv/BioGripperEnable.idl
[62.206s] -- Symlinking: /home/anatoly/ros2k_ws/install/xarm_msgs/share/xarm_msgs/srv/Call.idl
[62.216s] -- Symlinking: /home/anatoly/ros2k_ws/install/xarm_msgs/share/xarm_msgs/srv/GetAnalogIO.idl
[62.225s] -- Symlinking: /home/anatoly/ros2k_ws/install/xarm_msgs/share/xarm_msgs/srv/GetDigitalIO.idl
[62.236s] -- Symlinking: /home/anatoly/ros2k_ws/install/xarm_msgs/share/xarm_msgs/srv/GetFloat32.idl
[62.247s] -- Symlinking: /home/anatoly/ros2k_ws/install/xarm_msgs/share/xarm_msgs/srv/GetFloat32List.idl
[62.258s] -- Symlinking: /home/anatoly/ros2k_ws/install/xarm_msgs/share/xarm_msgs/srv/GetInt16.idl
[62.269s] -- Symlinking: /home/anatoly/ros2k_ws/install/xarm_msgs/share/xarm_msgs/srv/GetInt16List.idl
[62.278s] -- Symlinking: /home/anatoly/ros2k_ws/install/xarm_msgs/share/xarm_msgs/srv/GetInt32.idl
[62.289s] -- Symlinking: /home/anatoly/ros2k_ws/install/xarm_msgs/share/xarm_msgs/srv/GetInt32ByType.idl
[62.299s] -- Symlinking: /home/anatoly/ros2k_ws/install/xarm_msgs/share/xarm_msgs/srv/GetSetModbusData.idl
[62.310s] -- Symlinking: /home/anatoly/ros2k_ws/install/xarm_msgs/share/xarm_msgs/srv/GripperMove.idl
[62.321s] -- Symlinking: /home/anatoly/ros2k_ws/install/xarm_msgs/share/xarm_msgs/srv/MoveCartesian.idl
[62.331s] -- Symlinking: /home/anatoly/ros2k_ws/install/xarm_msgs/share/xarm_msgs/srv/MoveCircle.idl
[62.340s] -- Symlinking: /home/anatoly/ros2k_ws/install/xarm_msgs/share/xarm_msgs/srv/MoveHome.idl
[62.352s] -- Symlinking: /home/anatoly/ros2k_ws/install/xarm_msgs/share/xarm_msgs/srv/MoveJoint.idl
[62.363s] -- Symlinking: /home/anatoly/ros2k_ws/install/xarm_msgs/share/xarm_msgs/srv/MoveVelocity.idl
[62.374s] -- Symlinking: /home/anatoly/ros2k_ws/install/xarm_msgs/share/xarm_msgs/srv/RobotiqActivate.idl
[62.385s] -- Symlinking: /home/anatoly/ros2k_ws/install/xarm_msgs/share/xarm_msgs/srv/RobotiqGetStatus.idl
[62.395s] -- Symlinking: /home/anatoly/ros2k_ws/install/xarm_msgs/share/xarm_msgs/srv/RobotiqMove.idl
[62.406s] -- Symlinking: /home/anatoly/ros2k_ws/install/xarm_msgs/share/xarm_msgs/srv/RobotiqReset.idl
[62.417s] -- Symlinking: /home/anatoly/ros2k_ws/install/xarm_msgs/share/xarm_msgs/srv/SetAnalogIO.idl
[62.428s] -- Symlinking: /home/anatoly/ros2k_ws/install/xarm_msgs/share/xarm_msgs/srv/SetDigitalIO.idl
[62.439s] -- Symlinking: /home/anatoly/ros2k_ws/install/xarm_msgs/share/xarm_msgs/srv/SetFloat32.idl
[62.450s] -- Symlinking: /home/anatoly/ros2k_ws/install/xarm_msgs/share/xarm_msgs/srv/SetFloat32List.idl
[62.459s] -- Symlinking: /home/anatoly/ros2k_ws/install/xarm_msgs/share/xarm_msgs/srv/SetInt16.idl
[62.471s] -- Symlinking: /home/anatoly/ros2k_ws/install/xarm_msgs/share/xarm_msgs/srv/SetInt16ById.idl
[62.481s] -- Symlinking: /home/anatoly/ros2k_ws/install/xarm_msgs/share/xarm_msgs/srv/SetInt16List.idl
[62.491s] -- Symlinking: /home/anatoly/ros2k_ws/install/xarm_msgs/share/xarm_msgs/srv/SetInt32.idl
[62.502s] -- Symlinking: /home/anatoly/ros2k_ws/install/xarm_msgs/share/xarm_msgs/srv/SetInt32ByType.idl
[62.512s] -- Symlinking: /home/anatoly/ros2k_ws/install/xarm_msgs/share/xarm_msgs/srv/TrajCtrl.idl
[62.522s] -- Symlinking: /home/anatoly/ros2k_ws/install/xarm_msgs/share/xarm_msgs/srv/TrajPlay.idl
[62.533s] -- Symlinking: /home/anatoly/ros2k_ws/install/xarm_msgs/share/xarm_msgs/srv/VacuumGripperCtrl.idl
[62.544s] -- Symlinking: /home/anatoly/ros2k_ws/install/xarm_msgs/share/xarm_msgs/srv/SetTcpLoad.idl
[62.555s] -- Symlinking: /home/anatoly/ros2k_ws/install/xarm_msgs/share/xarm_msgs/srv/SetModbusTimeout.idl
[62.566s] -- Symlinking: /home/anatoly/ros2k_ws/install/xarm_msgs/share/xarm_msgs/srv/IdenLoad.idl
[62.577s] -- Symlinking: /home/anatoly/ros2k_ws/install/xarm_msgs/share/xarm_msgs/srv/FtCaliLoad.idl
[62.587s] -- Symlinking: /home/anatoly/ros2k_ws/install/xarm_msgs/share/xarm_msgs/srv/FtForceParams.idl
[62.596s] -- Symlinking: /home/anatoly/ros2k_ws/install/xarm_msgs/share/xarm_msgs/srv/FtAdmittanceParams.idl
[62.606s] -- Symlinking: /home/anatoly/ros2k_ws/install/xarm_msgs/share/xarm_msgs/srv/LinearMotorBackOrigin.idl
[62.616s] -- Symlinking: /home/anatoly/ros2k_ws/install/xarm_msgs/share/xarm_msgs/srv/LinearMotorSetPos.idl
[62.626s] -- Symlinking: /home/anatoly/ros2k_ws/install/xarm_msgs/share/xarm_msgs/srv/PlanExec.idl
[62.636s] -- Symlinking: /home/anatoly/ros2k_ws/install/xarm_msgs/share/xarm_msgs/srv/PlanJoint.idl
[62.647s] -- Symlinking: /home/anatoly/ros2k_ws/install/xarm_msgs/share/xarm_msgs/srv/PlanPose.idl
[62.657s] -- Symlinking: /home/anatoly/ros2k_ws/install/xarm_msgs/share/xarm_msgs/srv/PlanSingleStraight.idl
[62.667s] -- Symlinking: /home/anatoly/ros2k_ws/install/xarm_msgs/share/xarm_msgs/srv/FtForceConfig.idl
[62.676s] -- Symlinking: /home/anatoly/ros2k_ws/install/xarm_msgs/share/xarm_msgs/srv/FtForcePid.idl
[62.687s] -- Symlinking: /home/anatoly/ros2k_ws/install/xarm_msgs/share/xarm_msgs/srv/FtImpedance.idl
[62.696s] -- Symlinking: /home/anatoly/ros2k_ws/install/xarm_msgs/share/xarm_msgs/srv/LinearTrackBackOrigin.idl
[62.706s] -- Symlinking: /home/anatoly/ros2k_ws/install/xarm_msgs/share/xarm_msgs/srv/LinearTrackSetPos.idl
[62.715s] -- Symlinking: /home/anatoly/ros2k_ws/install/xarm_msgs/share/xarm_msgs/msg/RobotMsg.msg
[62.727s] -- Symlinking: /home/anatoly/ros2k_ws/install/xarm_msgs/share/xarm_msgs/msg/IOState.msg
[62.737s] -- Symlinking: /home/anatoly/ros2k_ws/install/xarm_msgs/share/xarm_msgs/msg/CIOState.msg
[62.748s] -- Symlinking: /home/anatoly/ros2k_ws/install/xarm_msgs/share/xarm_msgs/msg/MoveVelocity.msg
[62.758s] -- Symlinking: /home/anatoly/ros2k_ws/install/xarm_msgs/share/xarm_msgs/srv/BioGripperCtrl.srv
[62.768s] -- Symlinking: /home/anatoly/ros2k_ws/install/xarm_msgs/share/xarm_msgs/srv/BioGripperEnable.srv
[62.779s] -- Symlinking: /home/anatoly/ros2k_ws/install/xarm_msgs/share/xarm_msgs/srv/Call.srv
[62.790s] -- Symlinking: /home/anatoly/ros2k_ws/install/xarm_msgs/share/xarm_msgs/srv/GetAnalogIO.srv
[62.801s] -- Symlinking: /home/anatoly/ros2k_ws/install/xarm_msgs/share/xarm_msgs/srv/GetDigitalIO.srv
[62.812s] -- Symlinking: /home/anatoly/ros2k_ws/install/xarm_msgs/share/xarm_msgs/srv/GetFloat32.srv
[62.822s] -- Symlinking: /home/anatoly/ros2k_ws/install/xarm_msgs/share/xarm_msgs/srv/GetFloat32List.srv
[62.833s] -- Symlinking: /home/anatoly/ros2k_ws/install/xarm_msgs/share/xarm_msgs/srv/GetInt16.srv
[62.844s] -- Symlinking: /home/anatoly/ros2k_ws/install/xarm_msgs/share/xarm_msgs/srv/GetInt16List.srv
[62.854s] -- Symlinking: /home/anatoly/ros2k_ws/install/xarm_msgs/share/xarm_msgs/srv/GetInt32.srv
[62.863s] -- Symlinking: /home/anatoly/ros2k_ws/install/xarm_msgs/share/xarm_msgs/srv/GetInt32ByType.srv
[62.873s] -- Symlinking: /home/anatoly/ros2k_ws/install/xarm_msgs/share/xarm_msgs/srv/GetSetModbusData.srv
[62.883s] -- Symlinking: /home/anatoly/ros2k_ws/install/xarm_msgs/share/xarm_msgs/srv/GripperMove.srv
[62.894s] -- Symlinking: /home/anatoly/ros2k_ws/install/xarm_msgs/share/xarm_msgs/srv/MoveCartesian.srv
[62.904s] -- Symlinking: /home/anatoly/ros2k_ws/install/xarm_msgs/share/xarm_msgs/srv/MoveCircle.srv
[62.913s] -- Symlinking: /home/anatoly/ros2k_ws/install/xarm_msgs/share/xarm_msgs/srv/MoveHome.srv
[62.925s] -- Symlinking: /home/anatoly/ros2k_ws/install/xarm_msgs/share/xarm_msgs/srv/MoveJoint.srv
[62.935s] -- Symlinking: /home/anatoly/ros2k_ws/install/xarm_msgs/share/xarm_msgs/srv/MoveVelocity.srv
[62.947s] -- Symlinking: /home/anatoly/ros2k_ws/install/xarm_msgs/share/xarm_msgs/srv/RobotiqActivate.srv
[62.957s] -- Symlinking: /home/anatoly/ros2k_ws/install/xarm_msgs/share/xarm_msgs/srv/RobotiqGetStatus.srv
[62.967s] -- Symlinking: /home/anatoly/ros2k_ws/install/xarm_msgs/share/xarm_msgs/srv/RobotiqMove.srv
[62.978s] -- Symlinking: /home/anatoly/ros2k_ws/install/xarm_msgs/share/xarm_msgs/srv/RobotiqReset.srv
[62.989s] -- Symlinking: /home/anatoly/ros2k_ws/install/xarm_msgs/share/xarm_msgs/srv/SetAnalogIO.srv
[62.999s] -- Symlinking: /home/anatoly/ros2k_ws/install/xarm_msgs/share/xarm_msgs/srv/SetDigitalIO.srv
[63.008s] -- Symlinking: /home/anatoly/ros2k_ws/install/xarm_msgs/share/xarm_msgs/srv/SetFloat32.srv
[63.018s] -- Symlinking: /home/anatoly/ros2k_ws/install/xarm_msgs/share/xarm_msgs/srv/SetFloat32List.srv
[63.028s] -- Symlinking: /home/anatoly/ros2k_ws/install/xarm_msgs/share/xarm_msgs/srv/SetInt16.srv
[63.038s] -- Symlinking: /home/anatoly/ros2k_ws/install/xarm_msgs/share/xarm_msgs/srv/SetInt16ById.srv
[63.048s] -- Symlinking: /home/anatoly/ros2k_ws/install/xarm_msgs/share/xarm_msgs/srv/SetInt16List.srv
[63.058s] -- Symlinking: /home/anatoly/ros2k_ws/install/xarm_msgs/share/xarm_msgs/srv/SetInt32.srv
[63.070s] -- Symlinking: /home/anatoly/ros2k_ws/install/xarm_msgs/share/xarm_msgs/srv/SetInt32ByType.srv
[63.081s] -- Symlinking: /home/anatoly/ros2k_ws/install/xarm_msgs/share/xarm_msgs/srv/TrajCtrl.srv
[63.091s] -- Symlinking: /home/anatoly/ros2k_ws/install/xarm_msgs/share/xarm_msgs/srv/TrajPlay.srv
[63.102s] -- Symlinking: /home/anatoly/ros2k_ws/install/xarm_msgs/share/xarm_msgs/srv/VacuumGripperCtrl.srv
[63.112s] -- Symlinking: /home/anatoly/ros2k_ws/install/xarm_msgs/share/xarm_msgs/srv/SetTcpLoad.srv
[63.122s] -- Symlinking: /home/anatoly/ros2k_ws/install/xarm_msgs/share/xarm_msgs/srv/SetModbusTimeout.srv
[63.132s] -- Symlinking: /home/anatoly/ros2k_ws/install/xarm_msgs/share/xarm_msgs/srv/IdenLoad.srv
[63.141s] -- Symlinking: /home/anatoly/ros2k_ws/install/xarm_msgs/share/xarm_msgs/srv/FtCaliLoad.srv
[63.152s] -- Symlinking: /home/anatoly/ros2k_ws/install/xarm_msgs/share/xarm_msgs/srv/FtForceParams.srv
[63.163s] -- Symlinking: /home/anatoly/ros2k_ws/install/xarm_msgs/share/xarm_msgs/srv/FtAdmittanceParams.srv
[63.173s] -- Symlinking: /home/anatoly/ros2k_ws/install/xarm_msgs/share/xarm_msgs/srv/LinearMotorBackOrigin.srv
[63.183s] -- Symlinking: /home/anatoly/ros2k_ws/install/xarm_msgs/share/xarm_msgs/srv/LinearMotorSetPos.srv
[63.193s] -- Symlinking: /home/anatoly/ros2k_ws/install/xarm_msgs/share/xarm_msgs/srv/PlanExec.srv
[63.204s] -- Symlinking: /home/anatoly/ros2k_ws/install/xarm_msgs/share/xarm_msgs/srv/PlanJoint.srv
[63.215s] -- Symlinking: /home/anatoly/ros2k_ws/install/xarm_msgs/share/xarm_msgs/srv/PlanPose.srv
[63.225s] -- Symlinking: /home/anatoly/ros2k_ws/install/xarm_msgs/share/xarm_msgs/srv/PlanSingleStraight.srv
[63.236s] -- Symlinking: /home/anatoly/ros2k_ws/install/xarm_msgs/share/xarm_msgs/srv/FtForceConfig.srv
[63.246s] -- Symlinking: /home/anatoly/ros2k_ws/install/xarm_msgs/share/xarm_msgs/srv/FtForcePid.srv
[63.257s] -- Symlinking: /home/anatoly/ros2k_ws/install/xarm_msgs/share/xarm_msgs/srv/FtImpedance.srv
[63.268s] -- Symlinking: /home/anatoly/ros2k_ws/install/xarm_msgs/share/xarm_msgs/srv/LinearTrackBackOrigin.srv
[63.277s] -- Symlinking: /home/anatoly/ros2k_ws/install/xarm_msgs/share/xarm_msgs/srv/LinearTrackSetPos.srv
[63.287s] -- Symlinking: /home/anatoly/ros2k_ws/install/xarm_msgs/share/ament_index/resource_index/package_run_dependencies/xarm_msgs
[63.298s] -- Symlinking: /home/anatoly/ros2k_ws/install/xarm_msgs/share/ament_index/resource_index/parent_prefix_path/xarm_msgs
[63.308s] -- Symlinking: /home/anatoly/ros2k_ws/install/xarm_msgs/share/xarm_msgs/environment/ament_prefix_path.sh
[63.318s] -- Symlinking: /home/anatoly/ros2k_ws/install/xarm_msgs/share/xarm_msgs/environment/ament_prefix_path.dsv
[63.327s] -- Symlinking: /home/anatoly/ros2k_ws/install/xarm_msgs/share/xarm_msgs/environment/path.sh
[63.338s] -- Symlinking: /home/anatoly/ros2k_ws/install/xarm_msgs/share/xarm_msgs/environment/path.dsv
[63.348s] -- Symlinking: /home/anatoly/ros2k_ws/install/xarm_msgs/share/xarm_msgs/local_setup.bash
[63.357s] -- Symlinking: /home/anatoly/ros2k_ws/install/xarm_msgs/share/xarm_msgs/local_setup.sh
[63.367s] -- Symlinking: /home/anatoly/ros2k_ws/install/xarm_msgs/share/xarm_msgs/local_setup.zsh
[63.378s] -- Symlinking: /home/anatoly/ros2k_ws/install/xarm_msgs/share/xarm_msgs/local_setup.dsv
[63.388s] -- Symlinking: /home/anatoly/ros2k_ws/install/xarm_msgs/share/xarm_msgs/package.dsv
[63.398s] -- Symlinking: /home/anatoly/ros2k_ws/install/xarm_msgs/share/ament_index/resource_index/packages/xarm_msgs
[63.409s] -- Symlinking: /home/anatoly/ros2k_ws/install/xarm_msgs/share/xarm_msgs/cmake/rosidl_cmake-extras.cmake
[63.418s] -- Symlinking: /home/anatoly/ros2k_ws/install/xarm_msgs/share/xarm_msgs/cmake/ament_cmake_export_dependencies-extras.cmake
[63.428s] -- Symlinking: /home/anatoly/ros2k_ws/install/xarm_msgs/share/xarm_msgs/cmake/ament_cmake_export_include_directories-extras.cmake
[63.439s] -- Symlinking: /home/anatoly/ros2k_ws/install/xarm_msgs/share/xarm_msgs/cmake/ament_cmake_export_libraries-extras.cmake
[63.449s] -- Symlinking: /home/anatoly/ros2k_ws/install/xarm_msgs/share/xarm_msgs/cmake/ament_cmake_export_targets-extras.cmake
[63.460s] -- Symlinking: /home/anatoly/ros2k_ws/install/xarm_msgs/share/xarm_msgs/cmake/rosidl_cmake_export_typesupport_targets-extras.cmake
[63.471s] -- Symlinking: /home/anatoly/ros2k_ws/install/xarm_msgs/share/xarm_msgs/cmake/rosidl_cmake_export_typesupport_libraries-extras.cmake
[63.481s] -- Symlinking: /home/anatoly/ros2k_ws/install/xarm_msgs/share/xarm_msgs/cmake/rosidl_cmake_aggregate_target-extras.cmake
[63.491s] -- Symlinking: /home/anatoly/ros2k_ws/install/xarm_msgs/share/xarm_msgs/cmake/xarm_msgsConfig.cmake
[63.501s] -- Symlinking: /home/anatoly/ros2k_ws/install/xarm_msgs/share/xarm_msgs/cmake/xarm_msgsConfig-version.cmake
[63.512s] -- Symlinking: /home/anatoly/ros2k_ws/install/xarm_msgs/share/xarm_msgs/package.xml
[63.523s] -- Installing: /home/anatoly/ros2k_ws/install/xarm_msgs/lib/libxarm_msgs__rosidl_generator_c.so
[63.525s] -- Set non-toolchain portion of runtime path of "/home/anatoly/ros2k_ws/install/xarm_msgs/lib/libxarm_msgs__rosidl_generator_c.so" to ""
[63.525s] -- Installing: /home/anatoly/ros2k_ws/install/xarm_msgs/lib/libxarm_msgs__rosidl_typesupport_fastrtps_c.so
[63.526s] -- Set non-toolchain portion of runtime path of "/home/anatoly/ros2k_ws/install/xarm_msgs/lib/libxarm_msgs__rosidl_typesupport_fastrtps_c.so" to ""
[63.526s] -- Installing: /home/anatoly/ros2k_ws/install/xarm_msgs/lib/libxarm_msgs__rosidl_typesupport_fastrtps_cpp.so
[63.528s] -- Set non-toolchain portion of runtime path of "/home/anatoly/ros2k_ws/install/xarm_msgs/lib/libxarm_msgs__rosidl_typesupport_fastrtps_cpp.so" to ""
[63.528s] -- Installing: /home/anatoly/ros2k_ws/install/xarm_msgs/lib/libxarm_msgs__rosidl_typesupport_introspection_c.so
[63.529s] -- Set non-toolchain portion of runtime path of "/home/anatoly/ros2k_ws/install/xarm_msgs/lib/libxarm_msgs__rosidl_typesupport_introspection_c.so" to ""
[63.529s] -- Installing: /home/anatoly/ros2k_ws/install/xarm_msgs/lib/libxarm_msgs__rosidl_typesupport_c.so
[63.530s] -- Set non-toolchain portion of runtime path of "/home/anatoly/ros2k_ws/install/xarm_msgs/lib/libxarm_msgs__rosidl_typesupport_c.so" to ""
[63.530s] -- Installing: /home/anatoly/ros2k_ws/install/xarm_msgs/lib/libxarm_msgs__rosidl_typesupport_introspection_cpp.so
[63.532s] -- Set non-toolchain portion of runtime path of "/home/anatoly/ros2k_ws/install/xarm_msgs/lib/libxarm_msgs__rosidl_typesupport_introspection_cpp.so" to ""
[63.532s] -- Installing: /home/anatoly/ros2k_ws/install/xarm_msgs/lib/libxarm_msgs__rosidl_typesupport_cpp.so
[63.533s] -- Set non-toolchain portion of runtime path of "/home/anatoly/ros2k_ws/install/xarm_msgs/lib/libxarm_msgs__rosidl_typesupport_cpp.so" to ""
[63.729s] Listing '/home/anatoly/ros2k_ws/install/xarm_msgs/lib/python3.12/site-packages/xarm_msgs'...
[63.729s] Compiling '/home/anatoly/ros2k_ws/install/xarm_msgs/lib/python3.12/site-packages/xarm_msgs/__init__.py'...
[63.729s] Listing '/home/anatoly/ros2k_ws/install/xarm_msgs/lib/python3.12/site-packages/xarm_msgs/msg'...
[63.729s] Compiling '/home/anatoly/ros2k_ws/install/xarm_msgs/lib/python3.12/site-packages/xarm_msgs/msg/__init__.py'...
[63.729s] Compiling '/home/anatoly/ros2k_ws/install/xarm_msgs/lib/python3.12/site-packages/xarm_msgs/msg/_cio_state.py'...
[63.730s] Compiling '/home/anatoly/ros2k_ws/install/xarm_msgs/lib/python3.12/site-packages/xarm_msgs/msg/_io_state.py'...
[63.730s] Compiling '/home/anatoly/ros2k_ws/install/xarm_msgs/lib/python3.12/site-packages/xarm_msgs/msg/_move_velocity.py'...
[63.730s] Compiling '/home/anatoly/ros2k_ws/install/xarm_msgs/lib/python3.12/site-packages/xarm_msgs/msg/_robot_msg.py'...
[63.730s] Listing '/home/anatoly/ros2k_ws/install/xarm_msgs/lib/python3.12/site-packages/xarm_msgs/srv'...
[63.730s] Compiling '/home/anatoly/ros2k_ws/install/xarm_msgs/lib/python3.12/site-packages/xarm_msgs/srv/__init__.py'...
[63.730s] Compiling '/home/anatoly/ros2k_ws/install/xarm_msgs/lib/python3.12/site-packages/xarm_msgs/srv/_bio_gripper_ctrl.py'...
[63.730s] Compiling '/home/anatoly/ros2k_ws/install/xarm_msgs/lib/python3.12/site-packages/xarm_msgs/srv/_bio_gripper_enable.py'...
[63.730s] Compiling '/home/anatoly/ros2k_ws/install/xarm_msgs/lib/python3.12/site-packages/xarm_msgs/srv/_call.py'...
[63.730s] Compiling '/home/anatoly/ros2k_ws/install/xarm_msgs/lib/python3.12/site-packages/xarm_msgs/srv/_ft_admittance_params.py'...
[63.730s] Compiling '/home/anatoly/ros2k_ws/install/xarm_msgs/lib/python3.12/site-packages/xarm_msgs/srv/_ft_cali_load.py'...
[63.730s] Compiling '/home/anatoly/ros2k_ws/install/xarm_msgs/lib/python3.12/site-packages/xarm_msgs/srv/_ft_force_config.py'...
[63.730s] Compiling '/home/anatoly/ros2k_ws/install/xarm_msgs/lib/python3.12/site-packages/xarm_msgs/srv/_ft_force_params.py'...
[63.730s] Compiling '/home/anatoly/ros2k_ws/install/xarm_msgs/lib/python3.12/site-packages/xarm_msgs/srv/_ft_force_pid.py'...
[63.730s] Compiling '/home/anatoly/ros2k_ws/install/xarm_msgs/lib/python3.12/site-packages/xarm_msgs/srv/_ft_impedance.py'...
[63.731s] Compiling '/home/anatoly/ros2k_ws/install/xarm_msgs/lib/python3.12/site-packages/xarm_msgs/srv/_get_analog_io.py'...
[63.731s] Compiling '/home/anatoly/ros2k_ws/install/xarm_msgs/lib/python3.12/site-packages/xarm_msgs/srv/_get_digital_io.py'...
[63.731s] Compiling '/home/anatoly/ros2k_ws/install/xarm_msgs/lib/python3.12/site-packages/xarm_msgs/srv/_get_float32.py'...
[63.731s] Compiling '/home/anatoly/ros2k_ws/install/xarm_msgs/lib/python3.12/site-packages/xarm_msgs/srv/_get_float32_list.py'...
[63.731s] Compiling '/home/anatoly/ros2k_ws/install/xarm_msgs/lib/python3.12/site-packages/xarm_msgs/srv/_get_int16.py'...
[63.731s] Compiling '/home/anatoly/ros2k_ws/install/xarm_msgs/lib/python3.12/site-packages/xarm_msgs/srv/_get_int16_list.py'...
[63.731s] Compiling '/home/anatoly/ros2k_ws/install/xarm_msgs/lib/python3.12/site-packages/xarm_msgs/srv/_get_int32.py'...
[63.731s] Compiling '/home/anatoly/ros2k_ws/install/xarm_msgs/lib/python3.12/site-packages/xarm_msgs/srv/_get_int32_by_type.py'...
[63.731s] Compiling '/home/anatoly/ros2k_ws/install/xarm_msgs/lib/python3.12/site-packages/xarm_msgs/srv/_get_set_modbus_data.py'...
[63.731s] Compiling '/home/anatoly/ros2k_ws/install/xarm_msgs/lib/python3.12/site-packages/xarm_msgs/srv/_gripper_move.py'...
[63.731s] Compiling '/home/anatoly/ros2k_ws/install/xarm_msgs/lib/python3.12/site-packages/xarm_msgs/srv/_iden_load.py'...
[63.731s] Compiling '/home/anatoly/ros2k_ws/install/xarm_msgs/lib/python3.12/site-packages/xarm_msgs/srv/_linear_motor_back_origin.py'...
[63.731s] Compiling '/home/anatoly/ros2k_ws/install/xarm_msgs/lib/python3.12/site-packages/xarm_msgs/srv/_linear_motor_set_pos.py'...
[63.731s] Compiling '/home/anatoly/ros2k_ws/install/xarm_msgs/lib/python3.12/site-packages/xarm_msgs/srv/_linear_track_back_origin.py'...
[63.731s] Compiling '/home/anatoly/ros2k_ws/install/xarm_msgs/lib/python3.12/site-packages/xarm_msgs/srv/_linear_track_set_pos.py'...
[63.731s] Compiling '/home/anatoly/ros2k_ws/install/xarm_msgs/lib/python3.12/site-packages/xarm_msgs/srv/_move_cartesian.py'...
[63.732s] Compiling '/home/anatoly/ros2k_ws/install/xarm_msgs/lib/python3.12/site-packages/xarm_msgs/srv/_move_circle.py'...
[63.732s] Compiling '/home/anatoly/ros2k_ws/install/xarm_msgs/lib/python3.12/site-packages/xarm_msgs/srv/_move_home.py'...
[63.732s] Compiling '/home/anatoly/ros2k_ws/install/xarm_msgs/lib/python3.12/site-packages/xarm_msgs/srv/_move_joint.py'...
[63.732s] Compiling '/home/anatoly/ros2k_ws/install/xarm_msgs/lib/python3.12/site-packages/xarm_msgs/srv/_move_velocity.py'...
[63.732s] Compiling '/home/anatoly/ros2k_ws/install/xarm_msgs/lib/python3.12/site-packages/xarm_msgs/srv/_plan_exec.py'...
[63.732s] Compiling '/home/anatoly/ros2k_ws/install/xarm_msgs/lib/python3.12/site-packages/xarm_msgs/srv/_plan_joint.py'...
[63.732s] Compiling '/home/anatoly/ros2k_ws/install/xarm_msgs/lib/python3.12/site-packages/xarm_msgs/srv/_plan_pose.py'...
[63.732s] Compiling '/home/anatoly/ros2k_ws/install/xarm_msgs/lib/python3.12/site-packages/xarm_msgs/srv/_plan_single_straight.py'...
[63.732s] Compiling '/home/anatoly/ros2k_ws/install/xarm_msgs/lib/python3.12/site-packages/xarm_msgs/srv/_robotiq_activate.py'...
[63.732s] Compiling '/home/anatoly/ros2k_ws/install/xarm_msgs/lib/python3.12/site-packages/xarm_msgs/srv/_robotiq_get_status.py'...
[63.732s] Compiling '/home/anatoly/ros2k_ws/install/xarm_msgs/lib/python3.12/site-packages/xarm_msgs/srv/_robotiq_move.py'...
[63.732s] Compiling '/home/anatoly/ros2k_ws/install/xarm_msgs/lib/python3.12/site-packages/xarm_msgs/srv/_robotiq_reset.py'...
[63.732s] Compiling '/home/anatoly/ros2k_ws/install/xarm_msgs/lib/python3.12/site-packages/xarm_msgs/srv/_set_analog_io.py'...
[63.732s] Compiling '/home/anatoly/ros2k_ws/install/xarm_msgs/lib/python3.12/site-packages/xarm_msgs/srv/_set_digital_io.py'...
[63.732s] Compiling '/home/anatoly/ros2k_ws/install/xarm_msgs/lib/python3.12/site-packages/xarm_msgs/srv/_set_float32.py'...
[63.732s] Compiling '/home/anatoly/ros2k_ws/install/xarm_msgs/lib/python3.12/site-packages/xarm_msgs/srv/_set_float32_list.py'...
[63.733s] Compiling '/home/anatoly/ros2k_ws/install/xarm_msgs/lib/python3.12/site-packages/xarm_msgs/srv/_set_int16.py'...
[63.733s] Compiling '/home/anatoly/ros2k_ws/install/xarm_msgs/lib/python3.12/site-packages/xarm_msgs/srv/_set_int16_by_id.py'...
[63.733s] Compiling '/home/anatoly/ros2k_ws/install/xarm_msgs/lib/python3.12/site-packages/xarm_msgs/srv/_set_int16_list.py'...
[63.733s] Compiling '/home/anatoly/ros2k_ws/install/xarm_msgs/lib/python3.12/site-packages/xarm_msgs/srv/_set_int32.py'...
[63.733s] Compiling '/home/anatoly/ros2k_ws/install/xarm_msgs/lib/python3.12/site-packages/xarm_msgs/srv/_set_int32_by_type.py'...
[63.733s] Compiling '/home/anatoly/ros2k_ws/install/xarm_msgs/lib/python3.12/site-packages/xarm_msgs/srv/_set_modbus_timeout.py'...
[63.733s] Compiling '/home/anatoly/ros2k_ws/install/xarm_msgs/lib/python3.12/site-packages/xarm_msgs/srv/_set_tcp_load.py'...
[63.733s] Compiling '/home/anatoly/ros2k_ws/install/xarm_msgs/lib/python3.12/site-packages/xarm_msgs/srv/_traj_ctrl.py'...
[63.733s] Compiling '/home/anatoly/ros2k_ws/install/xarm_msgs/lib/python3.12/site-packages/xarm_msgs/srv/_traj_play.py'...
[63.733s] Compiling '/home/anatoly/ros2k_ws/install/xarm_msgs/lib/python3.12/site-packages/xarm_msgs/srv/_vacuum_gripper_ctrl.py'...
[63.736s] -- Installing: /home/anatoly/ros2k_ws/install/xarm_msgs/lib/libxarm_msgs__rosidl_generator_py.so
[63.737s] -- Set non-toolchain portion of runtime path of "/home/anatoly/ros2k_ws/install/xarm_msgs/lib/libxarm_msgs__rosidl_generator_py.so" to ""
[63.737s] -- Installing: /home/anatoly/ros2k_ws/install/xarm_msgs/share/xarm_msgs/cmake/export_xarm_msgs__rosidl_generator_cExport.cmake
[63.737s] -- Installing: /home/anatoly/ros2k_ws/install/xarm_msgs/share/xarm_msgs/cmake/export_xarm_msgs__rosidl_generator_cExport-release.cmake
[63.737s] -- Installing: /home/anatoly/ros2k_ws/install/xarm_msgs/share/xarm_msgs/cmake/export_xarm_msgs__rosidl_typesupport_fastrtps_cExport.cmake
[63.737s] -- Installing: /home/anatoly/ros2k_ws/install/xarm_msgs/share/xarm_msgs/cmake/export_xarm_msgs__rosidl_typesupport_fastrtps_cExport-release.cmake
[63.737s] -- Installing: /home/anatoly/ros2k_ws/install/xarm_msgs/share/xarm_msgs/cmake/export_xarm_msgs__rosidl_generator_cppExport.cmake
[63.737s] -- Installing: /home/anatoly/ros2k_ws/install/xarm_msgs/share/xarm_msgs/cmake/export_xarm_msgs__rosidl_typesupport_fastrtps_cppExport.cmake
[63.738s] -- Installing: /home/anatoly/ros2k_ws/install/xarm_msgs/share/xarm_msgs/cmake/export_xarm_msgs__rosidl_typesupport_fastrtps_cppExport-release.cmake
[63.738s] -- Installing: /home/anatoly/ros2k_ws/install/xarm_msgs/share/xarm_msgs/cmake/xarm_msgs__rosidl_typesupport_introspection_cExport.cmake
[63.738s] -- Installing: /home/anatoly/ros2k_ws/install/xarm_msgs/share/xarm_msgs/cmake/xarm_msgs__rosidl_typesupport_introspection_cExport-release.cmake
[63.738s] -- Installing: /home/anatoly/ros2k_ws/install/xarm_msgs/share/xarm_msgs/cmake/xarm_msgs__rosidl_typesupport_cExport.cmake
[63.738s] -- Installing: /home/anatoly/ros2k_ws/install/xarm_msgs/share/xarm_msgs/cmake/xarm_msgs__rosidl_typesupport_cExport-release.cmake
[63.738s] -- Installing: /home/anatoly/ros2k_ws/install/xarm_msgs/share/xarm_msgs/cmake/xarm_msgs__rosidl_typesupport_introspection_cppExport.cmake
[63.738s] -- Installing: /home/anatoly/ros2k_ws/install/xarm_msgs/share/xarm_msgs/cmake/xarm_msgs__rosidl_typesupport_introspection_cppExport-release.cmake
[63.739s] -- Installing: /home/anatoly/ros2k_ws/install/xarm_msgs/share/xarm_msgs/cmake/xarm_msgs__rosidl_typesupport_cppExport.cmake
[63.739s] -- Installing: /home/anatoly/ros2k_ws/install/xarm_msgs/share/xarm_msgs/cmake/xarm_msgs__rosidl_typesupport_cppExport-release.cmake
[63.739s] -- Installing: /home/anatoly/ros2k_ws/install/xarm_msgs/share/xarm_msgs/cmake/export_xarm_msgs__rosidl_generator_pyExport.cmake
[63.739s] -- Installing: /home/anatoly/ros2k_ws/install/xarm_msgs/share/xarm_msgs/cmake/export_xarm_msgs__rosidl_generator_pyExport-release.cmake
[63.743s] Invoked command in '/home/anatoly/ros2k_ws/build/xarm_msgs' returned '0': CMAKE_PREFIX_PATH=${CMAKE_PREFIX_PATH}:/opt/ros/kilted DEBUGINFOD_URLS=https://debuginfod.ubuntu.com /usr/bin/cmake --install /home/anatoly/ros2k_ws/build/xarm_msgs
