[0.091s] DEBUG:colcon:Command line arguments: ['/usr/bin/colcon', 'build', '--symlink-install', '--cmake-args', '-DCMAKE_BUILD_TYPE=Release', '--event-handlers', 'console_direct+', '--packages-skip', 'realsense_gazebo_plugin', 'xarm_gazebo', 'd435i_xarm_setup', 'xarm_moveit_config']
[0.091s] DEBUG:colcon:Parsed command line arguments: Namespace(log_base=None, log_level=None, verb_name='build', build_base='build', install_base='install', merge_install=False, symlink_install=True, test_result_base=None, continue_on_error=False, executor='parallel', parallel_workers=12, event_handlers=['console_direct+'], ignore_user_meta=False, metas=['./colcon.meta'], base_paths=['.'], packages_ignore=None, packages_ignore_regex=None, paths=None, packages_up_to=None, packages_up_to_regex=None, packages_above=None, packages_above_and_dependencies=None, packages_above_depth=None, packages_select_by_dep=None, packages_skip_by_dep=None, packages_skip_up_to=None, packages_select_build_failed=False, packages_skip_build_finished=False, packages_select_test_failures=False, packages_skip_test_passed=False, packages_select=None, packages_skip=['realsense_gazebo_plugin', 'xarm_gazebo', 'd435i_xarm_setup', 'xarm_moveit_config'], packages_select_regex=None, packages_skip_regex=None, packages_start=None, packages_end=None, allow_overriding=[], cmake_args=['-DCMAKE_BUILD_TYPE=Release'], cmake_target=None, cmake_target_skip_unavailable=False, cmake_clean_cache=False, cmake_clean_first=False, cmake_force_configure=False, ament_cmake_args=None, catkin_cmake_args=None, catkin_skip_building_tests=False, mixin_files=None, mixin=None, verb_parser=<colcon_mixin.mixin.mixin_argument.MixinArgumentDecorator object at 0x791a4b6a5010>, verb_extension=<colcon_core.verb.build.BuildVerb object at 0x791a4b6a4cb0>, main=<bound method BuildVerb.main of <colcon_core.verb.build.BuildVerb object at 0x791a4b6a4cb0>>, mixin_verb=('build',))
[0.124s] Level 1:colcon.colcon_core.package_discovery:discover_packages(colcon_meta) check parameters
[0.124s] Level 1:colcon.colcon_core.package_discovery:discover_packages(recursive) check parameters
[0.124s] Level 1:colcon.colcon_core.package_discovery:discover_packages(ignore) check parameters
[0.124s] Level 1:colcon.colcon_core.package_discovery:discover_packages(path) check parameters
[0.124s] Level 1:colcon.colcon_core.package_discovery:discover_packages(colcon_meta) discover
[0.124s] Level 1:colcon.colcon_core.package_discovery:discover_packages(recursive) discover
[0.124s] INFO:colcon.colcon_core.package_discovery:Crawling recursively for packages in '/home/anatoly/ros2k_ws'
[0.124s] Level 1:colcon.colcon_core.package_identification:_identify(.) by extensions ['ignore', 'ignore_ament_install']
[0.124s] Level 1:colcon.colcon_core.package_identification:_identify(.) by extension 'ignore'
[0.124s] Level 1:colcon.colcon_core.package_identification:_identify(.) by extension 'ignore_ament_install'
[0.124s] Level 1:colcon.colcon_core.package_identification:_identify(.) by extensions ['colcon_pkg']
[0.124s] Level 1:colcon.colcon_core.package_identification:_identify(.) by extension 'colcon_pkg'
[0.124s] Level 1:colcon.colcon_core.package_identification:_identify(.) by extensions ['colcon_meta']
[0.124s] Level 1:colcon.colcon_core.package_identification:_identify(.) by extension 'colcon_meta'
[0.124s] Level 1:colcon.colcon_core.package_identification:_identify(.) by extensions ['ros']
[0.124s] Level 1:colcon.colcon_core.package_identification:_identify(.) by extension 'ros'
[0.145s] Level 1:colcon.colcon_core.package_identification:_identify(.) by extensions ['cmake', 'python']
[0.145s] Level 1:colcon.colcon_core.package_identification:_identify(.) by extension 'cmake'
[0.145s] Level 1:colcon.colcon_core.package_identification:_identify(.) by extension 'python'
[0.145s] Level 1:colcon.colcon_core.package_identification:_identify(.) by extensions ['python_setup_py']
[0.145s] Level 1:colcon.colcon_core.package_identification:_identify(.) by extension 'python_setup_py'
[0.146s] Level 1:colcon.colcon_core.package_identification:_identify(build) by extensions ['ignore', 'ignore_ament_install']
[0.146s] Level 1:colcon.colcon_core.package_identification:_identify(build) by extension 'ignore'
[0.146s] Level 1:colcon.colcon_core.package_identification:_identify(build) ignored
[0.146s] Level 1:colcon.colcon_core.package_identification:_identify(install) by extensions ['ignore', 'ignore_ament_install']
[0.146s] Level 1:colcon.colcon_core.package_identification:_identify(install) by extension 'ignore'
[0.146s] Level 1:colcon.colcon_core.package_identification:_identify(install) ignored
[0.146s] Level 1:colcon.colcon_core.package_identification:_identify(log) by extensions ['ignore', 'ignore_ament_install']
[0.146s] Level 1:colcon.colcon_core.package_identification:_identify(log) by extension 'ignore'
[0.146s] Level 1:colcon.colcon_core.package_identification:_identify(log) ignored
[0.146s] Level 1:colcon.colcon_core.package_identification:_identify(src) by extensions ['ignore', 'ignore_ament_install']
[0.146s] Level 1:colcon.colcon_core.package_identification:_identify(src) by extension 'ignore'
[0.146s] Level 1:colcon.colcon_core.package_identification:_identify(src) by extension 'ignore_ament_install'
[0.146s] Level 1:colcon.colcon_core.package_identification:_identify(src) by extensions ['colcon_pkg']
[0.146s] Level 1:colcon.colcon_core.package_identification:_identify(src) by extension 'colcon_pkg'
[0.146s] Level 1:colcon.colcon_core.package_identification:_identify(src) by extensions ['colcon_meta']
[0.146s] Level 1:colcon.colcon_core.package_identification:_identify(src) by extension 'colcon_meta'
[0.146s] Level 1:colcon.colcon_core.package_identification:_identify(src) by extensions ['ros']
[0.146s] Level 1:colcon.colcon_core.package_identification:_identify(src) by extension 'ros'
[0.146s] Level 1:colcon.colcon_core.package_identification:_identify(src) by extensions ['cmake', 'python']
[0.146s] Level 1:colcon.colcon_core.package_identification:_identify(src) by extension 'cmake'
[0.146s] Level 1:colcon.colcon_core.package_identification:_identify(src) by extension 'python'
[0.147s] Level 1:colcon.colcon_core.package_identification:_identify(src) by extensions ['python_setup_py']
[0.147s] Level 1:colcon.colcon_core.package_identification:_identify(src) by extension 'python_setup_py'
[0.147s] Level 1:colcon.colcon_core.package_identification:_identify(src/object_recognition_msgs) by extensions ['ignore', 'ignore_ament_install']
[0.147s] Level 1:colcon.colcon_core.package_identification:_identify(src/object_recognition_msgs) by extension 'ignore'
[0.147s] Level 1:colcon.colcon_core.package_identification:_identify(src/object_recognition_msgs) by extension 'ignore_ament_install'
[0.147s] Level 1:colcon.colcon_core.package_identification:_identify(src/object_recognition_msgs) by extensions ['colcon_pkg']
[0.147s] Level 1:colcon.colcon_core.package_identification:_identify(src/object_recognition_msgs) by extension 'colcon_pkg'
[0.147s] Level 1:colcon.colcon_core.package_identification:_identify(src/object_recognition_msgs) by extensions ['colcon_meta']
[0.147s] Level 1:colcon.colcon_core.package_identification:_identify(src/object_recognition_msgs) by extension 'colcon_meta'
[0.147s] Level 1:colcon.colcon_core.package_identification:_identify(src/object_recognition_msgs) by extensions ['ros']
[0.147s] Level 1:colcon.colcon_core.package_identification:_identify(src/object_recognition_msgs) by extension 'ros'
[0.149s] DEBUG:colcon.colcon_core.package_identification:Package 'src/object_recognition_msgs' with type 'ros.ament_cmake' and name 'object_recognition_msgs'
[0.149s] Level 1:colcon.colcon_core.package_identification:_identify(src/xarm_ros2) by extensions ['ignore', 'ignore_ament_install']
[0.149s] Level 1:colcon.colcon_core.package_identification:_identify(src/xarm_ros2) by extension 'ignore'
[0.149s] Level 1:colcon.colcon_core.package_identification:_identify(src/xarm_ros2) by extension 'ignore_ament_install'
[0.149s] Level 1:colcon.colcon_core.package_identification:_identify(src/xarm_ros2) by extensions ['colcon_pkg']
[0.149s] Level 1:colcon.colcon_core.package_identification:_identify(src/xarm_ros2) by extension 'colcon_pkg'
[0.149s] Level 1:colcon.colcon_core.package_identification:_identify(src/xarm_ros2) by extensions ['colcon_meta']
[0.149s] Level 1:colcon.colcon_core.package_identification:_identify(src/xarm_ros2) by extension 'colcon_meta'
[0.149s] Level 1:colcon.colcon_core.package_identification:_identify(src/xarm_ros2) by extensions ['ros']
[0.149s] Level 1:colcon.colcon_core.package_identification:_identify(src/xarm_ros2) by extension 'ros'
[0.149s] Level 1:colcon.colcon_core.package_identification:_identify(src/xarm_ros2) by extensions ['cmake', 'python']
[0.149s] Level 1:colcon.colcon_core.package_identification:_identify(src/xarm_ros2) by extension 'cmake'
[0.149s] Level 1:colcon.colcon_core.package_identification:_identify(src/xarm_ros2) by extension 'python'
[0.149s] Level 1:colcon.colcon_core.package_identification:_identify(src/xarm_ros2) by extensions ['python_setup_py']
[0.149s] Level 1:colcon.colcon_core.package_identification:_identify(src/xarm_ros2) by extension 'python_setup_py'
[0.149s] Level 1:colcon.colcon_core.package_identification:_identify(src/xarm_ros2/demo) by extensions ['ignore', 'ignore_ament_install']
[0.149s] Level 1:colcon.colcon_core.package_identification:_identify(src/xarm_ros2/demo) by extension 'ignore'
[0.149s] Level 1:colcon.colcon_core.package_identification:_identify(src/xarm_ros2/demo) by extension 'ignore_ament_install'
[0.150s] Level 1:colcon.colcon_core.package_identification:_identify(src/xarm_ros2/demo) by extensions ['colcon_pkg']
[0.150s] Level 1:colcon.colcon_core.package_identification:_identify(src/xarm_ros2/demo) by extension 'colcon_pkg'
[0.150s] Level 1:colcon.colcon_core.package_identification:_identify(src/xarm_ros2/demo) by extensions ['colcon_meta']
[0.150s] Level 1:colcon.colcon_core.package_identification:_identify(src/xarm_ros2/demo) by extension 'colcon_meta'
[0.150s] Level 1:colcon.colcon_core.package_identification:_identify(src/xarm_ros2/demo) by extensions ['ros']
[0.150s] Level 1:colcon.colcon_core.package_identification:_identify(src/xarm_ros2/demo) by extension 'ros'
[0.150s] Level 1:colcon.colcon_core.package_identification:_identify(src/xarm_ros2/demo) by extensions ['cmake', 'python']
[0.150s] Level 1:colcon.colcon_core.package_identification:_identify(src/xarm_ros2/demo) by extension 'cmake'
[0.150s] Level 1:colcon.colcon_core.package_identification:_identify(src/xarm_ros2/demo) by extension 'python'
[0.150s] Level 1:colcon.colcon_core.package_identification:_identify(src/xarm_ros2/demo) by extensions ['python_setup_py']
[0.150s] Level 1:colcon.colcon_core.package_identification:_identify(src/xarm_ros2/demo) by extension 'python_setup_py'
[0.150s] Level 1:colcon.colcon_core.package_identification:_identify(src/xarm_ros2/demo/mbot_demo) by extensions ['ignore', 'ignore_ament_install']
[0.150s] Level 1:colcon.colcon_core.package_identification:_identify(src/xarm_ros2/demo/mbot_demo) by extension 'ignore'
[0.150s] Level 1:colcon.colcon_core.package_identification:_identify(src/xarm_ros2/demo/mbot_demo) by extension 'ignore_ament_install'
[0.150s] Level 1:colcon.colcon_core.package_identification:_identify(src/xarm_ros2/demo/mbot_demo) by extensions ['colcon_pkg']
[0.150s] Level 1:colcon.colcon_core.package_identification:_identify(src/xarm_ros2/demo/mbot_demo) by extension 'colcon_pkg'
[0.150s] Level 1:colcon.colcon_core.package_identification:_identify(src/xarm_ros2/demo/mbot_demo) by extensions ['colcon_meta']
[0.150s] Level 1:colcon.colcon_core.package_identification:_identify(src/xarm_ros2/demo/mbot_demo) by extension 'colcon_meta'
[0.150s] Level 1:colcon.colcon_core.package_identification:_identify(src/xarm_ros2/demo/mbot_demo) by extensions ['ros']
[0.150s] Level 1:colcon.colcon_core.package_identification:_identify(src/xarm_ros2/demo/mbot_demo) by extension 'ros'
[0.151s] DEBUG:colcon.colcon_core.package_identification:Package 'src/xarm_ros2/demo/mbot_demo' with type 'ros.ament_cmake' and name 'mbot_demo'
[0.151s] Level 1:colcon.colcon_core.package_identification:_identify(src/xarm_ros2/thirdparty) by extensions ['ignore', 'ignore_ament_install']
[0.151s] Level 1:colcon.colcon_core.package_identification:_identify(src/xarm_ros2/thirdparty) by extension 'ignore'
[0.151s] Level 1:colcon.colcon_core.package_identification:_identify(src/xarm_ros2/thirdparty) by extension 'ignore_ament_install'
[0.151s] Level 1:colcon.colcon_core.package_identification:_identify(src/xarm_ros2/thirdparty) by extensions ['colcon_pkg']
[0.151s] Level 1:colcon.colcon_core.package_identification:_identify(src/xarm_ros2/thirdparty) by extension 'colcon_pkg'
[0.151s] Level 1:colcon.colcon_core.package_identification:_identify(src/xarm_ros2/thirdparty) by extensions ['colcon_meta']
[0.151s] Level 1:colcon.colcon_core.package_identification:_identify(src/xarm_ros2/thirdparty) by extension 'colcon_meta'
[0.151s] Level 1:colcon.colcon_core.package_identification:_identify(src/xarm_ros2/thirdparty) by extensions ['ros']
[0.151s] Level 1:colcon.colcon_core.package_identification:_identify(src/xarm_ros2/thirdparty) by extension 'ros'
[0.151s] Level 1:colcon.colcon_core.package_identification:_identify(src/xarm_ros2/thirdparty) by extensions ['cmake', 'python']
[0.151s] Level 1:colcon.colcon_core.package_identification:_identify(src/xarm_ros2/thirdparty) by extension 'cmake'
[0.151s] Level 1:colcon.colcon_core.package_identification:_identify(src/xarm_ros2/thirdparty) by extension 'python'
[0.151s] Level 1:colcon.colcon_core.package_identification:_identify(src/xarm_ros2/thirdparty) by extensions ['python_setup_py']
[0.151s] Level 1:colcon.colcon_core.package_identification:_identify(src/xarm_ros2/thirdparty) by extension 'python_setup_py'
[0.151s] Level 1:colcon.colcon_core.package_identification:_identify(src/xarm_ros2/thirdparty/realsense_gazebo_plugin) by extensions ['ignore', 'ignore_ament_install']
[0.151s] Level 1:colcon.colcon_core.package_identification:_identify(src/xarm_ros2/thirdparty/realsense_gazebo_plugin) by extension 'ignore'
[0.151s] Level 1:colcon.colcon_core.package_identification:_identify(src/xarm_ros2/thirdparty/realsense_gazebo_plugin) by extension 'ignore_ament_install'
[0.151s] Level 1:colcon.colcon_core.package_identification:_identify(src/xarm_ros2/thirdparty/realsense_gazebo_plugin) by extensions ['colcon_pkg']
[0.151s] Level 1:colcon.colcon_core.package_identification:_identify(src/xarm_ros2/thirdparty/realsense_gazebo_plugin) by extension 'colcon_pkg'
[0.151s] Level 1:colcon.colcon_core.package_identification:_identify(src/xarm_ros2/thirdparty/realsense_gazebo_plugin) by extensions ['colcon_meta']
[0.151s] Level 1:colcon.colcon_core.package_identification:_identify(src/xarm_ros2/thirdparty/realsense_gazebo_plugin) by extension 'colcon_meta'
[0.151s] Level 1:colcon.colcon_core.package_identification:_identify(src/xarm_ros2/thirdparty/realsense_gazebo_plugin) by extensions ['ros']
[0.151s] Level 1:colcon.colcon_core.package_identification:_identify(src/xarm_ros2/thirdparty/realsense_gazebo_plugin) by extension 'ros'
[0.152s] DEBUG:colcon.colcon_core.package_identification:Package 'src/xarm_ros2/thirdparty/realsense_gazebo_plugin' with type 'ros.ament_cmake' and name 'realsense_gazebo_plugin'
[0.152s] Level 1:colcon.colcon_core.package_identification:_identify(src/xarm_ros2/uf_ros_lib) by extensions ['ignore', 'ignore_ament_install']
[0.152s] Level 1:colcon.colcon_core.package_identification:_identify(src/xarm_ros2/uf_ros_lib) by extension 'ignore'
[0.152s] Level 1:colcon.colcon_core.package_identification:_identify(src/xarm_ros2/uf_ros_lib) by extension 'ignore_ament_install'
[0.152s] Level 1:colcon.colcon_core.package_identification:_identify(src/xarm_ros2/uf_ros_lib) by extensions ['colcon_pkg']
[0.152s] Level 1:colcon.colcon_core.package_identification:_identify(src/xarm_ros2/uf_ros_lib) by extension 'colcon_pkg'
[0.152s] Level 1:colcon.colcon_core.package_identification:_identify(src/xarm_ros2/uf_ros_lib) by extensions ['colcon_meta']
[0.152s] Level 1:colcon.colcon_core.package_identification:_identify(src/xarm_ros2/uf_ros_lib) by extension 'colcon_meta'
[0.153s] Level 1:colcon.colcon_core.package_identification:_identify(src/xarm_ros2/uf_ros_lib) by extensions ['ros']
[0.153s] Level 1:colcon.colcon_core.package_identification:_identify(src/xarm_ros2/uf_ros_lib) by extension 'ros'
[0.153s] DEBUG:colcon.colcon_core.package_identification:Package 'src/xarm_ros2/uf_ros_lib' with type 'ros.ament_python' and name 'uf_ros_lib'
[0.153s] Level 1:colcon.colcon_core.package_identification:_identify(src/xarm_ros2/xarm_api) by extensions ['ignore', 'ignore_ament_install']
[0.153s] Level 1:colcon.colcon_core.package_identification:_identify(src/xarm_ros2/xarm_api) by extension 'ignore'
[0.153s] Level 1:colcon.colcon_core.package_identification:_identify(src/xarm_ros2/xarm_api) by extension 'ignore_ament_install'
[0.153s] Level 1:colcon.colcon_core.package_identification:_identify(src/xarm_ros2/xarm_api) by extensions ['colcon_pkg']
[0.153s] Level 1:colcon.colcon_core.package_identification:_identify(src/xarm_ros2/xarm_api) by extension 'colcon_pkg'
[0.153s] Level 1:colcon.colcon_core.package_identification:_identify(src/xarm_ros2/xarm_api) by extensions ['colcon_meta']
[0.153s] Level 1:colcon.colcon_core.package_identification:_identify(src/xarm_ros2/xarm_api) by extension 'colcon_meta'
[0.153s] Level 1:colcon.colcon_core.package_identification:_identify(src/xarm_ros2/xarm_api) by extensions ['ros']
[0.153s] Level 1:colcon.colcon_core.package_identification:_identify(src/xarm_ros2/xarm_api) by extension 'ros'
[0.154s] DEBUG:colcon.colcon_core.package_identification:Package 'src/xarm_ros2/xarm_api' with type 'ros.ament_cmake' and name 'xarm_api'
[0.154s] Level 1:colcon.colcon_core.package_identification:_identify(src/xarm_ros2/xarm_controller) by extensions ['ignore', 'ignore_ament_install']
[0.154s] Level 1:colcon.colcon_core.package_identification:_identify(src/xarm_ros2/xarm_controller) by extension 'ignore'
[0.154s] Level 1:colcon.colcon_core.package_identification:_identify(src/xarm_ros2/xarm_controller) by extension 'ignore_ament_install'
[0.154s] Level 1:colcon.colcon_core.package_identification:_identify(src/xarm_ros2/xarm_controller) by extensions ['colcon_pkg']
[0.154s] Level 1:colcon.colcon_core.package_identification:_identify(src/xarm_ros2/xarm_controller) by extension 'colcon_pkg'
[0.154s] Level 1:colcon.colcon_core.package_identification:_identify(src/xarm_ros2/xarm_controller) by extensions ['colcon_meta']
[0.154s] Level 1:colcon.colcon_core.package_identification:_identify(src/xarm_ros2/xarm_controller) by extension 'colcon_meta'
[0.154s] Level 1:colcon.colcon_core.package_identification:_identify(src/xarm_ros2/xarm_controller) by extensions ['ros']
[0.154s] Level 1:colcon.colcon_core.package_identification:_identify(src/xarm_ros2/xarm_controller) by extension 'ros'
[0.155s] DEBUG:colcon.colcon_core.package_identification:Package 'src/xarm_ros2/xarm_controller' with type 'ros.ament_cmake' and name 'xarm_controller'
[0.155s] Level 1:colcon.colcon_core.package_identification:_identify(src/xarm_ros2/xarm_description) by extensions ['ignore', 'ignore_ament_install']
[0.155s] Level 1:colcon.colcon_core.package_identification:_identify(src/xarm_ros2/xarm_description) by extension 'ignore'
[0.155s] Level 1:colcon.colcon_core.package_identification:_identify(src/xarm_ros2/xarm_description) by extension 'ignore_ament_install'
[0.156s] Level 1:colcon.colcon_core.package_identification:_identify(src/xarm_ros2/xarm_description) by extensions ['colcon_pkg']
[0.156s] Level 1:colcon.colcon_core.package_identification:_identify(src/xarm_ros2/xarm_description) by extension 'colcon_pkg'
[0.156s] Level 1:colcon.colcon_core.package_identification:_identify(src/xarm_ros2/xarm_description) by extensions ['colcon_meta']
[0.156s] Level 1:colcon.colcon_core.package_identification:_identify(src/xarm_ros2/xarm_description) by extension 'colcon_meta'
[0.156s] Level 1:colcon.colcon_core.package_identification:_identify(src/xarm_ros2/xarm_description) by extensions ['ros']
[0.156s] Level 1:colcon.colcon_core.package_identification:_identify(src/xarm_ros2/xarm_description) by extension 'ros'
[0.156s] DEBUG:colcon.colcon_core.package_identification:Package 'src/xarm_ros2/xarm_description' with type 'ros.ament_cmake' and name 'xarm_description'
[0.156s] Level 1:colcon.colcon_core.package_identification:_identify(src/xarm_ros2/xarm_gazebo) by extensions ['ignore', 'ignore_ament_install']
[0.156s] Level 1:colcon.colcon_core.package_identification:_identify(src/xarm_ros2/xarm_gazebo) by extension 'ignore'
[0.156s] Level 1:colcon.colcon_core.package_identification:_identify(src/xarm_ros2/xarm_gazebo) by extension 'ignore_ament_install'
[0.156s] Level 1:colcon.colcon_core.package_identification:_identify(src/xarm_ros2/xarm_gazebo) by extensions ['colcon_pkg']
[0.156s] Level 1:colcon.colcon_core.package_identification:_identify(src/xarm_ros2/xarm_gazebo) by extension 'colcon_pkg'
[0.156s] Level 1:colcon.colcon_core.package_identification:_identify(src/xarm_ros2/xarm_gazebo) by extensions ['colcon_meta']
[0.156s] Level 1:colcon.colcon_core.package_identification:_identify(src/xarm_ros2/xarm_gazebo) by extension 'colcon_meta'
[0.156s] Level 1:colcon.colcon_core.package_identification:_identify(src/xarm_ros2/xarm_gazebo) by extensions ['ros']
[0.156s] Level 1:colcon.colcon_core.package_identification:_identify(src/xarm_ros2/xarm_gazebo) by extension 'ros'
[0.157s] DEBUG:colcon.colcon_core.package_identification:Package 'src/xarm_ros2/xarm_gazebo' with type 'ros.ament_cmake' and name 'xarm_gazebo'
[0.157s] Level 1:colcon.colcon_core.package_identification:_identify(src/xarm_ros2/xarm_moveit_config) by extensions ['ignore', 'ignore_ament_install']
[0.157s] Level 1:colcon.colcon_core.package_identification:_identify(src/xarm_ros2/xarm_moveit_config) by extension 'ignore'
[0.157s] Level 1:colcon.colcon_core.package_identification:_identify(src/xarm_ros2/xarm_moveit_config) by extension 'ignore_ament_install'
[0.157s] Level 1:colcon.colcon_core.package_identification:_identify(src/xarm_ros2/xarm_moveit_config) by extensions ['colcon_pkg']
[0.157s] Level 1:colcon.colcon_core.package_identification:_identify(src/xarm_ros2/xarm_moveit_config) by extension 'colcon_pkg'
[0.157s] Level 1:colcon.colcon_core.package_identification:_identify(src/xarm_ros2/xarm_moveit_config) by extensions ['colcon_meta']
[0.157s] Level 1:colcon.colcon_core.package_identification:_identify(src/xarm_ros2/xarm_moveit_config) by extension 'colcon_meta'
[0.157s] Level 1:colcon.colcon_core.package_identification:_identify(src/xarm_ros2/xarm_moveit_config) by extensions ['ros']
[0.157s] Level 1:colcon.colcon_core.package_identification:_identify(src/xarm_ros2/xarm_moveit_config) by extension 'ros'
[0.158s] DEBUG:colcon.colcon_core.package_identification:Package 'src/xarm_ros2/xarm_moveit_config' with type 'ros.ament_cmake' and name 'xarm_moveit_config'
[0.158s] Level 1:colcon.colcon_core.package_identification:_identify(src/xarm_ros2/xarm_moveit_servo) by extensions ['ignore', 'ignore_ament_install']
[0.158s] Level 1:colcon.colcon_core.package_identification:_identify(src/xarm_ros2/xarm_moveit_servo) by extension 'ignore'
[0.158s] Level 1:colcon.colcon_core.package_identification:_identify(src/xarm_ros2/xarm_moveit_servo) by extension 'ignore_ament_install'
[0.158s] Level 1:colcon.colcon_core.package_identification:_identify(src/xarm_ros2/xarm_moveit_servo) by extensions ['colcon_pkg']
[0.158s] Level 1:colcon.colcon_core.package_identification:_identify(src/xarm_ros2/xarm_moveit_servo) by extension 'colcon_pkg'
[0.158s] Level 1:colcon.colcon_core.package_identification:_identify(src/xarm_ros2/xarm_moveit_servo) by extensions ['colcon_meta']
[0.158s] Level 1:colcon.colcon_core.package_identification:_identify(src/xarm_ros2/xarm_moveit_servo) by extension 'colcon_meta'
[0.158s] Level 1:colcon.colcon_core.package_identification:_identify(src/xarm_ros2/xarm_moveit_servo) by extensions ['ros']
[0.158s] Level 1:colcon.colcon_core.package_identification:_identify(src/xarm_ros2/xarm_moveit_servo) by extension 'ros'
[0.159s] DEBUG:colcon.colcon_core.package_identification:Package 'src/xarm_ros2/xarm_moveit_servo' with type 'ros.ament_cmake' and name 'xarm_moveit_servo'
[0.159s] Level 1:colcon.colcon_core.package_identification:_identify(src/xarm_ros2/xarm_msgs) by extensions ['ignore', 'ignore_ament_install']
[0.159s] Level 1:colcon.colcon_core.package_identification:_identify(src/xarm_ros2/xarm_msgs) by extension 'ignore'
[0.160s] Level 1:colcon.colcon_core.package_identification:_identify(src/xarm_ros2/xarm_msgs) by extension 'ignore_ament_install'
[0.160s] Level 1:colcon.colcon_core.package_identification:_identify(src/xarm_ros2/xarm_msgs) by extensions ['colcon_pkg']
[0.160s] Level 1:colcon.colcon_core.package_identification:_identify(src/xarm_ros2/xarm_msgs) by extension 'colcon_pkg'
[0.160s] Level 1:colcon.colcon_core.package_identification:_identify(src/xarm_ros2/xarm_msgs) by extensions ['colcon_meta']
[0.160s] Level 1:colcon.colcon_core.package_identification:_identify(src/xarm_ros2/xarm_msgs) by extension 'colcon_meta'
[0.160s] Level 1:colcon.colcon_core.package_identification:_identify(src/xarm_ros2/xarm_msgs) by extensions ['ros']
[0.160s] Level 1:colcon.colcon_core.package_identification:_identify(src/xarm_ros2/xarm_msgs) by extension 'ros'
[0.160s] DEBUG:colcon.colcon_core.package_identification:Package 'src/xarm_ros2/xarm_msgs' with type 'ros.ament_cmake' and name 'xarm_msgs'
[0.160s] Level 1:colcon.colcon_core.package_identification:_identify(src/xarm_ros2/xarm_planner) by extensions ['ignore', 'ignore_ament_install']
[0.160s] Level 1:colcon.colcon_core.package_identification:_identify(src/xarm_ros2/xarm_planner) by extension 'ignore'
[0.160s] Level 1:colcon.colcon_core.package_identification:_identify(src/xarm_ros2/xarm_planner) by extension 'ignore_ament_install'
[0.160s] Level 1:colcon.colcon_core.package_identification:_identify(src/xarm_ros2/xarm_planner) by extensions ['colcon_pkg']
[0.160s] Level 1:colcon.colcon_core.package_identification:_identify(src/xarm_ros2/xarm_planner) by extension 'colcon_pkg'
[0.160s] Level 1:colcon.colcon_core.package_identification:_identify(src/xarm_ros2/xarm_planner) by extensions ['colcon_meta']
[0.160s] Level 1:colcon.colcon_core.package_identification:_identify(src/xarm_ros2/xarm_planner) by extension 'colcon_meta'
[0.161s] Level 1:colcon.colcon_core.package_identification:_identify(src/xarm_ros2/xarm_planner) by extensions ['ros']
[0.161s] Level 1:colcon.colcon_core.package_identification:_identify(src/xarm_ros2/xarm_planner) by extension 'ros'
[0.161s] DEBUG:colcon.colcon_core.package_identification:Package 'src/xarm_ros2/xarm_planner' with type 'ros.ament_cmake' and name 'xarm_planner'
[0.161s] Level 1:colcon.colcon_core.package_identification:_identify(src/xarm_ros2/xarm_sdk) by extensions ['ignore', 'ignore_ament_install']
[0.161s] Level 1:colcon.colcon_core.package_identification:_identify(src/xarm_ros2/xarm_sdk) by extension 'ignore'
[0.161s] Level 1:colcon.colcon_core.package_identification:_identify(src/xarm_ros2/xarm_sdk) by extension 'ignore_ament_install'
[0.161s] Level 1:colcon.colcon_core.package_identification:_identify(src/xarm_ros2/xarm_sdk) by extensions ['colcon_pkg']
[0.161s] Level 1:colcon.colcon_core.package_identification:_identify(src/xarm_ros2/xarm_sdk) by extension 'colcon_pkg'
[0.162s] Level 1:colcon.colcon_core.package_identification:_identify(src/xarm_ros2/xarm_sdk) by extensions ['colcon_meta']
[0.162s] Level 1:colcon.colcon_core.package_identification:_identify(src/xarm_ros2/xarm_sdk) by extension 'colcon_meta'
[0.162s] Level 1:colcon.colcon_core.package_identification:_identify(src/xarm_ros2/xarm_sdk) by extensions ['ros']
[0.162s] Level 1:colcon.colcon_core.package_identification:_identify(src/xarm_ros2/xarm_sdk) by extension 'ros'
[0.162s] DEBUG:colcon.colcon_core.package_identification:Package 'src/xarm_ros2/xarm_sdk' with type 'ros.ament_cmake' and name 'xarm_sdk'
[0.162s] Level 1:colcon.colcon_core.package_identification:_identify(src/xarm_ros2/xarm_vision) by extensions ['ignore', 'ignore_ament_install']
[0.162s] Level 1:colcon.colcon_core.package_identification:_identify(src/xarm_ros2/xarm_vision) by extension 'ignore'
[0.162s] Level 1:colcon.colcon_core.package_identification:_identify(src/xarm_ros2/xarm_vision) by extension 'ignore_ament_install'
[0.162s] Level 1:colcon.colcon_core.package_identification:_identify(src/xarm_ros2/xarm_vision) by extensions ['colcon_pkg']
[0.162s] Level 1:colcon.colcon_core.package_identification:_identify(src/xarm_ros2/xarm_vision) by extension 'colcon_pkg'
[0.162s] Level 1:colcon.colcon_core.package_identification:_identify(src/xarm_ros2/xarm_vision) by extensions ['colcon_meta']
[0.162s] Level 1:colcon.colcon_core.package_identification:_identify(src/xarm_ros2/xarm_vision) by extension 'colcon_meta'
[0.162s] Level 1:colcon.colcon_core.package_identification:_identify(src/xarm_ros2/xarm_vision) by extensions ['ros']
[0.162s] Level 1:colcon.colcon_core.package_identification:_identify(src/xarm_ros2/xarm_vision) by extension 'ros'
[0.162s] Level 1:colcon.colcon_core.package_identification:_identify(src/xarm_ros2/xarm_vision) by extensions ['cmake', 'python']
[0.162s] Level 1:colcon.colcon_core.package_identification:_identify(src/xarm_ros2/xarm_vision) by extension 'cmake'
[0.162s] Level 1:colcon.colcon_core.package_identification:_identify(src/xarm_ros2/xarm_vision) by extension 'python'
[0.162s] Level 1:colcon.colcon_core.package_identification:_identify(src/xarm_ros2/xarm_vision) by extensions ['python_setup_py']
[0.162s] Level 1:colcon.colcon_core.package_identification:_identify(src/xarm_ros2/xarm_vision) by extension 'python_setup_py'
[0.162s] Level 1:colcon.colcon_core.package_identification:_identify(src/xarm_ros2/xarm_vision/d435i_xarm_setup) by extensions ['ignore', 'ignore_ament_install']
[0.163s] Level 1:colcon.colcon_core.package_identification:_identify(src/xarm_ros2/xarm_vision/d435i_xarm_setup) by extension 'ignore'
[0.163s] Level 1:colcon.colcon_core.package_identification:_identify(src/xarm_ros2/xarm_vision/d435i_xarm_setup) by extension 'ignore_ament_install'
[0.163s] Level 1:colcon.colcon_core.package_identification:_identify(src/xarm_ros2/xarm_vision/d435i_xarm_setup) by extensions ['colcon_pkg']
[0.163s] Level 1:colcon.colcon_core.package_identification:_identify(src/xarm_ros2/xarm_vision/d435i_xarm_setup) by extension 'colcon_pkg'
[0.163s] Level 1:colcon.colcon_core.package_identification:_identify(src/xarm_ros2/xarm_vision/d435i_xarm_setup) by extensions ['colcon_meta']
[0.163s] Level 1:colcon.colcon_core.package_identification:_identify(src/xarm_ros2/xarm_vision/d435i_xarm_setup) by extension 'colcon_meta'
[0.163s] Level 1:colcon.colcon_core.package_identification:_identify(src/xarm_ros2/xarm_vision/d435i_xarm_setup) by extensions ['ros']
[0.163s] Level 1:colcon.colcon_core.package_identification:_identify(src/xarm_ros2/xarm_vision/d435i_xarm_setup) by extension 'ros'
[0.164s] DEBUG:colcon.colcon_core.package_identification:Package 'src/xarm_ros2/xarm_vision/d435i_xarm_setup' with type 'ros.ament_cmake' and name 'd435i_xarm_setup'
[0.164s] Level 1:colcon.colcon_core.package_discovery:discover_packages(recursive) using defaults
[0.164s] Level 1:colcon.colcon_core.package_discovery:discover_packages(ignore) discover
[0.164s] Level 1:colcon.colcon_core.package_discovery:discover_packages(ignore) using defaults
[0.164s] Level 1:colcon.colcon_core.package_discovery:discover_packages(path) discover
[0.164s] Level 1:colcon.colcon_core.package_discovery:discover_packages(path) using defaults
[0.183s] INFO:colcon.colcon_core.package_selection:Skipping package 'realsense_gazebo_plugin' in 'src/xarm_ros2/thirdparty/realsense_gazebo_plugin'
[0.184s] INFO:colcon.colcon_core.package_selection:Skipping package 'd435i_xarm_setup' in 'src/xarm_ros2/xarm_vision/d435i_xarm_setup'
[0.184s] INFO:colcon.colcon_core.package_selection:Skipping package 'xarm_gazebo' in 'src/xarm_ros2/xarm_gazebo'
[0.184s] INFO:colcon.colcon_core.package_selection:Skipping package 'xarm_moveit_config' in 'src/xarm_ros2/xarm_moveit_config'
[0.184s] Level 1:colcon.colcon_core.package_discovery:discover_packages(prefix_path) check parameters
[0.184s] Level 1:colcon.colcon_core.package_discovery:discover_packages(prefix_path) discover
[0.186s] DEBUG:colcon.colcon_installed_package_information.package_discovery:Found 340 installed packages in /opt/ros/kilted
[0.187s] Level 1:colcon.colcon_core.package_discovery:discover_packages(prefix_path) using defaults
[0.229s] Level 5:colcon.colcon_core.verb:set package 'mbot_demo' build argument 'cmake_args' from command line to '['-DCMAKE_BUILD_TYPE=Release']'
[0.229s] Level 5:colcon.colcon_core.verb:set package 'mbot_demo' build argument 'cmake_target' from command line to 'None'
[0.229s] Level 5:colcon.colcon_core.verb:set package 'mbot_demo' build argument 'cmake_target_skip_unavailable' from command line to 'False'
[0.229s] Level 5:colcon.colcon_core.verb:set package 'mbot_demo' build argument 'cmake_clean_cache' from command line to 'False'
[0.229s] Level 5:colcon.colcon_core.verb:set package 'mbot_demo' build argument 'cmake_clean_first' from command line to 'False'
[0.229s] Level 5:colcon.colcon_core.verb:set package 'mbot_demo' build argument 'cmake_force_configure' from command line to 'False'
[0.229s] Level 5:colcon.colcon_core.verb:set package 'mbot_demo' build argument 'ament_cmake_args' from command line to 'None'
[0.229s] Level 5:colcon.colcon_core.verb:set package 'mbot_demo' build argument 'catkin_cmake_args' from command line to 'None'
[0.229s] Level 5:colcon.colcon_core.verb:set package 'mbot_demo' build argument 'catkin_skip_building_tests' from command line to 'False'
[0.229s] DEBUG:colcon.colcon_core.verb:Building package 'mbot_demo' with the following arguments: {'ament_cmake_args': None, 'build_base': '/home/anatoly/ros2k_ws/build/mbot_demo', 'catkin_cmake_args': None, 'catkin_skip_building_tests': False, 'cmake_args': ['-DCMAKE_BUILD_TYPE=Release'], 'cmake_clean_cache': False, 'cmake_clean_first': False, 'cmake_force_configure': False, 'cmake_target': None, 'cmake_target_skip_unavailable': False, 'install_base': '/home/anatoly/ros2k_ws/install/mbot_demo', 'merge_install': False, 'path': '/home/anatoly/ros2k_ws/src/xarm_ros2/demo/mbot_demo', 'symlink_install': True, 'test_result_base': None}
[0.229s] Level 5:colcon.colcon_core.verb:set package 'object_recognition_msgs' build argument 'cmake_args' from command line to '['-DCMAKE_BUILD_TYPE=Release']'
[0.229s] Level 5:colcon.colcon_core.verb:set package 'object_recognition_msgs' build argument 'cmake_target' from command line to 'None'
[0.229s] Level 5:colcon.colcon_core.verb:set package 'object_recognition_msgs' build argument 'cmake_target_skip_unavailable' from command line to 'False'
[0.229s] Level 5:colcon.colcon_core.verb:set package 'object_recognition_msgs' build argument 'cmake_clean_cache' from command line to 'False'
[0.229s] Level 5:colcon.colcon_core.verb:set package 'object_recognition_msgs' build argument 'cmake_clean_first' from command line to 'False'
[0.229s] Level 5:colcon.colcon_core.verb:set package 'object_recognition_msgs' build argument 'cmake_force_configure' from command line to 'False'
[0.229s] Level 5:colcon.colcon_core.verb:set package 'object_recognition_msgs' build argument 'ament_cmake_args' from command line to 'None'
[0.229s] Level 5:colcon.colcon_core.verb:set package 'object_recognition_msgs' build argument 'catkin_cmake_args' from command line to 'None'
[0.229s] Level 5:colcon.colcon_core.verb:set package 'object_recognition_msgs' build argument 'catkin_skip_building_tests' from command line to 'False'
[0.229s] DEBUG:colcon.colcon_core.verb:Building package 'object_recognition_msgs' with the following arguments: {'ament_cmake_args': None, 'build_base': '/home/anatoly/ros2k_ws/build/object_recognition_msgs', 'catkin_cmake_args': None, 'catkin_skip_building_tests': False, 'cmake_args': ['-DCMAKE_BUILD_TYPE=Release'], 'cmake_clean_cache': False, 'cmake_clean_first': False, 'cmake_force_configure': False, 'cmake_target': None, 'cmake_target_skip_unavailable': False, 'install_base': '/home/anatoly/ros2k_ws/install/object_recognition_msgs', 'merge_install': False, 'path': '/home/anatoly/ros2k_ws/src/object_recognition_msgs', 'symlink_install': True, 'test_result_base': None}
[0.230s] Level 5:colcon.colcon_core.verb:set package 'uf_ros_lib' build argument 'cmake_args' from command line to '['-DCMAKE_BUILD_TYPE=Release']'
[0.230s] Level 5:colcon.colcon_core.verb:set package 'uf_ros_lib' build argument 'cmake_target' from command line to 'None'
[0.230s] Level 5:colcon.colcon_core.verb:set package 'uf_ros_lib' build argument 'cmake_target_skip_unavailable' from command line to 'False'
[0.230s] Level 5:colcon.colcon_core.verb:set package 'uf_ros_lib' build argument 'cmake_clean_cache' from command line to 'False'
[0.230s] Level 5:colcon.colcon_core.verb:set package 'uf_ros_lib' build argument 'cmake_clean_first' from command line to 'False'
[0.230s] Level 5:colcon.colcon_core.verb:set package 'uf_ros_lib' build argument 'cmake_force_configure' from command line to 'False'
[0.230s] Level 5:colcon.colcon_core.verb:set package 'uf_ros_lib' build argument 'ament_cmake_args' from command line to 'None'
[0.230s] Level 5:colcon.colcon_core.verb:set package 'uf_ros_lib' build argument 'catkin_cmake_args' from command line to 'None'
[0.230s] Level 5:colcon.colcon_core.verb:set package 'uf_ros_lib' build argument 'catkin_skip_building_tests' from command line to 'False'
[0.230s] DEBUG:colcon.colcon_core.verb:Building package 'uf_ros_lib' with the following arguments: {'ament_cmake_args': None, 'build_base': '/home/anatoly/ros2k_ws/build/uf_ros_lib', 'catkin_cmake_args': None, 'catkin_skip_building_tests': False, 'cmake_args': ['-DCMAKE_BUILD_TYPE=Release'], 'cmake_clean_cache': False, 'cmake_clean_first': False, 'cmake_force_configure': False, 'cmake_target': None, 'cmake_target_skip_unavailable': False, 'install_base': '/home/anatoly/ros2k_ws/install/uf_ros_lib', 'merge_install': False, 'path': '/home/anatoly/ros2k_ws/src/xarm_ros2/uf_ros_lib', 'symlink_install': True, 'test_result_base': None}
[0.230s] Level 5:colcon.colcon_core.verb:set package 'xarm_description' build argument 'cmake_args' from command line to '['-DCMAKE_BUILD_TYPE=Release']'
[0.230s] Level 5:colcon.colcon_core.verb:set package 'xarm_description' build argument 'cmake_target' from command line to 'None'
[0.230s] Level 5:colcon.colcon_core.verb:set package 'xarm_description' build argument 'cmake_target_skip_unavailable' from command line to 'False'
[0.230s] Level 5:colcon.colcon_core.verb:set package 'xarm_description' build argument 'cmake_clean_cache' from command line to 'False'
[0.230s] Level 5:colcon.colcon_core.verb:set package 'xarm_description' build argument 'cmake_clean_first' from command line to 'False'
[0.230s] Level 5:colcon.colcon_core.verb:set package 'xarm_description' build argument 'cmake_force_configure' from command line to 'False'
[0.230s] Level 5:colcon.colcon_core.verb:set package 'xarm_description' build argument 'ament_cmake_args' from command line to 'None'
[0.230s] Level 5:colcon.colcon_core.verb:set package 'xarm_description' build argument 'catkin_cmake_args' from command line to 'None'
[0.230s] Level 5:colcon.colcon_core.verb:set package 'xarm_description' build argument 'catkin_skip_building_tests' from command line to 'False'
[0.230s] DEBUG:colcon.colcon_core.verb:Building package 'xarm_description' with the following arguments: {'ament_cmake_args': None, 'build_base': '/home/anatoly/ros2k_ws/build/xarm_description', 'catkin_cmake_args': None, 'catkin_skip_building_tests': False, 'cmake_args': ['-DCMAKE_BUILD_TYPE=Release'], 'cmake_clean_cache': False, 'cmake_clean_first': False, 'cmake_force_configure': False, 'cmake_target': None, 'cmake_target_skip_unavailable': False, 'install_base': '/home/anatoly/ros2k_ws/install/xarm_description', 'merge_install': False, 'path': '/home/anatoly/ros2k_ws/src/xarm_ros2/xarm_description', 'symlink_install': True, 'test_result_base': None}
[0.230s] Level 5:colcon.colcon_core.verb:set package 'xarm_msgs' build argument 'cmake_args' from command line to '['-DCMAKE_BUILD_TYPE=Release']'
[0.230s] Level 5:colcon.colcon_core.verb:set package 'xarm_msgs' build argument 'cmake_target' from command line to 'None'
[0.230s] Level 5:colcon.colcon_core.verb:set package 'xarm_msgs' build argument 'cmake_target_skip_unavailable' from command line to 'False'
[0.230s] Level 5:colcon.colcon_core.verb:set package 'xarm_msgs' build argument 'cmake_clean_cache' from command line to 'False'
[0.230s] Level 5:colcon.colcon_core.verb:set package 'xarm_msgs' build argument 'cmake_clean_first' from command line to 'False'
[0.230s] Level 5:colcon.colcon_core.verb:set package 'xarm_msgs' build argument 'cmake_force_configure' from command line to 'False'
[0.230s] Level 5:colcon.colcon_core.verb:set package 'xarm_msgs' build argument 'ament_cmake_args' from command line to 'None'
[0.230s] Level 5:colcon.colcon_core.verb:set package 'xarm_msgs' build argument 'catkin_cmake_args' from command line to 'None'
[0.230s] Level 5:colcon.colcon_core.verb:set package 'xarm_msgs' build argument 'catkin_skip_building_tests' from command line to 'False'
[0.230s] DEBUG:colcon.colcon_core.verb:Building package 'xarm_msgs' with the following arguments: {'ament_cmake_args': None, 'build_base': '/home/anatoly/ros2k_ws/build/xarm_msgs', 'catkin_cmake_args': None, 'catkin_skip_building_tests': False, 'cmake_args': ['-DCMAKE_BUILD_TYPE=Release'], 'cmake_clean_cache': False, 'cmake_clean_first': False, 'cmake_force_configure': False, 'cmake_target': None, 'cmake_target_skip_unavailable': False, 'install_base': '/home/anatoly/ros2k_ws/install/xarm_msgs', 'merge_install': False, 'path': '/home/anatoly/ros2k_ws/src/xarm_ros2/xarm_msgs', 'symlink_install': True, 'test_result_base': None}
[0.231s] Level 5:colcon.colcon_core.verb:set package 'xarm_sdk' build argument 'cmake_args' from command line to '['-DCMAKE_BUILD_TYPE=Release']'
[0.231s] Level 5:colcon.colcon_core.verb:set package 'xarm_sdk' build argument 'cmake_target' from command line to 'None'
[0.231s] Level 5:colcon.colcon_core.verb:set package 'xarm_sdk' build argument 'cmake_target_skip_unavailable' from command line to 'False'
[0.231s] Level 5:colcon.colcon_core.verb:set package 'xarm_sdk' build argument 'cmake_clean_cache' from command line to 'False'
[0.231s] Level 5:colcon.colcon_core.verb:set package 'xarm_sdk' build argument 'cmake_clean_first' from command line to 'False'
[0.231s] Level 5:colcon.colcon_core.verb:set package 'xarm_sdk' build argument 'cmake_force_configure' from command line to 'False'
[0.231s] Level 5:colcon.colcon_core.verb:set package 'xarm_sdk' build argument 'ament_cmake_args' from command line to 'None'
[0.231s] Level 5:colcon.colcon_core.verb:set package 'xarm_sdk' build argument 'catkin_cmake_args' from command line to 'None'
[0.231s] Level 5:colcon.colcon_core.verb:set package 'xarm_sdk' build argument 'catkin_skip_building_tests' from command line to 'False'
[0.231s] DEBUG:colcon.colcon_core.verb:Building package 'xarm_sdk' with the following arguments: {'ament_cmake_args': None, 'build_base': '/home/anatoly/ros2k_ws/build/xarm_sdk', 'catkin_cmake_args': None, 'catkin_skip_building_tests': False, 'cmake_args': ['-DCMAKE_BUILD_TYPE=Release'], 'cmake_clean_cache': False, 'cmake_clean_first': False, 'cmake_force_configure': False, 'cmake_target': None, 'cmake_target_skip_unavailable': False, 'install_base': '/home/anatoly/ros2k_ws/install/xarm_sdk', 'merge_install': False, 'path': '/home/anatoly/ros2k_ws/src/xarm_ros2/xarm_sdk', 'symlink_install': True, 'test_result_base': None}
[0.231s] Level 5:colcon.colcon_core.verb:set package 'xarm_api' build argument 'cmake_args' from command line to '['-DCMAKE_BUILD_TYPE=Release']'
[0.231s] Level 5:colcon.colcon_core.verb:set package 'xarm_api' build argument 'cmake_target' from command line to 'None'
[0.231s] Level 5:colcon.colcon_core.verb:set package 'xarm_api' build argument 'cmake_target_skip_unavailable' from command line to 'False'
[0.231s] Level 5:colcon.colcon_core.verb:set package 'xarm_api' build argument 'cmake_clean_cache' from command line to 'False'
[0.231s] Level 5:colcon.colcon_core.verb:set package 'xarm_api' build argument 'cmake_clean_first' from command line to 'False'
[0.231s] Level 5:colcon.colcon_core.verb:set package 'xarm_api' build argument 'cmake_force_configure' from command line to 'False'
[0.231s] Level 5:colcon.colcon_core.verb:set package 'xarm_api' build argument 'ament_cmake_args' from command line to 'None'
[0.231s] Level 5:colcon.colcon_core.verb:set package 'xarm_api' build argument 'catkin_cmake_args' from command line to 'None'
[0.231s] Level 5:colcon.colcon_core.verb:set package 'xarm_api' build argument 'catkin_skip_building_tests' from command line to 'False'
[0.231s] DEBUG:colcon.colcon_core.verb:Building package 'xarm_api' with the following arguments: {'ament_cmake_args': None, 'build_base': '/home/anatoly/ros2k_ws/build/xarm_api', 'catkin_cmake_args': None, 'catkin_skip_building_tests': False, 'cmake_args': ['-DCMAKE_BUILD_TYPE=Release'], 'cmake_clean_cache': False, 'cmake_clean_first': False, 'cmake_force_configure': False, 'cmake_target': None, 'cmake_target_skip_unavailable': False, 'install_base': '/home/anatoly/ros2k_ws/install/xarm_api', 'merge_install': False, 'path': '/home/anatoly/ros2k_ws/src/xarm_ros2/xarm_api', 'symlink_install': True, 'test_result_base': None}
[0.231s] Level 5:colcon.colcon_core.verb:set package 'xarm_controller' build argument 'cmake_args' from command line to '['-DCMAKE_BUILD_TYPE=Release']'
[0.231s] Level 5:colcon.colcon_core.verb:set package 'xarm_controller' build argument 'cmake_target' from command line to 'None'
[0.231s] Level 5:colcon.colcon_core.verb:set package 'xarm_controller' build argument 'cmake_target_skip_unavailable' from command line to 'False'
[0.231s] Level 5:colcon.colcon_core.verb:set package 'xarm_controller' build argument 'cmake_clean_cache' from command line to 'False'
[0.231s] Level 5:colcon.colcon_core.verb:set package 'xarm_controller' build argument 'cmake_clean_first' from command line to 'False'
[0.231s] Level 5:colcon.colcon_core.verb:set package 'xarm_controller' build argument 'cmake_force_configure' from command line to 'False'
[0.231s] Level 5:colcon.colcon_core.verb:set package 'xarm_controller' build argument 'ament_cmake_args' from command line to 'None'
[0.231s] Level 5:colcon.colcon_core.verb:set package 'xarm_controller' build argument 'catkin_cmake_args' from command line to 'None'
[0.231s] Level 5:colcon.colcon_core.verb:set package 'xarm_controller' build argument 'catkin_skip_building_tests' from command line to 'False'
[0.232s] DEBUG:colcon.colcon_core.verb:Building package 'xarm_controller' with the following arguments: {'ament_cmake_args': None, 'build_base': '/home/anatoly/ros2k_ws/build/xarm_controller', 'catkin_cmake_args': None, 'catkin_skip_building_tests': False, 'cmake_args': ['-DCMAKE_BUILD_TYPE=Release'], 'cmake_clean_cache': False, 'cmake_clean_first': False, 'cmake_force_configure': False, 'cmake_target': None, 'cmake_target_skip_unavailable': False, 'install_base': '/home/anatoly/ros2k_ws/install/xarm_controller', 'merge_install': False, 'path': '/home/anatoly/ros2k_ws/src/xarm_ros2/xarm_controller', 'symlink_install': True, 'test_result_base': None}
[0.232s] Level 5:colcon.colcon_core.verb:set package 'xarm_moveit_servo' build argument 'cmake_args' from command line to '['-DCMAKE_BUILD_TYPE=Release']'
[0.232s] Level 5:colcon.colcon_core.verb:set package 'xarm_moveit_servo' build argument 'cmake_target' from command line to 'None'
[0.232s] Level 5:colcon.colcon_core.verb:set package 'xarm_moveit_servo' build argument 'cmake_target_skip_unavailable' from command line to 'False'
[0.232s] Level 5:colcon.colcon_core.verb:set package 'xarm_moveit_servo' build argument 'cmake_clean_cache' from command line to 'False'
[0.232s] Level 5:colcon.colcon_core.verb:set package 'xarm_moveit_servo' build argument 'cmake_clean_first' from command line to 'False'
[0.232s] Level 5:colcon.colcon_core.verb:set package 'xarm_moveit_servo' build argument 'cmake_force_configure' from command line to 'False'
[0.232s] Level 5:colcon.colcon_core.verb:set package 'xarm_moveit_servo' build argument 'ament_cmake_args' from command line to 'None'
[0.232s] Level 5:colcon.colcon_core.verb:set package 'xarm_moveit_servo' build argument 'catkin_cmake_args' from command line to 'None'
[0.232s] Level 5:colcon.colcon_core.verb:set package 'xarm_moveit_servo' build argument 'catkin_skip_building_tests' from command line to 'False'
[0.232s] DEBUG:colcon.colcon_core.verb:Building package 'xarm_moveit_servo' with the following arguments: {'ament_cmake_args': None, 'build_base': '/home/anatoly/ros2k_ws/build/xarm_moveit_servo', 'catkin_cmake_args': None, 'catkin_skip_building_tests': False, 'cmake_args': ['-DCMAKE_BUILD_TYPE=Release'], 'cmake_clean_cache': False, 'cmake_clean_first': False, 'cmake_force_configure': False, 'cmake_target': None, 'cmake_target_skip_unavailable': False, 'install_base': '/home/anatoly/ros2k_ws/install/xarm_moveit_servo', 'merge_install': False, 'path': '/home/anatoly/ros2k_ws/src/xarm_ros2/xarm_moveit_servo', 'symlink_install': True, 'test_result_base': None}
[0.232s] Level 5:colcon.colcon_core.verb:set package 'xarm_planner' build argument 'cmake_args' from command line to '['-DCMAKE_BUILD_TYPE=Release']'
[0.232s] Level 5:colcon.colcon_core.verb:set package 'xarm_planner' build argument 'cmake_target' from command line to 'None'
[0.232s] Level 5:colcon.colcon_core.verb:set package 'xarm_planner' build argument 'cmake_target_skip_unavailable' from command line to 'False'
[0.232s] Level 5:colcon.colcon_core.verb:set package 'xarm_planner' build argument 'cmake_clean_cache' from command line to 'False'
[0.232s] Level 5:colcon.colcon_core.verb:set package 'xarm_planner' build argument 'cmake_clean_first' from command line to 'False'
[0.232s] Level 5:colcon.colcon_core.verb:set package 'xarm_planner' build argument 'cmake_force_configure' from command line to 'False'
[0.232s] Level 5:colcon.colcon_core.verb:set package 'xarm_planner' build argument 'ament_cmake_args' from command line to 'None'
[0.232s] Level 5:colcon.colcon_core.verb:set package 'xarm_planner' build argument 'catkin_cmake_args' from command line to 'None'
[0.232s] Level 5:colcon.colcon_core.verb:set package 'xarm_planner' build argument 'catkin_skip_building_tests' from command line to 'False'
[0.232s] DEBUG:colcon.colcon_core.verb:Building package 'xarm_planner' with the following arguments: {'ament_cmake_args': None, 'build_base': '/home/anatoly/ros2k_ws/build/xarm_planner', 'catkin_cmake_args': None, 'catkin_skip_building_tests': False, 'cmake_args': ['-DCMAKE_BUILD_TYPE=Release'], 'cmake_clean_cache': False, 'cmake_clean_first': False, 'cmake_force_configure': False, 'cmake_target': None, 'cmake_target_skip_unavailable': False, 'install_base': '/home/anatoly/ros2k_ws/install/xarm_planner', 'merge_install': False, 'path': '/home/anatoly/ros2k_ws/src/xarm_ros2/xarm_planner', 'symlink_install': True, 'test_result_base': None}
[0.232s] INFO:colcon.colcon_core.executor:Executing jobs using 'parallel' executor
[0.234s] DEBUG:colcon.colcon_parallel_executor.executor.parallel:run_until_complete
[0.234s] INFO:colcon.colcon_ros.task.ament_cmake.build:Building ROS package in '/home/anatoly/ros2k_ws/src/xarm_ros2/xarm_description' with build type 'ament_cmake'
[0.234s] INFO:colcon.colcon_cmake.task.cmake.build:Building CMake package in '/home/anatoly/ros2k_ws/src/xarm_ros2/xarm_description'
[0.235s] INFO:colcon.colcon_core.plugin_system:Skipping extension 'colcon_core.shell.bat': Not used on non-Windows systems
[0.236s] INFO:colcon.colcon_core.shell:Skip shell extension 'powershell' for command environment: Not usable outside of PowerShell
[0.236s] DEBUG:colcon.colcon_core.shell:Skip shell extension 'dsv' for command environment
[0.239s] INFO:colcon.colcon_ros.task.ament_cmake.build:Building ROS package in '/home/anatoly/ros2k_ws/src/xarm_ros2/xarm_msgs' with build type 'ament_cmake'
[0.239s] INFO:colcon.colcon_cmake.task.cmake.build:Building CMake package in '/home/anatoly/ros2k_ws/src/xarm_ros2/xarm_msgs'
[0.239s] INFO:colcon.colcon_core.shell:Skip shell extension 'powershell' for command environment: Not usable outside of PowerShell
[0.239s] DEBUG:colcon.colcon_core.shell:Skip shell extension 'dsv' for command environment
[0.242s] INFO:colcon.colcon_ros.task.ament_cmake.build:Building ROS package in '/home/anatoly/ros2k_ws/src/xarm_ros2/xarm_sdk' with build type 'ament_cmake'
[0.242s] INFO:colcon.colcon_cmake.task.cmake.build:Building CMake package in '/home/anatoly/ros2k_ws/src/xarm_ros2/xarm_sdk'
[0.242s] INFO:colcon.colcon_core.shell:Skip shell extension 'powershell' for command environment: Not usable outside of PowerShell
[0.242s] DEBUG:colcon.colcon_core.shell:Skip shell extension 'dsv' for command environment
[0.245s] INFO:colcon.colcon_ros.task.ament_python.build:Building ROS package in '/home/anatoly/ros2k_ws/src/xarm_ros2/uf_ros_lib' with build type 'ament_python'
[0.245s] Level 1:colcon.colcon_core.shell:create_environment_hook('uf_ros_lib', 'ament_prefix_path')
[0.245s] INFO:colcon.colcon_core.shell:Creating environment hook '/home/anatoly/ros2k_ws/install/uf_ros_lib/share/uf_ros_lib/hook/ament_prefix_path.ps1'
[0.246s] INFO:colcon.colcon_core.shell:Creating environment descriptor '/home/anatoly/ros2k_ws/install/uf_ros_lib/share/uf_ros_lib/hook/ament_prefix_path.dsv'
[0.246s] INFO:colcon.colcon_core.shell:Creating environment hook '/home/anatoly/ros2k_ws/install/uf_ros_lib/share/uf_ros_lib/hook/ament_prefix_path.sh'
[0.246s] INFO:colcon.colcon_core.shell:Skip shell extension 'powershell' for command environment: Not usable outside of PowerShell
[0.246s] DEBUG:colcon.colcon_core.shell:Skip shell extension 'dsv' for command environment
[0.249s] INFO:colcon.colcon_ros.task.ament_cmake.build:Building ROS package in '/home/anatoly/ros2k_ws/src/xarm_ros2/demo/mbot_demo' with build type 'ament_cmake'
[0.249s] INFO:colcon.colcon_cmake.task.cmake.build:Building CMake package in '/home/anatoly/ros2k_ws/src/xarm_ros2/demo/mbot_demo'
[0.249s] INFO:colcon.colcon_core.shell:Skip shell extension 'powershell' for command environment: Not usable outside of PowerShell
[0.249s] DEBUG:colcon.colcon_core.shell:Skip shell extension 'dsv' for command environment
[0.251s] INFO:colcon.colcon_ros.task.ament_cmake.build:Building ROS package in '/home/anatoly/ros2k_ws/src/object_recognition_msgs' with build type 'ament_cmake'
[0.251s] INFO:colcon.colcon_cmake.task.cmake.build:Building CMake package in '/home/anatoly/ros2k_ws/src/object_recognition_msgs'
[0.251s] INFO:colcon.colcon_core.shell:Skip shell extension 'powershell' for command environment: Not usable outside of PowerShell
[0.251s] DEBUG:colcon.colcon_core.shell:Skip shell extension 'dsv' for command environment
[0.257s] DEBUG:colcon.colcon_core.event_handler.log_command:Invoking command in '/home/anatoly/ros2k_ws/build/xarm_description': CMAKE_PREFIX_PATH=${CMAKE_PREFIX_PATH}:/opt/ros/kilted DEBUGINFOD_URLS=https://debuginfod.ubuntu.com /usr/bin/cmake /home/anatoly/ros2k_ws/src/xarm_ros2/xarm_description -DCMAKE_BUILD_TYPE=Release -DAMENT_CMAKE_SYMLINK_INSTALL=1 -DCMAKE_INSTALL_PREFIX=/home/anatoly/ros2k_ws/install/xarm_description
[0.259s] DEBUG:colcon.colcon_core.event_handler.log_command:Invoking command in '/home/anatoly/ros2k_ws/build/xarm_msgs': CMAKE_PREFIX_PATH=${CMAKE_PREFIX_PATH}:/opt/ros/kilted DEBUGINFOD_URLS=https://debuginfod.ubuntu.com /usr/bin/cmake /home/anatoly/ros2k_ws/src/xarm_ros2/xarm_msgs -DCMAKE_BUILD_TYPE=Release -DAMENT_CMAKE_SYMLINK_INSTALL=1 -DCMAKE_INSTALL_PREFIX=/home/anatoly/ros2k_ws/install/xarm_msgs
[0.260s] DEBUG:colcon.colcon_core.event_handler.log_command:Invoking command in '/home/anatoly/ros2k_ws/build/xarm_sdk': CMAKE_PREFIX_PATH=${CMAKE_PREFIX_PATH}:/opt/ros/kilted DEBUGINFOD_URLS=https://debuginfod.ubuntu.com /usr/bin/cmake /home/anatoly/ros2k_ws/src/xarm_ros2/xarm_sdk -DCMAKE_BUILD_TYPE=Release -DAMENT_CMAKE_SYMLINK_INSTALL=1 -DCMAKE_INSTALL_PREFIX=/home/anatoly/ros2k_ws/install/xarm_sdk
[0.456s] INFO:colcon.colcon_core.task.python.build:Building Python package in '/home/anatoly/ros2k_ws/src/xarm_ros2/uf_ros_lib'
[0.456s] INFO:colcon.colcon_core.shell:Skip shell extension 'powershell' for command environment: Not usable outside of PowerShell
[0.456s] DEBUG:colcon.colcon_core.shell:Skip shell extension 'dsv' for command environment
[0.461s] DEBUG:colcon.colcon_core.event_handler.log_command:Invoking command in '/home/anatoly/ros2k_ws/build/mbot_demo': CMAKE_PREFIX_PATH=${CMAKE_PREFIX_PATH}:/opt/ros/kilted DEBUGINFOD_URLS=https://debuginfod.ubuntu.com /usr/bin/cmake /home/anatoly/ros2k_ws/src/xarm_ros2/demo/mbot_demo -DCMAKE_BUILD_TYPE=Release -DAMENT_CMAKE_SYMLINK_INSTALL=1 -DCMAKE_INSTALL_PREFIX=/home/anatoly/ros2k_ws/install/mbot_demo
[0.465s] DEBUG:colcon.colcon_core.event_handler.log_command:Invoking command in '/home/anatoly/ros2k_ws/build/object_recognition_msgs': CMAKE_PREFIX_PATH=${CMAKE_PREFIX_PATH}:/opt/ros/kilted DEBUGINFOD_URLS=https://debuginfod.ubuntu.com /usr/bin/cmake /home/anatoly/ros2k_ws/src/object_recognition_msgs -DCMAKE_BUILD_TYPE=Release -DAMENT_CMAKE_SYMLINK_INSTALL=1 -DCMAKE_INSTALL_PREFIX=/home/anatoly/ros2k_ws/install/object_recognition_msgs
[1.047s] DEBUG:colcon.colcon_core.task.python.build:Available setuptools commands: bdist, build_scripts, alias, rotate, develop, update_catalog, install, build_py, install_scripts, saveopts, egg_info, extract_messages, test, install_egg_info, install_headers, install_data, upload, bdist_dumb, compile_catalog, init_catalog, build, install_lib, easy_install, build_clib, symlink_data, dist_info, build_ext, clean, upload_docs, bdist_rpm, bdist_egg, sdist, setopt, check, editable_wheel, register
[1.133s] DEBUG:colcon.colcon_core.event_handler.log_command:Invoked command in '/home/anatoly/ros2k_ws/build/xarm_description' returned '0': CMAKE_PREFIX_PATH=${CMAKE_PREFIX_PATH}:/opt/ros/kilted DEBUGINFOD_URLS=https://debuginfod.ubuntu.com /usr/bin/cmake /home/anatoly/ros2k_ws/src/xarm_ros2/xarm_description -DCMAKE_BUILD_TYPE=Release -DAMENT_CMAKE_SYMLINK_INSTALL=1 -DCMAKE_INSTALL_PREFIX=/home/anatoly/ros2k_ws/install/xarm_description
[1.135s] DEBUG:colcon.colcon_core.event_handler.log_command:Invoking command in '/home/anatoly/ros2k_ws/build/xarm_description': CMAKE_PREFIX_PATH=${CMAKE_PREFIX_PATH}:/opt/ros/kilted DEBUGINFOD_URLS=https://debuginfod.ubuntu.com /usr/bin/cmake --build /home/anatoly/ros2k_ws/build/xarm_description -- -j12 -l12
[1.159s] DEBUG:colcon.colcon_core.event_handler.log_command:Invoked command in '/home/anatoly/ros2k_ws/build/xarm_sdk' returned '0': CMAKE_PREFIX_PATH=${CMAKE_PREFIX_PATH}:/opt/ros/kilted DEBUGINFOD_URLS=https://debuginfod.ubuntu.com /usr/bin/cmake /home/anatoly/ros2k_ws/src/xarm_ros2/xarm_sdk -DCMAKE_BUILD_TYPE=Release -DAMENT_CMAKE_SYMLINK_INSTALL=1 -DCMAKE_INSTALL_PREFIX=/home/anatoly/ros2k_ws/install/xarm_sdk
[1.160s] DEBUG:colcon.colcon_core.event_handler.log_command:Invoking command in '/home/anatoly/ros2k_ws/build/xarm_sdk': CMAKE_PREFIX_PATH=${CMAKE_PREFIX_PATH}:/opt/ros/kilted DEBUGINFOD_URLS=https://debuginfod.ubuntu.com /usr/bin/cmake --build /home/anatoly/ros2k_ws/build/xarm_sdk -- -j12 -l12
[1.184s] DEBUG:colcon.colcon_core.event_handler.log_command:Invoked command in '/home/anatoly/ros2k_ws/build/xarm_description' returned '0': CMAKE_PREFIX_PATH=${CMAKE_PREFIX_PATH}:/opt/ros/kilted DEBUGINFOD_URLS=https://debuginfod.ubuntu.com /usr/bin/cmake --build /home/anatoly/ros2k_ws/build/xarm_description -- -j12 -l12
[1.197s] DEBUG:colcon.colcon_core.event_handler.log_command:Invoking command in '/home/anatoly/ros2k_ws/build/xarm_description': CMAKE_PREFIX_PATH=${CMAKE_PREFIX_PATH}:/opt/ros/kilted DEBUGINFOD_URLS=https://debuginfod.ubuntu.com /usr/bin/cmake --install /home/anatoly/ros2k_ws/build/xarm_description
[1.453s] DEBUG:colcon.colcon_core.task.python.build:Available setuptools 'develop' options: --quiet, --script-dir, --no-user-cfg, --user, --prefix, --optimize, --uninstall, --upgrade, --multi-version, --allow-hosts, --no-deps, --always-unzip, --install-layout, --egg-path, --install-dir, --find-links, --force-installation-into-system-dir, --exclude-scripts, --always-copy, --no-find-links, --index-url, --editable, --local-snapshots-ok, --verbose, --help, --dry-run, --build-directory, --zip-ok, --record, --version, --site-dirs
[1.455s] DEBUG:colcon.colcon_core.event_handler.log_command:Invoking command in '/home/anatoly/ros2k_ws/build/uf_ros_lib': DEBUGINFOD_URLS=https://debuginfod.ubuntu.com PYTHONPATH=/home/anatoly/ros2k_ws/build/uf_ros_lib/prefix_override:/usr/lib/python3/dist-packages/colcon_core/task/python/colcon_distutils_commands:/home/anatoly/ros2k_ws/install/uf_ros_lib/lib/python3.12/site-packages:${PYTHONPATH} /usr/bin/python3 -W ignore:setup.py install is deprecated -W ignore:easy_install command is deprecated setup.py develop --editable --build-directory /home/anatoly/ros2k_ws/build/uf_ros_lib/build --no-deps symlink_data
[1.459s] DEBUG:colcon.colcon_core.event_handler.log_command:Invoked command in '/home/anatoly/ros2k_ws/build/mbot_demo' returned '0': CMAKE_PREFIX_PATH=${CMAKE_PREFIX_PATH}:/opt/ros/kilted DEBUGINFOD_URLS=https://debuginfod.ubuntu.com /usr/bin/cmake /home/anatoly/ros2k_ws/src/xarm_ros2/demo/mbot_demo -DCMAKE_BUILD_TYPE=Release -DAMENT_CMAKE_SYMLINK_INSTALL=1 -DCMAKE_INSTALL_PREFIX=/home/anatoly/ros2k_ws/install/mbot_demo
[1.461s] DEBUG:colcon.colcon_core.event_handler.log_command:Invoking command in '/home/anatoly/ros2k_ws/build/mbot_demo': CMAKE_PREFIX_PATH=${CMAKE_PREFIX_PATH}:/opt/ros/kilted DEBUGINFOD_URLS=https://debuginfod.ubuntu.com /usr/bin/cmake --build /home/anatoly/ros2k_ws/build/mbot_demo -- -j12 -l12
[1.598s] DEBUG:colcon.colcon_core.event_handler.log_command:Invoked command in '/home/anatoly/ros2k_ws/build/mbot_demo' returned '0': CMAKE_PREFIX_PATH=${CMAKE_PREFIX_PATH}:/opt/ros/kilted DEBUGINFOD_URLS=https://debuginfod.ubuntu.com /usr/bin/cmake --build /home/anatoly/ros2k_ws/build/mbot_demo -- -j12 -l12
[1.599s] DEBUG:colcon.colcon_core.event_handler.log_command:Invoking command in '/home/anatoly/ros2k_ws/build/mbot_demo': CMAKE_PREFIX_PATH=${CMAKE_PREFIX_PATH}:/opt/ros/kilted DEBUGINFOD_URLS=https://debuginfod.ubuntu.com /usr/bin/cmake --install /home/anatoly/ros2k_ws/build/mbot_demo
[2.638s] Level 1:colcon.colcon_core.shell:create_environment_hook('uf_ros_lib', 'pythonpath_develop')
[2.638s] DEBUG:colcon.colcon_core.event_handler.log_command:Invoked command in '/home/anatoly/ros2k_ws/build/uf_ros_lib' returned '0': DEBUGINFOD_URLS=https://debuginfod.ubuntu.com PYTHONPATH=/home/anatoly/ros2k_ws/build/uf_ros_lib/prefix_override:/usr/lib/python3/dist-packages/colcon_core/task/python/colcon_distutils_commands:/home/anatoly/ros2k_ws/install/uf_ros_lib/lib/python3.12/site-packages:${PYTHONPATH} /usr/bin/python3 -W ignore:setup.py install is deprecated -W ignore:easy_install command is deprecated setup.py develop --editable --build-directory /home/anatoly/ros2k_ws/build/uf_ros_lib/build --no-deps symlink_data
[2.639s] INFO:colcon.colcon_core.shell:Creating environment hook '/home/anatoly/ros2k_ws/build/uf_ros_lib/share/uf_ros_lib/hook/pythonpath_develop.ps1'
[2.639s] INFO:colcon.colcon_core.shell:Creating environment descriptor '/home/anatoly/ros2k_ws/build/uf_ros_lib/share/uf_ros_lib/hook/pythonpath_develop.dsv'
[2.640s] INFO:colcon.colcon_core.shell:Creating environment hook '/home/anatoly/ros2k_ws/build/uf_ros_lib/share/uf_ros_lib/hook/pythonpath_develop.sh'
[2.642s] Level 1:colcon.colcon_core.environment:checking '/home/anatoly/ros2k_ws/install/uf_ros_lib' for CMake module files
[2.643s] Level 1:colcon.colcon_core.environment:checking '/home/anatoly/ros2k_ws/install/uf_ros_lib' for CMake config files
[2.643s] Level 1:colcon.colcon_core.environment:checking '/home/anatoly/ros2k_ws/install/uf_ros_lib/lib'
[2.644s] Level 1:colcon.colcon_core.environment:checking '/home/anatoly/ros2k_ws/install/uf_ros_lib/bin'
[2.644s] Level 1:colcon.colcon_core.environment:checking '/home/anatoly/ros2k_ws/install/uf_ros_lib/lib/pkgconfig/uf_ros_lib.pc'
[2.644s] Level 1:colcon.colcon_core.environment:checking '/home/anatoly/ros2k_ws/install/uf_ros_lib/lib/python3.12/site-packages'
[2.644s] Level 1:colcon.colcon_core.shell:create_environment_hook('uf_ros_lib', 'pythonpath')
[2.644s] INFO:colcon.colcon_core.shell:Creating environment hook '/home/anatoly/ros2k_ws/install/uf_ros_lib/share/uf_ros_lib/hook/pythonpath.ps1'
[2.645s] INFO:colcon.colcon_core.shell:Creating environment descriptor '/home/anatoly/ros2k_ws/install/uf_ros_lib/share/uf_ros_lib/hook/pythonpath.dsv'
[2.645s] INFO:colcon.colcon_core.shell:Creating environment hook '/home/anatoly/ros2k_ws/install/uf_ros_lib/share/uf_ros_lib/hook/pythonpath.sh'
[2.648s] Level 1:colcon.colcon_core.environment:checking '/home/anatoly/ros2k_ws/install/uf_ros_lib/bin'
[2.648s] Level 1:colcon.colcon_core.environment:create_environment_scripts_only(uf_ros_lib)
[2.648s] INFO:colcon.colcon_core.shell:Creating package script '/home/anatoly/ros2k_ws/install/uf_ros_lib/share/uf_ros_lib/package.ps1'
[2.650s] INFO:colcon.colcon_core.shell:Creating package descriptor '/home/anatoly/ros2k_ws/install/uf_ros_lib/share/uf_ros_lib/package.dsv'
[2.650s] INFO:colcon.colcon_core.shell:Creating package script '/home/anatoly/ros2k_ws/install/uf_ros_lib/share/uf_ros_lib/package.sh'
[2.651s] INFO:colcon.colcon_core.shell:Creating package script '/home/anatoly/ros2k_ws/install/uf_ros_lib/share/uf_ros_lib/package.bash'
[2.651s] INFO:colcon.colcon_core.shell:Creating package script '/home/anatoly/ros2k_ws/install/uf_ros_lib/share/uf_ros_lib/package.zsh'
[2.652s] Level 1:colcon.colcon_core.environment:create_file_with_runtime_dependencies(/home/anatoly/ros2k_ws/install/uf_ros_lib/share/colcon-core/packages/uf_ros_lib)
[2.674s] Level 1:colcon.colcon_core.environment:create_environment_scripts_only(mbot_demo)
[2.677s] Level 1:colcon.colcon_core.environment:checking '/home/anatoly/ros2k_ws/install/mbot_demo' for CMake module files
[2.678s] Level 1:colcon.colcon_core.environment:checking '/home/anatoly/ros2k_ws/install/mbot_demo' for CMake config files
[2.678s] Level 1:colcon.colcon_core.shell:create_environment_hook('mbot_demo', 'cmake_prefix_path')
[2.678s] INFO:colcon.colcon_core.shell:Creating environment hook '/home/anatoly/ros2k_ws/install/mbot_demo/share/mbot_demo/hook/cmake_prefix_path.ps1'
[2.679s] INFO:colcon.colcon_core.shell:Creating environment descriptor '/home/anatoly/ros2k_ws/install/mbot_demo/share/mbot_demo/hook/cmake_prefix_path.dsv'
[2.679s] INFO:colcon.colcon_core.shell:Creating environment hook '/home/anatoly/ros2k_ws/install/mbot_demo/share/mbot_demo/hook/cmake_prefix_path.sh'
[2.683s] Level 1:colcon.colcon_core.environment:checking '/home/anatoly/ros2k_ws/install/mbot_demo/bin'
[2.683s] Level 1:colcon.colcon_core.environment:checking '/home/anatoly/ros2k_ws/install/mbot_demo/lib/pkgconfig/mbot_demo.pc'
[2.684s] Level 1:colcon.colcon_core.environment:checking '/home/anatoly/ros2k_ws/install/mbot_demo/lib/python3.12/site-packages'
[2.684s] Level 1:colcon.colcon_core.environment:checking '/home/anatoly/ros2k_ws/install/mbot_demo/bin'
[2.684s] INFO:colcon.colcon_core.shell:Creating package script '/home/anatoly/ros2k_ws/install/mbot_demo/share/mbot_demo/package.ps1'
[2.685s] INFO:colcon.colcon_core.shell:Creating package descriptor '/home/anatoly/ros2k_ws/install/mbot_demo/share/mbot_demo/package.dsv'
[2.685s] INFO:colcon.colcon_core.shell:Creating package script '/home/anatoly/ros2k_ws/install/mbot_demo/share/mbot_demo/package.sh'
[2.685s] INFO:colcon.colcon_core.shell:Creating package script '/home/anatoly/ros2k_ws/install/mbot_demo/share/mbot_demo/package.bash'
[2.689s] INFO:colcon.colcon_core.shell:Creating package script '/home/anatoly/ros2k_ws/install/mbot_demo/share/mbot_demo/package.zsh'
[2.689s] Level 1:colcon.colcon_core.environment:create_file_with_runtime_dependencies(/home/anatoly/ros2k_ws/install/mbot_demo/share/colcon-core/packages/mbot_demo)
[2.690s] Level 1:colcon.colcon_core.environment:create_environment_scripts_only(mbot_demo)
[2.690s] Level 1:colcon.colcon_core.environment:checking '/home/anatoly/ros2k_ws/install/mbot_demo' for CMake module files
[2.691s] Level 1:colcon.colcon_core.environment:checking '/home/anatoly/ros2k_ws/install/mbot_demo' for CMake config files
[2.691s] Level 1:colcon.colcon_core.shell:create_environment_hook('mbot_demo', 'cmake_prefix_path')
[2.692s] INFO:colcon.colcon_core.shell:Creating environment hook '/home/anatoly/ros2k_ws/install/mbot_demo/share/mbot_demo/hook/cmake_prefix_path.ps1'
[2.696s] INFO:colcon.colcon_core.shell:Creating environment descriptor '/home/anatoly/ros2k_ws/install/mbot_demo/share/mbot_demo/hook/cmake_prefix_path.dsv'
[2.696s] INFO:colcon.colcon_core.shell:Creating environment hook '/home/anatoly/ros2k_ws/install/mbot_demo/share/mbot_demo/hook/cmake_prefix_path.sh'
[2.697s] Level 1:colcon.colcon_core.environment:checking '/home/anatoly/ros2k_ws/install/mbot_demo/bin'
[2.697s] Level 1:colcon.colcon_core.environment:checking '/home/anatoly/ros2k_ws/install/mbot_demo/lib/pkgconfig/mbot_demo.pc'
[2.697s] Level 1:colcon.colcon_core.environment:checking '/home/anatoly/ros2k_ws/install/mbot_demo/lib/python3.12/site-packages'
[2.697s] Level 1:colcon.colcon_core.environment:checking '/home/anatoly/ros2k_ws/install/mbot_demo/bin'
[2.698s] INFO:colcon.colcon_core.shell:Creating package script '/home/anatoly/ros2k_ws/install/mbot_demo/share/mbot_demo/package.ps1'
[2.698s] INFO:colcon.colcon_core.shell:Creating package descriptor '/home/anatoly/ros2k_ws/install/mbot_demo/share/mbot_demo/package.dsv'
[2.695s] DEBUG:colcon.colcon_core.event_handler.log_command:Invoked command in '/home/anatoly/ros2k_ws/build/mbot_demo' returned '0': CMAKE_PREFIX_PATH=${CMAKE_PREFIX_PATH}:/opt/ros/kilted DEBUGINFOD_URLS=https://debuginfod.ubuntu.com /usr/bin/cmake --install /home/anatoly/ros2k_ws/build/mbot_demo
[2.699s] INFO:colcon.colcon_core.shell:Creating package script '/home/anatoly/ros2k_ws/install/mbot_demo/share/mbot_demo/package.sh'
[2.699s] INFO:colcon.colcon_core.shell:Creating package script '/home/anatoly/ros2k_ws/install/mbot_demo/share/mbot_demo/package.bash'
[2.700s] INFO:colcon.colcon_core.shell:Creating package script '/home/anatoly/ros2k_ws/install/mbot_demo/share/mbot_demo/package.zsh'
[2.700s] Level 1:colcon.colcon_core.environment:create_file_with_runtime_dependencies(/home/anatoly/ros2k_ws/install/mbot_demo/share/colcon-core/packages/mbot_demo)
[6.011s] DEBUG:colcon.colcon_core.event_handler.log_command:Invoked command in '/home/anatoly/ros2k_ws/build/object_recognition_msgs' returned '0': CMAKE_PREFIX_PATH=${CMAKE_PREFIX_PATH}:/opt/ros/kilted DEBUGINFOD_URLS=https://debuginfod.ubuntu.com /usr/bin/cmake /home/anatoly/ros2k_ws/src/object_recognition_msgs -DCMAKE_BUILD_TYPE=Release -DAMENT_CMAKE_SYMLINK_INSTALL=1 -DCMAKE_INSTALL_PREFIX=/home/anatoly/ros2k_ws/install/object_recognition_msgs
[6.012s] DEBUG:colcon.colcon_core.event_handler.log_command:Invoking command in '/home/anatoly/ros2k_ws/build/object_recognition_msgs': CMAKE_PREFIX_PATH=${CMAKE_PREFIX_PATH}:/opt/ros/kilted DEBUGINFOD_URLS=https://debuginfod.ubuntu.com /usr/bin/cmake --build /home/anatoly/ros2k_ws/build/object_recognition_msgs -- -j12 -l12
[6.039s] DEBUG:colcon.colcon_core.event_handler.log_command:Invoked command in '/home/anatoly/ros2k_ws/build/xarm_msgs' returned '0': CMAKE_PREFIX_PATH=${CMAKE_PREFIX_PATH}:/opt/ros/kilted DEBUGINFOD_URLS=https://debuginfod.ubuntu.com /usr/bin/cmake /home/anatoly/ros2k_ws/src/xarm_ros2/xarm_msgs -DCMAKE_BUILD_TYPE=Release -DAMENT_CMAKE_SYMLINK_INSTALL=1 -DCMAKE_INSTALL_PREFIX=/home/anatoly/ros2k_ws/install/xarm_msgs
[6.039s] DEBUG:colcon.colcon_core.event_handler.log_command:Invoking command in '/home/anatoly/ros2k_ws/build/xarm_msgs': CMAKE_PREFIX_PATH=${CMAKE_PREFIX_PATH}:/opt/ros/kilted DEBUGINFOD_URLS=https://debuginfod.ubuntu.com /usr/bin/cmake --build /home/anatoly/ros2k_ws/build/xarm_msgs -- -j12 -l12
[6.520s] Level 1:colcon.colcon_core.environment:create_environment_scripts_only(xarm_description)
[6.521s] Level 1:colcon.colcon_core.environment:checking '/home/anatoly/ros2k_ws/install/xarm_description' for CMake module files
[6.521s] DEBUG:colcon.colcon_core.event_handler.log_command:Invoked command in '/home/anatoly/ros2k_ws/build/xarm_description' returned '0': CMAKE_PREFIX_PATH=${CMAKE_PREFIX_PATH}:/opt/ros/kilted DEBUGINFOD_URLS=https://debuginfod.ubuntu.com /usr/bin/cmake --install /home/anatoly/ros2k_ws/build/xarm_description
[6.522s] Level 1:colcon.colcon_core.environment:checking '/home/anatoly/ros2k_ws/install/xarm_description' for CMake config files
[6.525s] Level 1:colcon.colcon_core.shell:create_environment_hook('xarm_description', 'cmake_prefix_path')
[6.525s] INFO:colcon.colcon_core.shell:Creating environment hook '/home/anatoly/ros2k_ws/install/xarm_description/share/xarm_description/hook/cmake_prefix_path.ps1'
[6.525s] INFO:colcon.colcon_core.shell:Creating environment descriptor '/home/anatoly/ros2k_ws/install/xarm_description/share/xarm_description/hook/cmake_prefix_path.dsv'
[6.525s] INFO:colcon.colcon_core.shell:Creating environment hook '/home/anatoly/ros2k_ws/install/xarm_description/share/xarm_description/hook/cmake_prefix_path.sh'
[6.526s] Level 1:colcon.colcon_core.environment:checking '/home/anatoly/ros2k_ws/install/xarm_description/bin'
[6.526s] Level 1:colcon.colcon_core.environment:checking '/home/anatoly/ros2k_ws/install/xarm_description/lib/pkgconfig/xarm_description.pc'
[6.526s] Level 1:colcon.colcon_core.environment:checking '/home/anatoly/ros2k_ws/install/xarm_description/lib/python3.12/site-packages'
[6.526s] Level 1:colcon.colcon_core.environment:checking '/home/anatoly/ros2k_ws/install/xarm_description/bin'
[6.526s] INFO:colcon.colcon_core.shell:Creating package script '/home/anatoly/ros2k_ws/install/xarm_description/share/xarm_description/package.ps1'
[6.527s] INFO:colcon.colcon_core.shell:Creating package descriptor '/home/anatoly/ros2k_ws/install/xarm_description/share/xarm_description/package.dsv'
[6.527s] INFO:colcon.colcon_core.shell:Creating package script '/home/anatoly/ros2k_ws/install/xarm_description/share/xarm_description/package.sh'
[6.527s] INFO:colcon.colcon_core.shell:Creating package script '/home/anatoly/ros2k_ws/install/xarm_description/share/xarm_description/package.bash'
[6.527s] INFO:colcon.colcon_core.shell:Creating package script '/home/anatoly/ros2k_ws/install/xarm_description/share/xarm_description/package.zsh'
[6.528s] Level 1:colcon.colcon_core.environment:create_file_with_runtime_dependencies(/home/anatoly/ros2k_ws/install/xarm_description/share/colcon-core/packages/xarm_description)
[6.528s] Level 1:colcon.colcon_core.environment:create_environment_scripts_only(xarm_description)
[6.528s] Level 1:colcon.colcon_core.environment:checking '/home/anatoly/ros2k_ws/install/xarm_description' for CMake module files
[6.528s] Level 1:colcon.colcon_core.environment:checking '/home/anatoly/ros2k_ws/install/xarm_description' for CMake config files
[6.531s] Level 1:colcon.colcon_core.shell:create_environment_hook('xarm_description', 'cmake_prefix_path')
[6.531s] INFO:colcon.colcon_core.shell:Creating environment hook '/home/anatoly/ros2k_ws/install/xarm_description/share/xarm_description/hook/cmake_prefix_path.ps1'
[6.531s] INFO:colcon.colcon_core.shell:Creating environment descriptor '/home/anatoly/ros2k_ws/install/xarm_description/share/xarm_description/hook/cmake_prefix_path.dsv'
[6.531s] INFO:colcon.colcon_core.shell:Creating environment hook '/home/anatoly/ros2k_ws/install/xarm_description/share/xarm_description/hook/cmake_prefix_path.sh'
[6.532s] Level 1:colcon.colcon_core.environment:checking '/home/anatoly/ros2k_ws/install/xarm_description/bin'
[6.532s] Level 1:colcon.colcon_core.environment:checking '/home/anatoly/ros2k_ws/install/xarm_description/lib/pkgconfig/xarm_description.pc'
[6.532s] Level 1:colcon.colcon_core.environment:checking '/home/anatoly/ros2k_ws/install/xarm_description/lib/python3.12/site-packages'
[6.532s] Level 1:colcon.colcon_core.environment:checking '/home/anatoly/ros2k_ws/install/xarm_description/bin'
[6.532s] INFO:colcon.colcon_core.shell:Creating package script '/home/anatoly/ros2k_ws/install/xarm_description/share/xarm_description/package.ps1'
[6.533s] INFO:colcon.colcon_core.shell:Creating package descriptor '/home/anatoly/ros2k_ws/install/xarm_description/share/xarm_description/package.dsv'
[6.533s] INFO:colcon.colcon_core.shell:Creating package script '/home/anatoly/ros2k_ws/install/xarm_description/share/xarm_description/package.sh'
[6.533s] INFO:colcon.colcon_core.shell:Creating package script '/home/anatoly/ros2k_ws/install/xarm_description/share/xarm_description/package.bash'
[6.534s] INFO:colcon.colcon_core.shell:Creating package script '/home/anatoly/ros2k_ws/install/xarm_description/share/xarm_description/package.zsh'
[6.534s] Level 1:colcon.colcon_core.environment:create_file_with_runtime_dependencies(/home/anatoly/ros2k_ws/install/xarm_description/share/colcon-core/packages/xarm_description)
[7.696s] DEBUG:colcon.colcon_core.event_handler.log_command:Invoked command in '/home/anatoly/ros2k_ws/build/xarm_sdk' returned '0': CMAKE_PREFIX_PATH=${CMAKE_PREFIX_PATH}:/opt/ros/kilted DEBUGINFOD_URLS=https://debuginfod.ubuntu.com /usr/bin/cmake --build /home/anatoly/ros2k_ws/build/xarm_sdk -- -j12 -l12
[7.697s] DEBUG:colcon.colcon_core.event_handler.log_command:Invoking command in '/home/anatoly/ros2k_ws/build/xarm_sdk': CMAKE_PREFIX_PATH=${CMAKE_PREFIX_PATH}:/opt/ros/kilted DEBUGINFOD_URLS=https://debuginfod.ubuntu.com /usr/bin/cmake --install /home/anatoly/ros2k_ws/build/xarm_sdk
[8.306s] Level 1:colcon.colcon_core.environment:create_environment_scripts_only(xarm_sdk)
[8.306s] DEBUG:colcon.colcon_core.event_handler.log_command:Invoked command in '/home/anatoly/ros2k_ws/build/xarm_sdk' returned '0': CMAKE_PREFIX_PATH=${CMAKE_PREFIX_PATH}:/opt/ros/kilted DEBUGINFOD_URLS=https://debuginfod.ubuntu.com /usr/bin/cmake --install /home/anatoly/ros2k_ws/build/xarm_sdk
[8.306s] Level 1:colcon.colcon_core.environment:checking '/home/anatoly/ros2k_ws/install/xarm_sdk' for CMake module files
[8.307s] Level 1:colcon.colcon_core.environment:checking '/home/anatoly/ros2k_ws/install/xarm_sdk' for CMake config files
[8.308s] Level 1:colcon.colcon_core.shell:create_environment_hook('xarm_sdk', 'cmake_prefix_path')
[8.308s] INFO:colcon.colcon_core.shell:Creating environment hook '/home/anatoly/ros2k_ws/install/xarm_sdk/share/xarm_sdk/hook/cmake_prefix_path.ps1'
[8.309s] INFO:colcon.colcon_core.shell:Creating environment descriptor '/home/anatoly/ros2k_ws/install/xarm_sdk/share/xarm_sdk/hook/cmake_prefix_path.dsv'
[8.309s] INFO:colcon.colcon_core.shell:Creating environment hook '/home/anatoly/ros2k_ws/install/xarm_sdk/share/xarm_sdk/hook/cmake_prefix_path.sh'
[8.309s] Level 1:colcon.colcon_core.environment:checking '/home/anatoly/ros2k_ws/install/xarm_sdk/lib'
[8.309s] Level 1:colcon.colcon_core.shell:create_environment_hook('xarm_sdk', 'ld_library_path_lib')
[8.309s] INFO:colcon.colcon_core.shell:Creating environment hook '/home/anatoly/ros2k_ws/install/xarm_sdk/share/xarm_sdk/hook/ld_library_path_lib.ps1'
[8.310s] INFO:colcon.colcon_core.shell:Creating environment descriptor '/home/anatoly/ros2k_ws/install/xarm_sdk/share/xarm_sdk/hook/ld_library_path_lib.dsv'
[8.310s] INFO:colcon.colcon_core.shell:Creating environment hook '/home/anatoly/ros2k_ws/install/xarm_sdk/share/xarm_sdk/hook/ld_library_path_lib.sh'
[8.310s] Level 1:colcon.colcon_core.environment:checking '/home/anatoly/ros2k_ws/install/xarm_sdk/bin'
[8.310s] Level 1:colcon.colcon_core.environment:checking '/home/anatoly/ros2k_ws/install/xarm_sdk/lib/pkgconfig/xarm_sdk.pc'
[8.310s] Level 1:colcon.colcon_core.environment:checking '/home/anatoly/ros2k_ws/install/xarm_sdk/lib/python3.12/site-packages'
[8.311s] Level 1:colcon.colcon_core.environment:checking '/home/anatoly/ros2k_ws/install/xarm_sdk/bin'
[8.311s] INFO:colcon.colcon_core.shell:Creating package script '/home/anatoly/ros2k_ws/install/xarm_sdk/share/xarm_sdk/package.ps1'
[8.311s] INFO:colcon.colcon_core.shell:Creating package descriptor '/home/anatoly/ros2k_ws/install/xarm_sdk/share/xarm_sdk/package.dsv'
[8.311s] INFO:colcon.colcon_core.shell:Creating package script '/home/anatoly/ros2k_ws/install/xarm_sdk/share/xarm_sdk/package.sh'
[8.312s] INFO:colcon.colcon_core.shell:Creating package script '/home/anatoly/ros2k_ws/install/xarm_sdk/share/xarm_sdk/package.bash'
[8.312s] INFO:colcon.colcon_core.shell:Creating package script '/home/anatoly/ros2k_ws/install/xarm_sdk/share/xarm_sdk/package.zsh'
[8.312s] Level 1:colcon.colcon_core.environment:create_file_with_runtime_dependencies(/home/anatoly/ros2k_ws/install/xarm_sdk/share/colcon-core/packages/xarm_sdk)
[8.312s] Level 1:colcon.colcon_core.environment:create_environment_scripts_only(xarm_sdk)
[8.313s] Level 1:colcon.colcon_core.environment:checking '/home/anatoly/ros2k_ws/install/xarm_sdk' for CMake module files
[8.313s] Level 1:colcon.colcon_core.environment:checking '/home/anatoly/ros2k_ws/install/xarm_sdk' for CMake config files
[8.313s] Level 1:colcon.colcon_core.shell:create_environment_hook('xarm_sdk', 'cmake_prefix_path')
[8.314s] INFO:colcon.colcon_core.shell:Creating environment hook '/home/anatoly/ros2k_ws/install/xarm_sdk/share/xarm_sdk/hook/cmake_prefix_path.ps1'
[8.314s] INFO:colcon.colcon_core.shell:Creating environment descriptor '/home/anatoly/ros2k_ws/install/xarm_sdk/share/xarm_sdk/hook/cmake_prefix_path.dsv'
[8.314s] INFO:colcon.colcon_core.shell:Creating environment hook '/home/anatoly/ros2k_ws/install/xarm_sdk/share/xarm_sdk/hook/cmake_prefix_path.sh'
[8.314s] Level 1:colcon.colcon_core.environment:checking '/home/anatoly/ros2k_ws/install/xarm_sdk/lib'
[8.314s] Level 1:colcon.colcon_core.shell:create_environment_hook('xarm_sdk', 'ld_library_path_lib')
[8.315s] INFO:colcon.colcon_core.shell:Creating environment hook '/home/anatoly/ros2k_ws/install/xarm_sdk/share/xarm_sdk/hook/ld_library_path_lib.ps1'
[8.315s] INFO:colcon.colcon_core.shell:Creating environment descriptor '/home/anatoly/ros2k_ws/install/xarm_sdk/share/xarm_sdk/hook/ld_library_path_lib.dsv'
[8.315s] INFO:colcon.colcon_core.shell:Creating environment hook '/home/anatoly/ros2k_ws/install/xarm_sdk/share/xarm_sdk/hook/ld_library_path_lib.sh'
[8.315s] Level 1:colcon.colcon_core.environment:checking '/home/anatoly/ros2k_ws/install/xarm_sdk/bin'
[8.315s] Level 1:colcon.colcon_core.environment:checking '/home/anatoly/ros2k_ws/install/xarm_sdk/lib/pkgconfig/xarm_sdk.pc'
[8.315s] Level 1:colcon.colcon_core.environment:checking '/home/anatoly/ros2k_ws/install/xarm_sdk/lib/python3.12/site-packages'
[8.316s] Level 1:colcon.colcon_core.environment:checking '/home/anatoly/ros2k_ws/install/xarm_sdk/bin'
[8.316s] INFO:colcon.colcon_core.shell:Creating package script '/home/anatoly/ros2k_ws/install/xarm_sdk/share/xarm_sdk/package.ps1'
[8.316s] INFO:colcon.colcon_core.shell:Creating package descriptor '/home/anatoly/ros2k_ws/install/xarm_sdk/share/xarm_sdk/package.dsv'
[8.317s] INFO:colcon.colcon_core.shell:Creating package script '/home/anatoly/ros2k_ws/install/xarm_sdk/share/xarm_sdk/package.sh'
[8.317s] INFO:colcon.colcon_core.shell:Creating package script '/home/anatoly/ros2k_ws/install/xarm_sdk/share/xarm_sdk/package.bash'
[8.317s] INFO:colcon.colcon_core.shell:Creating package script '/home/anatoly/ros2k_ws/install/xarm_sdk/share/xarm_sdk/package.zsh'
[8.317s] Level 1:colcon.colcon_core.environment:create_file_with_runtime_dependencies(/home/anatoly/ros2k_ws/install/xarm_sdk/share/colcon-core/packages/xarm_sdk)
[15.622s] DEBUG:colcon.colcon_core.event_handler.log_command:Invoked command in '/home/anatoly/ros2k_ws/build/object_recognition_msgs' returned '0': CMAKE_PREFIX_PATH=${CMAKE_PREFIX_PATH}:/opt/ros/kilted DEBUGINFOD_URLS=https://debuginfod.ubuntu.com /usr/bin/cmake --build /home/anatoly/ros2k_ws/build/object_recognition_msgs -- -j12 -l12
[15.623s] DEBUG:colcon.colcon_core.event_handler.log_command:Invoking command in '/home/anatoly/ros2k_ws/build/object_recognition_msgs': CMAKE_PREFIX_PATH=${CMAKE_PREFIX_PATH}:/opt/ros/kilted DEBUGINFOD_URLS=https://debuginfod.ubuntu.com /usr/bin/cmake --install /home/anatoly/ros2k_ws/build/object_recognition_msgs
[18.916s] Level 1:colcon.colcon_core.environment:create_environment_scripts_only(object_recognition_msgs)
[18.916s] DEBUG:colcon.colcon_core.event_handler.log_command:Invoked command in '/home/anatoly/ros2k_ws/build/object_recognition_msgs' returned '0': CMAKE_PREFIX_PATH=${CMAKE_PREFIX_PATH}:/opt/ros/kilted DEBUGINFOD_URLS=https://debuginfod.ubuntu.com /usr/bin/cmake --install /home/anatoly/ros2k_ws/build/object_recognition_msgs
[18.917s] Level 1:colcon.colcon_core.environment:checking '/home/anatoly/ros2k_ws/install/object_recognition_msgs' for CMake module files
[18.918s] Level 1:colcon.colcon_core.environment:checking '/home/anatoly/ros2k_ws/install/object_recognition_msgs' for CMake config files
[18.918s] Level 1:colcon.colcon_core.shell:create_environment_hook('object_recognition_msgs', 'cmake_prefix_path')
[18.918s] INFO:colcon.colcon_core.shell:Creating environment hook '/home/anatoly/ros2k_ws/install/object_recognition_msgs/share/object_recognition_msgs/hook/cmake_prefix_path.ps1'
[18.919s] INFO:colcon.colcon_core.shell:Creating environment descriptor '/home/anatoly/ros2k_ws/install/object_recognition_msgs/share/object_recognition_msgs/hook/cmake_prefix_path.dsv'
[18.919s] INFO:colcon.colcon_core.shell:Creating environment hook '/home/anatoly/ros2k_ws/install/object_recognition_msgs/share/object_recognition_msgs/hook/cmake_prefix_path.sh'
[18.920s] Level 1:colcon.colcon_core.environment:checking '/home/anatoly/ros2k_ws/install/object_recognition_msgs/lib'
[18.920s] Level 1:colcon.colcon_core.shell:create_environment_hook('object_recognition_msgs', 'ld_library_path_lib')
[18.920s] INFO:colcon.colcon_core.shell:Creating environment hook '/home/anatoly/ros2k_ws/install/object_recognition_msgs/share/object_recognition_msgs/hook/ld_library_path_lib.ps1'
[18.920s] INFO:colcon.colcon_core.shell:Creating environment descriptor '/home/anatoly/ros2k_ws/install/object_recognition_msgs/share/object_recognition_msgs/hook/ld_library_path_lib.dsv'
[18.921s] INFO:colcon.colcon_core.shell:Creating environment hook '/home/anatoly/ros2k_ws/install/object_recognition_msgs/share/object_recognition_msgs/hook/ld_library_path_lib.sh'
[18.921s] Level 1:colcon.colcon_core.environment:checking '/home/anatoly/ros2k_ws/install/object_recognition_msgs/bin'
[18.921s] Level 1:colcon.colcon_core.environment:checking '/home/anatoly/ros2k_ws/install/object_recognition_msgs/lib/pkgconfig/object_recognition_msgs.pc'
[18.921s] Level 1:colcon.colcon_core.environment:checking '/home/anatoly/ros2k_ws/install/object_recognition_msgs/lib/python3.12/site-packages'
[18.921s] Level 1:colcon.colcon_core.shell:create_environment_hook('object_recognition_msgs', 'pythonpath')
[18.922s] INFO:colcon.colcon_core.shell:Creating environment hook '/home/anatoly/ros2k_ws/install/object_recognition_msgs/share/object_recognition_msgs/hook/pythonpath.ps1'
[18.922s] INFO:colcon.colcon_core.shell:Creating environment descriptor '/home/anatoly/ros2k_ws/install/object_recognition_msgs/share/object_recognition_msgs/hook/pythonpath.dsv'
[18.922s] INFO:colcon.colcon_core.shell:Creating environment hook '/home/anatoly/ros2k_ws/install/object_recognition_msgs/share/object_recognition_msgs/hook/pythonpath.sh'
[18.923s] Level 1:colcon.colcon_core.environment:checking '/home/anatoly/ros2k_ws/install/object_recognition_msgs/bin'
[18.923s] INFO:colcon.colcon_core.shell:Creating package script '/home/anatoly/ros2k_ws/install/object_recognition_msgs/share/object_recognition_msgs/package.ps1'
[18.924s] INFO:colcon.colcon_core.shell:Creating package descriptor '/home/anatoly/ros2k_ws/install/object_recognition_msgs/share/object_recognition_msgs/package.dsv'
[18.924s] INFO:colcon.colcon_core.shell:Creating package script '/home/anatoly/ros2k_ws/install/object_recognition_msgs/share/object_recognition_msgs/package.sh'
[18.925s] INFO:colcon.colcon_core.shell:Creating package script '/home/anatoly/ros2k_ws/install/object_recognition_msgs/share/object_recognition_msgs/package.bash'
[18.925s] INFO:colcon.colcon_core.shell:Creating package script '/home/anatoly/ros2k_ws/install/object_recognition_msgs/share/object_recognition_msgs/package.zsh'
[18.925s] Level 1:colcon.colcon_core.environment:create_file_with_runtime_dependencies(/home/anatoly/ros2k_ws/install/object_recognition_msgs/share/colcon-core/packages/object_recognition_msgs)
[18.926s] Level 1:colcon.colcon_core.environment:create_environment_scripts_only(object_recognition_msgs)
[18.926s] Level 1:colcon.colcon_core.environment:checking '/home/anatoly/ros2k_ws/install/object_recognition_msgs' for CMake module files
[18.927s] Level 1:colcon.colcon_core.environment:checking '/home/anatoly/ros2k_ws/install/object_recognition_msgs' for CMake config files
[18.927s] Level 1:colcon.colcon_core.shell:create_environment_hook('object_recognition_msgs', 'cmake_prefix_path')
[18.928s] INFO:colcon.colcon_core.shell:Creating environment hook '/home/anatoly/ros2k_ws/install/object_recognition_msgs/share/object_recognition_msgs/hook/cmake_prefix_path.ps1'
[18.928s] INFO:colcon.colcon_core.shell:Creating environment descriptor '/home/anatoly/ros2k_ws/install/object_recognition_msgs/share/object_recognition_msgs/hook/cmake_prefix_path.dsv'
[18.928s] INFO:colcon.colcon_core.shell:Creating environment hook '/home/anatoly/ros2k_ws/install/object_recognition_msgs/share/object_recognition_msgs/hook/cmake_prefix_path.sh'
[18.929s] Level 1:colcon.colcon_core.environment:checking '/home/anatoly/ros2k_ws/install/object_recognition_msgs/lib'
[18.929s] Level 1:colcon.colcon_core.shell:create_environment_hook('object_recognition_msgs', 'ld_library_path_lib')
[18.929s] INFO:colcon.colcon_core.shell:Creating environment hook '/home/anatoly/ros2k_ws/install/object_recognition_msgs/share/object_recognition_msgs/hook/ld_library_path_lib.ps1'
[18.930s] INFO:colcon.colcon_core.shell:Creating environment descriptor '/home/anatoly/ros2k_ws/install/object_recognition_msgs/share/object_recognition_msgs/hook/ld_library_path_lib.dsv'
[18.930s] INFO:colcon.colcon_core.shell:Creating environment hook '/home/anatoly/ros2k_ws/install/object_recognition_msgs/share/object_recognition_msgs/hook/ld_library_path_lib.sh'
[18.930s] Level 1:colcon.colcon_core.environment:checking '/home/anatoly/ros2k_ws/install/object_recognition_msgs/bin'
[18.930s] Level 1:colcon.colcon_core.environment:checking '/home/anatoly/ros2k_ws/install/object_recognition_msgs/lib/pkgconfig/object_recognition_msgs.pc'
[18.931s] Level 1:colcon.colcon_core.environment:checking '/home/anatoly/ros2k_ws/install/object_recognition_msgs/lib/python3.12/site-packages'
[18.931s] Level 1:colcon.colcon_core.shell:create_environment_hook('object_recognition_msgs', 'pythonpath')
[18.931s] INFO:colcon.colcon_core.shell:Creating environment hook '/home/anatoly/ros2k_ws/install/object_recognition_msgs/share/object_recognition_msgs/hook/pythonpath.ps1'
[18.931s] INFO:colcon.colcon_core.shell:Creating environment descriptor '/home/anatoly/ros2k_ws/install/object_recognition_msgs/share/object_recognition_msgs/hook/pythonpath.dsv'
[18.931s] INFO:colcon.colcon_core.shell:Creating environment hook '/home/anatoly/ros2k_ws/install/object_recognition_msgs/share/object_recognition_msgs/hook/pythonpath.sh'
[18.932s] Level 1:colcon.colcon_core.environment:checking '/home/anatoly/ros2k_ws/install/object_recognition_msgs/bin'
[18.932s] INFO:colcon.colcon_core.shell:Creating package script '/home/anatoly/ros2k_ws/install/object_recognition_msgs/share/object_recognition_msgs/package.ps1'
[18.933s] INFO:colcon.colcon_core.shell:Creating package descriptor '/home/anatoly/ros2k_ws/install/object_recognition_msgs/share/object_recognition_msgs/package.dsv'
[18.934s] INFO:colcon.colcon_core.shell:Creating package script '/home/anatoly/ros2k_ws/install/object_recognition_msgs/share/object_recognition_msgs/package.sh'
[18.935s] INFO:colcon.colcon_core.shell:Creating package script '/home/anatoly/ros2k_ws/install/object_recognition_msgs/share/object_recognition_msgs/package.bash'
[18.935s] INFO:colcon.colcon_core.shell:Creating package script '/home/anatoly/ros2k_ws/install/object_recognition_msgs/share/object_recognition_msgs/package.zsh'
[18.935s] Level 1:colcon.colcon_core.environment:create_file_with_runtime_dependencies(/home/anatoly/ros2k_ws/install/object_recognition_msgs/share/colcon-core/packages/object_recognition_msgs)
[52.952s] DEBUG:colcon.colcon_core.event_handler.log_command:Invoked command in '/home/anatoly/ros2k_ws/build/xarm_msgs' returned '0': CMAKE_PREFIX_PATH=${CMAKE_PREFIX_PATH}:/opt/ros/kilted DEBUGINFOD_URLS=https://debuginfod.ubuntu.com /usr/bin/cmake --build /home/anatoly/ros2k_ws/build/xarm_msgs -- -j12 -l12
[52.953s] DEBUG:colcon.colcon_core.event_handler.log_command:Invoking command in '/home/anatoly/ros2k_ws/build/xarm_msgs': CMAKE_PREFIX_PATH=${CMAKE_PREFIX_PATH}:/opt/ros/kilted DEBUGINFOD_URLS=https://debuginfod.ubuntu.com /usr/bin/cmake --install /home/anatoly/ros2k_ws/build/xarm_msgs
[63.981s] Level 1:colcon.colcon_core.environment:create_environment_scripts_only(xarm_msgs)
[63.982s] DEBUG:colcon.colcon_core.event_handler.log_command:Invoked command in '/home/anatoly/ros2k_ws/build/xarm_msgs' returned '0': CMAKE_PREFIX_PATH=${CMAKE_PREFIX_PATH}:/opt/ros/kilted DEBUGINFOD_URLS=https://debuginfod.ubuntu.com /usr/bin/cmake --install /home/anatoly/ros2k_ws/build/xarm_msgs
[63.982s] Level 1:colcon.colcon_core.environment:checking '/home/anatoly/ros2k_ws/install/xarm_msgs' for CMake module files
[63.983s] Level 1:colcon.colcon_core.environment:checking '/home/anatoly/ros2k_ws/install/xarm_msgs' for CMake config files
[63.985s] Level 1:colcon.colcon_core.shell:create_environment_hook('xarm_msgs', 'cmake_prefix_path')
[63.985s] INFO:colcon.colcon_core.shell:Creating environment hook '/home/anatoly/ros2k_ws/install/xarm_msgs/share/xarm_msgs/hook/cmake_prefix_path.ps1'
[63.985s] INFO:colcon.colcon_core.shell:Creating environment descriptor '/home/anatoly/ros2k_ws/install/xarm_msgs/share/xarm_msgs/hook/cmake_prefix_path.dsv'
[63.986s] INFO:colcon.colcon_core.shell:Creating environment hook '/home/anatoly/ros2k_ws/install/xarm_msgs/share/xarm_msgs/hook/cmake_prefix_path.sh'
[63.986s] Level 1:colcon.colcon_core.environment:checking '/home/anatoly/ros2k_ws/install/xarm_msgs/lib'
[63.986s] Level 1:colcon.colcon_core.shell:create_environment_hook('xarm_msgs', 'ld_library_path_lib')
[63.986s] INFO:colcon.colcon_core.shell:Creating environment hook '/home/anatoly/ros2k_ws/install/xarm_msgs/share/xarm_msgs/hook/ld_library_path_lib.ps1'
[63.987s] INFO:colcon.colcon_core.shell:Creating environment descriptor '/home/anatoly/ros2k_ws/install/xarm_msgs/share/xarm_msgs/hook/ld_library_path_lib.dsv'
[63.987s] INFO:colcon.colcon_core.shell:Creating environment hook '/home/anatoly/ros2k_ws/install/xarm_msgs/share/xarm_msgs/hook/ld_library_path_lib.sh'
[63.987s] Level 1:colcon.colcon_core.environment:checking '/home/anatoly/ros2k_ws/install/xarm_msgs/bin'
[63.987s] Level 1:colcon.colcon_core.environment:checking '/home/anatoly/ros2k_ws/install/xarm_msgs/lib/pkgconfig/xarm_msgs.pc'
[63.988s] Level 1:colcon.colcon_core.environment:checking '/home/anatoly/ros2k_ws/install/xarm_msgs/lib/python3.12/site-packages'
[63.988s] Level 1:colcon.colcon_core.shell:create_environment_hook('xarm_msgs', 'pythonpath')
[63.988s] INFO:colcon.colcon_core.shell:Creating environment hook '/home/anatoly/ros2k_ws/install/xarm_msgs/share/xarm_msgs/hook/pythonpath.ps1'
[63.988s] INFO:colcon.colcon_core.shell:Creating environment descriptor '/home/anatoly/ros2k_ws/install/xarm_msgs/share/xarm_msgs/hook/pythonpath.dsv'
[63.988s] INFO:colcon.colcon_core.shell:Creating environment hook '/home/anatoly/ros2k_ws/install/xarm_msgs/share/xarm_msgs/hook/pythonpath.sh'
[63.989s] Level 1:colcon.colcon_core.environment:checking '/home/anatoly/ros2k_ws/install/xarm_msgs/bin'
[63.989s] INFO:colcon.colcon_core.shell:Creating package script '/home/anatoly/ros2k_ws/install/xarm_msgs/share/xarm_msgs/package.ps1'
[63.989s] INFO:colcon.colcon_core.shell:Creating package descriptor '/home/anatoly/ros2k_ws/install/xarm_msgs/share/xarm_msgs/package.dsv'
[63.990s] INFO:colcon.colcon_core.shell:Creating package script '/home/anatoly/ros2k_ws/install/xarm_msgs/share/xarm_msgs/package.sh'
[63.990s] INFO:colcon.colcon_core.shell:Creating package script '/home/anatoly/ros2k_ws/install/xarm_msgs/share/xarm_msgs/package.bash'
[63.990s] INFO:colcon.colcon_core.shell:Creating package script '/home/anatoly/ros2k_ws/install/xarm_msgs/share/xarm_msgs/package.zsh'
[63.991s] Level 1:colcon.colcon_core.environment:create_file_with_runtime_dependencies(/home/anatoly/ros2k_ws/install/xarm_msgs/share/colcon-core/packages/xarm_msgs)
[63.991s] Level 1:colcon.colcon_core.environment:create_environment_scripts_only(xarm_msgs)
[63.991s] Level 1:colcon.colcon_core.environment:checking '/home/anatoly/ros2k_ws/install/xarm_msgs' for CMake module files
[63.992s] Level 1:colcon.colcon_core.environment:checking '/home/anatoly/ros2k_ws/install/xarm_msgs' for CMake config files
[63.993s] Level 1:colcon.colcon_core.shell:create_environment_hook('xarm_msgs', 'cmake_prefix_path')
[63.993s] INFO:colcon.colcon_core.shell:Creating environment hook '/home/anatoly/ros2k_ws/install/xarm_msgs/share/xarm_msgs/hook/cmake_prefix_path.ps1'
[63.994s] INFO:colcon.colcon_core.shell:Creating environment descriptor '/home/anatoly/ros2k_ws/install/xarm_msgs/share/xarm_msgs/hook/cmake_prefix_path.dsv'
[63.994s] INFO:colcon.colcon_core.shell:Creating environment hook '/home/anatoly/ros2k_ws/install/xarm_msgs/share/xarm_msgs/hook/cmake_prefix_path.sh'
[63.994s] Level 1:colcon.colcon_core.environment:checking '/home/anatoly/ros2k_ws/install/xarm_msgs/lib'
[63.995s] Level 1:colcon.colcon_core.shell:create_environment_hook('xarm_msgs', 'ld_library_path_lib')
[63.995s] INFO:colcon.colcon_core.shell:Creating environment hook '/home/anatoly/ros2k_ws/install/xarm_msgs/share/xarm_msgs/hook/ld_library_path_lib.ps1'
[63.995s] INFO:colcon.colcon_core.shell:Creating environment descriptor '/home/anatoly/ros2k_ws/install/xarm_msgs/share/xarm_msgs/hook/ld_library_path_lib.dsv'
[63.995s] INFO:colcon.colcon_core.shell:Creating environment hook '/home/anatoly/ros2k_ws/install/xarm_msgs/share/xarm_msgs/hook/ld_library_path_lib.sh'
[63.995s] Level 1:colcon.colcon_core.environment:checking '/home/anatoly/ros2k_ws/install/xarm_msgs/bin'
[63.995s] Level 1:colcon.colcon_core.environment:checking '/home/anatoly/ros2k_ws/install/xarm_msgs/lib/pkgconfig/xarm_msgs.pc'
[63.996s] Level 1:colcon.colcon_core.environment:checking '/home/anatoly/ros2k_ws/install/xarm_msgs/lib/python3.12/site-packages'
[63.996s] Level 1:colcon.colcon_core.shell:create_environment_hook('xarm_msgs', 'pythonpath')
[63.996s] INFO:colcon.colcon_core.shell:Creating environment hook '/home/anatoly/ros2k_ws/install/xarm_msgs/share/xarm_msgs/hook/pythonpath.ps1'
[63.996s] INFO:colcon.colcon_core.shell:Creating environment descriptor '/home/anatoly/ros2k_ws/install/xarm_msgs/share/xarm_msgs/hook/pythonpath.dsv'
[63.996s] INFO:colcon.colcon_core.shell:Creating environment hook '/home/anatoly/ros2k_ws/install/xarm_msgs/share/xarm_msgs/hook/pythonpath.sh'
[63.997s] Level 1:colcon.colcon_core.environment:checking '/home/anatoly/ros2k_ws/install/xarm_msgs/bin'
[63.997s] INFO:colcon.colcon_core.shell:Creating package script '/home/anatoly/ros2k_ws/install/xarm_msgs/share/xarm_msgs/package.ps1'
[63.998s] INFO:colcon.colcon_core.shell:Creating package descriptor '/home/anatoly/ros2k_ws/install/xarm_msgs/share/xarm_msgs/package.dsv'
[63.998s] INFO:colcon.colcon_core.shell:Creating package script '/home/anatoly/ros2k_ws/install/xarm_msgs/share/xarm_msgs/package.sh'
[63.998s] INFO:colcon.colcon_core.shell:Creating package script '/home/anatoly/ros2k_ws/install/xarm_msgs/share/xarm_msgs/package.bash'
[63.999s] INFO:colcon.colcon_core.shell:Creating package script '/home/anatoly/ros2k_ws/install/xarm_msgs/share/xarm_msgs/package.zsh'
[63.999s] Level 1:colcon.colcon_core.environment:create_file_with_runtime_dependencies(/home/anatoly/ros2k_ws/install/xarm_msgs/share/colcon-core/packages/xarm_msgs)
[63.999s] INFO:colcon.colcon_ros.task.ament_cmake.build:Building ROS package in '/home/anatoly/ros2k_ws/src/xarm_ros2/xarm_api' with build type 'ament_cmake'
[64.000s] INFO:colcon.colcon_cmake.task.cmake.build:Building CMake package in '/home/anatoly/ros2k_ws/src/xarm_ros2/xarm_api'
[64.000s] INFO:colcon.colcon_core.shell:Skip shell extension 'powershell' for command environment: Not usable outside of PowerShell
[64.000s] DEBUG:colcon.colcon_core.shell:Skip shell extension 'dsv' for command environment
[64.013s] DEBUG:colcon.colcon_core.event_handler.log_command:Invoking command in '/home/anatoly/ros2k_ws/build/xarm_api': AMENT_PREFIX_PATH=/home/anatoly/ros2k_ws/install/xarm_sdk:/home/anatoly/ros2k_ws/install/xarm_msgs:/home/anatoly/ros2k_ws/install/xarm_description:${AMENT_PREFIX_PATH} CMAKE_PREFIX_PATH=/home/anatoly/ros2k_ws/install/xarm_sdk:/home/anatoly/ros2k_ws/install/xarm_msgs:/home/anatoly/ros2k_ws/install/xarm_description:/opt/ros/kilted/opt/gz_sim_vendor:/opt/ros/kilted/opt/gz_sensors_vendor:/opt/ros/kilted/opt/gz_physics_vendor:/opt/ros/kilted/opt/sdformat_vendor:/opt/ros/kilted/opt/gz_gui_vendor:/opt/ros/kilted/opt/gz_transport_vendor:/opt/ros/kilted/opt/gz_rendering_vendor:/opt/ros/kilted/opt/gz_plugin_vendor:/opt/ros/kilted/opt/gz_fuel_tools_vendor:/opt/ros/kilted/opt/gz_msgs_vendor:/opt/ros/kilted/opt/gz_common_vendor:/opt/ros/kilted/opt/gz_math_vendor:/opt/ros/kilted/opt/gz_utils_vendor:/opt/ros/kilted/opt/gz_tools_vendor:/opt/ros/kilted/opt/gz_ogre_next_vendor:/opt/ros/kilted/opt/gz_dartsim_vendor:/opt/ros/kilted/opt/gz_cmake_vendor:/opt/ros/kilted DEBUGINFOD_URLS=https://debuginfod.ubuntu.com LD_LIBRARY_PATH=/home/anatoly/ros2k_ws/install/xarm_sdk/lib:/home/anatoly/ros2k_ws/install/xarm_msgs/lib:${LD_LIBRARY_PATH} PYTHONPATH=/home/anatoly/ros2k_ws/install/xarm_msgs/lib/python3.12/site-packages:${PYTHONPATH} /usr/bin/cmake /home/anatoly/ros2k_ws/src/xarm_ros2/xarm_api -DCMAKE_BUILD_TYPE=Release -DAMENT_CMAKE_SYMLINK_INSTALL=1 -DCMAKE_INSTALL_PREFIX=/home/anatoly/ros2k_ws/install/xarm_api
[65.626s] DEBUG:colcon.colcon_core.event_handler.log_command:Invoked command in '/home/anatoly/ros2k_ws/build/xarm_api' returned '0': AMENT_PREFIX_PATH=/home/anatoly/ros2k_ws/install/xarm_sdk:/home/anatoly/ros2k_ws/install/xarm_msgs:/home/anatoly/ros2k_ws/install/xarm_description:${AMENT_PREFIX_PATH} CMAKE_PREFIX_PATH=/home/anatoly/ros2k_ws/install/xarm_sdk:/home/anatoly/ros2k_ws/install/xarm_msgs:/home/anatoly/ros2k_ws/install/xarm_description:/opt/ros/kilted/opt/gz_sim_vendor:/opt/ros/kilted/opt/gz_sensors_vendor:/opt/ros/kilted/opt/gz_physics_vendor:/opt/ros/kilted/opt/sdformat_vendor:/opt/ros/kilted/opt/gz_gui_vendor:/opt/ros/kilted/opt/gz_transport_vendor:/opt/ros/kilted/opt/gz_rendering_vendor:/opt/ros/kilted/opt/gz_plugin_vendor:/opt/ros/kilted/opt/gz_fuel_tools_vendor:/opt/ros/kilted/opt/gz_msgs_vendor:/opt/ros/kilted/opt/gz_common_vendor:/opt/ros/kilted/opt/gz_math_vendor:/opt/ros/kilted/opt/gz_utils_vendor:/opt/ros/kilted/opt/gz_tools_vendor:/opt/ros/kilted/opt/gz_ogre_next_vendor:/opt/ros/kilted/opt/gz_dartsim_vendor:/opt/ros/kilted/opt/gz_cmake_vendor:/opt/ros/kilted DEBUGINFOD_URLS=https://debuginfod.ubuntu.com LD_LIBRARY_PATH=/home/anatoly/ros2k_ws/install/xarm_sdk/lib:/home/anatoly/ros2k_ws/install/xarm_msgs/lib:${LD_LIBRARY_PATH} PYTHONPATH=/home/anatoly/ros2k_ws/install/xarm_msgs/lib/python3.12/site-packages:${PYTHONPATH} /usr/bin/cmake /home/anatoly/ros2k_ws/src/xarm_ros2/xarm_api -DCMAKE_BUILD_TYPE=Release -DAMENT_CMAKE_SYMLINK_INSTALL=1 -DCMAKE_INSTALL_PREFIX=/home/anatoly/ros2k_ws/install/xarm_api
[65.627s] DEBUG:colcon.colcon_core.event_handler.log_command:Invoking command in '/home/anatoly/ros2k_ws/build/xarm_api': AMENT_PREFIX_PATH=/home/anatoly/ros2k_ws/install/xarm_sdk:/home/anatoly/ros2k_ws/install/xarm_msgs:/home/anatoly/ros2k_ws/install/xarm_description:${AMENT_PREFIX_PATH} CMAKE_PREFIX_PATH=/home/anatoly/ros2k_ws/install/xarm_sdk:/home/anatoly/ros2k_ws/install/xarm_msgs:/home/anatoly/ros2k_ws/install/xarm_description:/opt/ros/kilted/opt/gz_sim_vendor:/opt/ros/kilted/opt/gz_sensors_vendor:/opt/ros/kilted/opt/gz_physics_vendor:/opt/ros/kilted/opt/sdformat_vendor:/opt/ros/kilted/opt/gz_gui_vendor:/opt/ros/kilted/opt/gz_transport_vendor:/opt/ros/kilted/opt/gz_rendering_vendor:/opt/ros/kilted/opt/gz_plugin_vendor:/opt/ros/kilted/opt/gz_fuel_tools_vendor:/opt/ros/kilted/opt/gz_msgs_vendor:/opt/ros/kilted/opt/gz_common_vendor:/opt/ros/kilted/opt/gz_math_vendor:/opt/ros/kilted/opt/gz_utils_vendor:/opt/ros/kilted/opt/gz_tools_vendor:/opt/ros/kilted/opt/gz_ogre_next_vendor:/opt/ros/kilted/opt/gz_dartsim_vendor:/opt/ros/kilted/opt/gz_cmake_vendor:/opt/ros/kilted DEBUGINFOD_URLS=https://debuginfod.ubuntu.com LD_LIBRARY_PATH=/home/anatoly/ros2k_ws/install/xarm_sdk/lib:/home/anatoly/ros2k_ws/install/xarm_msgs/lib:${LD_LIBRARY_PATH} PYTHONPATH=/home/anatoly/ros2k_ws/install/xarm_msgs/lib/python3.12/site-packages:${PYTHONPATH} /usr/bin/cmake --build /home/anatoly/ros2k_ws/build/xarm_api -- -j12 -l12
[108.854s] DEBUG:colcon.colcon_core.event_handler.log_command:Invoked command in '/home/anatoly/ros2k_ws/build/xarm_api' returned '0': AMENT_PREFIX_PATH=/home/anatoly/ros2k_ws/install/xarm_sdk:/home/anatoly/ros2k_ws/install/xarm_msgs:/home/anatoly/ros2k_ws/install/xarm_description:${AMENT_PREFIX_PATH} CMAKE_PREFIX_PATH=/home/anatoly/ros2k_ws/install/xarm_sdk:/home/anatoly/ros2k_ws/install/xarm_msgs:/home/anatoly/ros2k_ws/install/xarm_description:/opt/ros/kilted/opt/gz_sim_vendor:/opt/ros/kilted/opt/gz_sensors_vendor:/opt/ros/kilted/opt/gz_physics_vendor:/opt/ros/kilted/opt/sdformat_vendor:/opt/ros/kilted/opt/gz_gui_vendor:/opt/ros/kilted/opt/gz_transport_vendor:/opt/ros/kilted/opt/gz_rendering_vendor:/opt/ros/kilted/opt/gz_plugin_vendor:/opt/ros/kilted/opt/gz_fuel_tools_vendor:/opt/ros/kilted/opt/gz_msgs_vendor:/opt/ros/kilted/opt/gz_common_vendor:/opt/ros/kilted/opt/gz_math_vendor:/opt/ros/kilted/opt/gz_utils_vendor:/opt/ros/kilted/opt/gz_tools_vendor:/opt/ros/kilted/opt/gz_ogre_next_vendor:/opt/ros/kilted/opt/gz_dartsim_vendor:/opt/ros/kilted/opt/gz_cmake_vendor:/opt/ros/kilted DEBUGINFOD_URLS=https://debuginfod.ubuntu.com LD_LIBRARY_PATH=/home/anatoly/ros2k_ws/install/xarm_sdk/lib:/home/anatoly/ros2k_ws/install/xarm_msgs/lib:${LD_LIBRARY_PATH} PYTHONPATH=/home/anatoly/ros2k_ws/install/xarm_msgs/lib/python3.12/site-packages:${PYTHONPATH} /usr/bin/cmake --build /home/anatoly/ros2k_ws/build/xarm_api -- -j12 -l12
[108.855s] DEBUG:colcon.colcon_core.event_handler.log_command:Invoking command in '/home/anatoly/ros2k_ws/build/xarm_api': AMENT_PREFIX_PATH=/home/anatoly/ros2k_ws/install/xarm_sdk:/home/anatoly/ros2k_ws/install/xarm_msgs:/home/anatoly/ros2k_ws/install/xarm_description:${AMENT_PREFIX_PATH} CMAKE_PREFIX_PATH=/home/anatoly/ros2k_ws/install/xarm_sdk:/home/anatoly/ros2k_ws/install/xarm_msgs:/home/anatoly/ros2k_ws/install/xarm_description:/opt/ros/kilted/opt/gz_sim_vendor:/opt/ros/kilted/opt/gz_sensors_vendor:/opt/ros/kilted/opt/gz_physics_vendor:/opt/ros/kilted/opt/sdformat_vendor:/opt/ros/kilted/opt/gz_gui_vendor:/opt/ros/kilted/opt/gz_transport_vendor:/opt/ros/kilted/opt/gz_rendering_vendor:/opt/ros/kilted/opt/gz_plugin_vendor:/opt/ros/kilted/opt/gz_fuel_tools_vendor:/opt/ros/kilted/opt/gz_msgs_vendor:/opt/ros/kilted/opt/gz_common_vendor:/opt/ros/kilted/opt/gz_math_vendor:/opt/ros/kilted/opt/gz_utils_vendor:/opt/ros/kilted/opt/gz_tools_vendor:/opt/ros/kilted/opt/gz_ogre_next_vendor:/opt/ros/kilted/opt/gz_dartsim_vendor:/opt/ros/kilted/opt/gz_cmake_vendor:/opt/ros/kilted DEBUGINFOD_URLS=https://debuginfod.ubuntu.com LD_LIBRARY_PATH=/home/anatoly/ros2k_ws/install/xarm_sdk/lib:/home/anatoly/ros2k_ws/install/xarm_msgs/lib:${LD_LIBRARY_PATH} PYTHONPATH=/home/anatoly/ros2k_ws/install/xarm_msgs/lib/python3.12/site-packages:${PYTHONPATH} /usr/bin/cmake --install /home/anatoly/ros2k_ws/build/xarm_api
[109.255s] Level 1:colcon.colcon_core.environment:create_environment_scripts_only(xarm_api)
[109.255s] Level 1:colcon.colcon_core.environment:checking '/home/anatoly/ros2k_ws/install/xarm_api' for CMake module files
[109.255s] DEBUG:colcon.colcon_core.event_handler.log_command:Invoked command in '/home/anatoly/ros2k_ws/build/xarm_api' returned '0': AMENT_PREFIX_PATH=/home/anatoly/ros2k_ws/install/xarm_sdk:/home/anatoly/ros2k_ws/install/xarm_msgs:/home/anatoly/ros2k_ws/install/xarm_description:${AMENT_PREFIX_PATH} CMAKE_PREFIX_PATH=/home/anatoly/ros2k_ws/install/xarm_sdk:/home/anatoly/ros2k_ws/install/xarm_msgs:/home/anatoly/ros2k_ws/install/xarm_description:/opt/ros/kilted/opt/gz_sim_vendor:/opt/ros/kilted/opt/gz_sensors_vendor:/opt/ros/kilted/opt/gz_physics_vendor:/opt/ros/kilted/opt/sdformat_vendor:/opt/ros/kilted/opt/gz_gui_vendor:/opt/ros/kilted/opt/gz_transport_vendor:/opt/ros/kilted/opt/gz_rendering_vendor:/opt/ros/kilted/opt/gz_plugin_vendor:/opt/ros/kilted/opt/gz_fuel_tools_vendor:/opt/ros/kilted/opt/gz_msgs_vendor:/opt/ros/kilted/opt/gz_common_vendor:/opt/ros/kilted/opt/gz_math_vendor:/opt/ros/kilted/opt/gz_utils_vendor:/opt/ros/kilted/opt/gz_tools_vendor:/opt/ros/kilted/opt/gz_ogre_next_vendor:/opt/ros/kilted/opt/gz_dartsim_vendor:/opt/ros/kilted/opt/gz_cmake_vendor:/opt/ros/kilted DEBUGINFOD_URLS=https://debuginfod.ubuntu.com LD_LIBRARY_PATH=/home/anatoly/ros2k_ws/install/xarm_sdk/lib:/home/anatoly/ros2k_ws/install/xarm_msgs/lib:${LD_LIBRARY_PATH} PYTHONPATH=/home/anatoly/ros2k_ws/install/xarm_msgs/lib/python3.12/site-packages:${PYTHONPATH} /usr/bin/cmake --install /home/anatoly/ros2k_ws/build/xarm_api
[109.256s] Level 1:colcon.colcon_core.environment:checking '/home/anatoly/ros2k_ws/install/xarm_api' for CMake config files
[109.256s] Level 1:colcon.colcon_core.shell:create_environment_hook('xarm_api', 'cmake_prefix_path')
[109.256s] INFO:colcon.colcon_core.shell:Creating environment hook '/home/anatoly/ros2k_ws/install/xarm_api/share/xarm_api/hook/cmake_prefix_path.ps1'
[109.256s] INFO:colcon.colcon_core.shell:Creating environment descriptor '/home/anatoly/ros2k_ws/install/xarm_api/share/xarm_api/hook/cmake_prefix_path.dsv'
[109.257s] INFO:colcon.colcon_core.shell:Creating environment hook '/home/anatoly/ros2k_ws/install/xarm_api/share/xarm_api/hook/cmake_prefix_path.sh'
[109.257s] Level 1:colcon.colcon_core.environment:checking '/home/anatoly/ros2k_ws/install/xarm_api/lib'
[109.257s] Level 1:colcon.colcon_core.shell:create_environment_hook('xarm_api', 'ld_library_path_lib')
[109.257s] INFO:colcon.colcon_core.shell:Creating environment hook '/home/anatoly/ros2k_ws/install/xarm_api/share/xarm_api/hook/ld_library_path_lib.ps1'
[109.258s] INFO:colcon.colcon_core.shell:Creating environment descriptor '/home/anatoly/ros2k_ws/install/xarm_api/share/xarm_api/hook/ld_library_path_lib.dsv'
[109.258s] INFO:colcon.colcon_core.shell:Creating environment hook '/home/anatoly/ros2k_ws/install/xarm_api/share/xarm_api/hook/ld_library_path_lib.sh'
[109.258s] Level 1:colcon.colcon_core.environment:checking '/home/anatoly/ros2k_ws/install/xarm_api/bin'
[109.258s] Level 1:colcon.colcon_core.environment:checking '/home/anatoly/ros2k_ws/install/xarm_api/lib/pkgconfig/xarm_api.pc'
[109.258s] Level 1:colcon.colcon_core.environment:checking '/home/anatoly/ros2k_ws/install/xarm_api/lib/python3.12/site-packages'
[109.259s] Level 1:colcon.colcon_core.environment:checking '/home/anatoly/ros2k_ws/install/xarm_api/bin'
[109.259s] INFO:colcon.colcon_core.shell:Creating package script '/home/anatoly/ros2k_ws/install/xarm_api/share/xarm_api/package.ps1'
[109.259s] INFO:colcon.colcon_core.shell:Creating package descriptor '/home/anatoly/ros2k_ws/install/xarm_api/share/xarm_api/package.dsv'
[109.259s] INFO:colcon.colcon_core.shell:Creating package script '/home/anatoly/ros2k_ws/install/xarm_api/share/xarm_api/package.sh'
[109.260s] INFO:colcon.colcon_core.shell:Creating package script '/home/anatoly/ros2k_ws/install/xarm_api/share/xarm_api/package.bash'
[109.260s] INFO:colcon.colcon_core.shell:Creating package script '/home/anatoly/ros2k_ws/install/xarm_api/share/xarm_api/package.zsh'
[109.260s] Level 1:colcon.colcon_core.environment:create_file_with_runtime_dependencies(/home/anatoly/ros2k_ws/install/xarm_api/share/colcon-core/packages/xarm_api)
[109.261s] Level 1:colcon.colcon_core.environment:create_environment_scripts_only(xarm_api)
[109.261s] Level 1:colcon.colcon_core.environment:checking '/home/anatoly/ros2k_ws/install/xarm_api' for CMake module files
[109.261s] Level 1:colcon.colcon_core.environment:checking '/home/anatoly/ros2k_ws/install/xarm_api' for CMake config files
[109.261s] Level 1:colcon.colcon_core.shell:create_environment_hook('xarm_api', 'cmake_prefix_path')
[109.261s] INFO:colcon.colcon_core.shell:Creating environment hook '/home/anatoly/ros2k_ws/install/xarm_api/share/xarm_api/hook/cmake_prefix_path.ps1'
[109.262s] INFO:colcon.colcon_core.shell:Creating environment descriptor '/home/anatoly/ros2k_ws/install/xarm_api/share/xarm_api/hook/cmake_prefix_path.dsv'
[109.262s] INFO:colcon.colcon_core.shell:Creating environment hook '/home/anatoly/ros2k_ws/install/xarm_api/share/xarm_api/hook/cmake_prefix_path.sh'
[109.262s] Level 1:colcon.colcon_core.environment:checking '/home/anatoly/ros2k_ws/install/xarm_api/lib'
[109.262s] Level 1:colcon.colcon_core.shell:create_environment_hook('xarm_api', 'ld_library_path_lib')
[109.263s] INFO:colcon.colcon_core.shell:Creating environment hook '/home/anatoly/ros2k_ws/install/xarm_api/share/xarm_api/hook/ld_library_path_lib.ps1'
[109.263s] INFO:colcon.colcon_core.shell:Creating environment descriptor '/home/anatoly/ros2k_ws/install/xarm_api/share/xarm_api/hook/ld_library_path_lib.dsv'
[109.263s] INFO:colcon.colcon_core.shell:Creating environment hook '/home/anatoly/ros2k_ws/install/xarm_api/share/xarm_api/hook/ld_library_path_lib.sh'
[109.264s] Level 1:colcon.colcon_core.environment:checking '/home/anatoly/ros2k_ws/install/xarm_api/bin'
[109.264s] Level 1:colcon.colcon_core.environment:checking '/home/anatoly/ros2k_ws/install/xarm_api/lib/pkgconfig/xarm_api.pc'
[109.264s] Level 1:colcon.colcon_core.environment:checking '/home/anatoly/ros2k_ws/install/xarm_api/lib/python3.12/site-packages'
[109.264s] Level 1:colcon.colcon_core.environment:checking '/home/anatoly/ros2k_ws/install/xarm_api/bin'
[109.264s] INFO:colcon.colcon_core.shell:Creating package script '/home/anatoly/ros2k_ws/install/xarm_api/share/xarm_api/package.ps1'
[109.265s] INFO:colcon.colcon_core.shell:Creating package descriptor '/home/anatoly/ros2k_ws/install/xarm_api/share/xarm_api/package.dsv'
[109.266s] INFO:colcon.colcon_core.shell:Creating package script '/home/anatoly/ros2k_ws/install/xarm_api/share/xarm_api/package.sh'
[109.266s] INFO:colcon.colcon_core.shell:Creating package script '/home/anatoly/ros2k_ws/install/xarm_api/share/xarm_api/package.bash'
[109.266s] INFO:colcon.colcon_core.shell:Creating package script '/home/anatoly/ros2k_ws/install/xarm_api/share/xarm_api/package.zsh'
[109.267s] Level 1:colcon.colcon_core.environment:create_file_with_runtime_dependencies(/home/anatoly/ros2k_ws/install/xarm_api/share/colcon-core/packages/xarm_api)
[109.267s] INFO:colcon.colcon_ros.task.ament_cmake.build:Building ROS package in '/home/anatoly/ros2k_ws/src/xarm_ros2/xarm_controller' with build type 'ament_cmake'
[109.267s] INFO:colcon.colcon_cmake.task.cmake.build:Building CMake package in '/home/anatoly/ros2k_ws/src/xarm_ros2/xarm_controller'
[109.267s] INFO:colcon.colcon_core.shell:Skip shell extension 'powershell' for command environment: Not usable outside of PowerShell
[109.267s] DEBUG:colcon.colcon_core.shell:Skip shell extension 'dsv' for command environment
[109.281s] DEBUG:colcon.colcon_core.event_handler.log_command:Invoking command in '/home/anatoly/ros2k_ws/build/xarm_controller': AMENT_PREFIX_PATH=/home/anatoly/ros2k_ws/install/xarm_api:/home/anatoly/ros2k_ws/install/xarm_sdk:/home/anatoly/ros2k_ws/install/xarm_msgs:/home/anatoly/ros2k_ws/install/xarm_description:${AMENT_PREFIX_PATH} CMAKE_PREFIX_PATH=/home/anatoly/ros2k_ws/install/xarm_api:/home/anatoly/ros2k_ws/install/xarm_sdk:/home/anatoly/ros2k_ws/install/xarm_msgs:/home/anatoly/ros2k_ws/install/xarm_description:/opt/ros/kilted/opt/gz_sim_vendor:/opt/ros/kilted/opt/gz_sensors_vendor:/opt/ros/kilted/opt/gz_physics_vendor:/opt/ros/kilted/opt/sdformat_vendor:/opt/ros/kilted/opt/gz_gui_vendor:/opt/ros/kilted/opt/gz_transport_vendor:/opt/ros/kilted/opt/gz_rendering_vendor:/opt/ros/kilted/opt/gz_plugin_vendor:/opt/ros/kilted/opt/gz_fuel_tools_vendor:/opt/ros/kilted/opt/gz_msgs_vendor:/opt/ros/kilted/opt/gz_common_vendor:/opt/ros/kilted/opt/gz_math_vendor:/opt/ros/kilted/opt/gz_utils_vendor:/opt/ros/kilted/opt/gz_tools_vendor:/opt/ros/kilted/opt/gz_ogre_next_vendor:/opt/ros/kilted/opt/gz_dartsim_vendor:/opt/ros/kilted/opt/gz_cmake_vendor:/opt/ros/kilted DEBUGINFOD_URLS=https://debuginfod.ubuntu.com LD_LIBRARY_PATH=/home/anatoly/ros2k_ws/install/xarm_api/lib:/home/anatoly/ros2k_ws/install/xarm_sdk/lib:/home/anatoly/ros2k_ws/install/xarm_msgs/lib:${LD_LIBRARY_PATH} PYTHONPATH=/home/anatoly/ros2k_ws/install/xarm_msgs/lib/python3.12/site-packages:${PYTHONPATH} /usr/bin/cmake /home/anatoly/ros2k_ws/src/xarm_ros2/xarm_controller -DCMAKE_BUILD_TYPE=Release -DAMENT_CMAKE_SYMLINK_INSTALL=1 -DCMAKE_INSTALL_PREFIX=/home/anatoly/ros2k_ws/install/xarm_controller
[111.134s] DEBUG:colcon.colcon_core.event_handler.log_command:Invoked command in '/home/anatoly/ros2k_ws/build/xarm_controller' returned '0': AMENT_PREFIX_PATH=/home/anatoly/ros2k_ws/install/xarm_api:/home/anatoly/ros2k_ws/install/xarm_sdk:/home/anatoly/ros2k_ws/install/xarm_msgs:/home/anatoly/ros2k_ws/install/xarm_description:${AMENT_PREFIX_PATH} CMAKE_PREFIX_PATH=/home/anatoly/ros2k_ws/install/xarm_api:/home/anatoly/ros2k_ws/install/xarm_sdk:/home/anatoly/ros2k_ws/install/xarm_msgs:/home/anatoly/ros2k_ws/install/xarm_description:/opt/ros/kilted/opt/gz_sim_vendor:/opt/ros/kilted/opt/gz_sensors_vendor:/opt/ros/kilted/opt/gz_physics_vendor:/opt/ros/kilted/opt/sdformat_vendor:/opt/ros/kilted/opt/gz_gui_vendor:/opt/ros/kilted/opt/gz_transport_vendor:/opt/ros/kilted/opt/gz_rendering_vendor:/opt/ros/kilted/opt/gz_plugin_vendor:/opt/ros/kilted/opt/gz_fuel_tools_vendor:/opt/ros/kilted/opt/gz_msgs_vendor:/opt/ros/kilted/opt/gz_common_vendor:/opt/ros/kilted/opt/gz_math_vendor:/opt/ros/kilted/opt/gz_utils_vendor:/opt/ros/kilted/opt/gz_tools_vendor:/opt/ros/kilted/opt/gz_ogre_next_vendor:/opt/ros/kilted/opt/gz_dartsim_vendor:/opt/ros/kilted/opt/gz_cmake_vendor:/opt/ros/kilted DEBUGINFOD_URLS=https://debuginfod.ubuntu.com LD_LIBRARY_PATH=/home/anatoly/ros2k_ws/install/xarm_api/lib:/home/anatoly/ros2k_ws/install/xarm_sdk/lib:/home/anatoly/ros2k_ws/install/xarm_msgs/lib:${LD_LIBRARY_PATH} PYTHONPATH=/home/anatoly/ros2k_ws/install/xarm_msgs/lib/python3.12/site-packages:${PYTHONPATH} /usr/bin/cmake /home/anatoly/ros2k_ws/src/xarm_ros2/xarm_controller -DCMAKE_BUILD_TYPE=Release -DAMENT_CMAKE_SYMLINK_INSTALL=1 -DCMAKE_INSTALL_PREFIX=/home/anatoly/ros2k_ws/install/xarm_controller
[111.135s] DEBUG:colcon.colcon_core.event_handler.log_command:Invoking command in '/home/anatoly/ros2k_ws/build/xarm_controller': AMENT_PREFIX_PATH=/home/anatoly/ros2k_ws/install/xarm_api:/home/anatoly/ros2k_ws/install/xarm_sdk:/home/anatoly/ros2k_ws/install/xarm_msgs:/home/anatoly/ros2k_ws/install/xarm_description:${AMENT_PREFIX_PATH} CMAKE_PREFIX_PATH=/home/anatoly/ros2k_ws/install/xarm_api:/home/anatoly/ros2k_ws/install/xarm_sdk:/home/anatoly/ros2k_ws/install/xarm_msgs:/home/anatoly/ros2k_ws/install/xarm_description:/opt/ros/kilted/opt/gz_sim_vendor:/opt/ros/kilted/opt/gz_sensors_vendor:/opt/ros/kilted/opt/gz_physics_vendor:/opt/ros/kilted/opt/sdformat_vendor:/opt/ros/kilted/opt/gz_gui_vendor:/opt/ros/kilted/opt/gz_transport_vendor:/opt/ros/kilted/opt/gz_rendering_vendor:/opt/ros/kilted/opt/gz_plugin_vendor:/opt/ros/kilted/opt/gz_fuel_tools_vendor:/opt/ros/kilted/opt/gz_msgs_vendor:/opt/ros/kilted/opt/gz_common_vendor:/opt/ros/kilted/opt/gz_math_vendor:/opt/ros/kilted/opt/gz_utils_vendor:/opt/ros/kilted/opt/gz_tools_vendor:/opt/ros/kilted/opt/gz_ogre_next_vendor:/opt/ros/kilted/opt/gz_dartsim_vendor:/opt/ros/kilted/opt/gz_cmake_vendor:/opt/ros/kilted DEBUGINFOD_URLS=https://debuginfod.ubuntu.com LD_LIBRARY_PATH=/home/anatoly/ros2k_ws/install/xarm_api/lib:/home/anatoly/ros2k_ws/install/xarm_sdk/lib:/home/anatoly/ros2k_ws/install/xarm_msgs/lib:${LD_LIBRARY_PATH} PYTHONPATH=/home/anatoly/ros2k_ws/install/xarm_msgs/lib/python3.12/site-packages:${PYTHONPATH} /usr/bin/cmake --build /home/anatoly/ros2k_ws/build/xarm_controller -- -j12 -l12
[122.602s] DEBUG:colcon.colcon_core.event_handler.log_command:Invoked command in '/home/anatoly/ros2k_ws/build/xarm_controller' returned '0': AMENT_PREFIX_PATH=/home/anatoly/ros2k_ws/install/xarm_api:/home/anatoly/ros2k_ws/install/xarm_sdk:/home/anatoly/ros2k_ws/install/xarm_msgs:/home/anatoly/ros2k_ws/install/xarm_description:${AMENT_PREFIX_PATH} CMAKE_PREFIX_PATH=/home/anatoly/ros2k_ws/install/xarm_api:/home/anatoly/ros2k_ws/install/xarm_sdk:/home/anatoly/ros2k_ws/install/xarm_msgs:/home/anatoly/ros2k_ws/install/xarm_description:/opt/ros/kilted/opt/gz_sim_vendor:/opt/ros/kilted/opt/gz_sensors_vendor:/opt/ros/kilted/opt/gz_physics_vendor:/opt/ros/kilted/opt/sdformat_vendor:/opt/ros/kilted/opt/gz_gui_vendor:/opt/ros/kilted/opt/gz_transport_vendor:/opt/ros/kilted/opt/gz_rendering_vendor:/opt/ros/kilted/opt/gz_plugin_vendor:/opt/ros/kilted/opt/gz_fuel_tools_vendor:/opt/ros/kilted/opt/gz_msgs_vendor:/opt/ros/kilted/opt/gz_common_vendor:/opt/ros/kilted/opt/gz_math_vendor:/opt/ros/kilted/opt/gz_utils_vendor:/opt/ros/kilted/opt/gz_tools_vendor:/opt/ros/kilted/opt/gz_ogre_next_vendor:/opt/ros/kilted/opt/gz_dartsim_vendor:/opt/ros/kilted/opt/gz_cmake_vendor:/opt/ros/kilted DEBUGINFOD_URLS=https://debuginfod.ubuntu.com LD_LIBRARY_PATH=/home/anatoly/ros2k_ws/install/xarm_api/lib:/home/anatoly/ros2k_ws/install/xarm_sdk/lib:/home/anatoly/ros2k_ws/install/xarm_msgs/lib:${LD_LIBRARY_PATH} PYTHONPATH=/home/anatoly/ros2k_ws/install/xarm_msgs/lib/python3.12/site-packages:${PYTHONPATH} /usr/bin/cmake --build /home/anatoly/ros2k_ws/build/xarm_controller -- -j12 -l12
[122.603s] DEBUG:colcon.colcon_core.event_handler.log_command:Invoking command in '/home/anatoly/ros2k_ws/build/xarm_controller': AMENT_PREFIX_PATH=/home/anatoly/ros2k_ws/install/xarm_api:/home/anatoly/ros2k_ws/install/xarm_sdk:/home/anatoly/ros2k_ws/install/xarm_msgs:/home/anatoly/ros2k_ws/install/xarm_description:${AMENT_PREFIX_PATH} CMAKE_PREFIX_PATH=/home/anatoly/ros2k_ws/install/xarm_api:/home/anatoly/ros2k_ws/install/xarm_sdk:/home/anatoly/ros2k_ws/install/xarm_msgs:/home/anatoly/ros2k_ws/install/xarm_description:/opt/ros/kilted/opt/gz_sim_vendor:/opt/ros/kilted/opt/gz_sensors_vendor:/opt/ros/kilted/opt/gz_physics_vendor:/opt/ros/kilted/opt/sdformat_vendor:/opt/ros/kilted/opt/gz_gui_vendor:/opt/ros/kilted/opt/gz_transport_vendor:/opt/ros/kilted/opt/gz_rendering_vendor:/opt/ros/kilted/opt/gz_plugin_vendor:/opt/ros/kilted/opt/gz_fuel_tools_vendor:/opt/ros/kilted/opt/gz_msgs_vendor:/opt/ros/kilted/opt/gz_common_vendor:/opt/ros/kilted/opt/gz_math_vendor:/opt/ros/kilted/opt/gz_utils_vendor:/opt/ros/kilted/opt/gz_tools_vendor:/opt/ros/kilted/opt/gz_ogre_next_vendor:/opt/ros/kilted/opt/gz_dartsim_vendor:/opt/ros/kilted/opt/gz_cmake_vendor:/opt/ros/kilted DEBUGINFOD_URLS=https://debuginfod.ubuntu.com LD_LIBRARY_PATH=/home/anatoly/ros2k_ws/install/xarm_api/lib:/home/anatoly/ros2k_ws/install/xarm_sdk/lib:/home/anatoly/ros2k_ws/install/xarm_msgs/lib:${LD_LIBRARY_PATH} PYTHONPATH=/home/anatoly/ros2k_ws/install/xarm_msgs/lib/python3.12/site-packages:${PYTHONPATH} /usr/bin/cmake --install /home/anatoly/ros2k_ws/build/xarm_controller
[123.117s] Level 1:colcon.colcon_core.environment:create_environment_scripts_only(xarm_controller)
[123.117s] Level 1:colcon.colcon_core.environment:checking '/home/anatoly/ros2k_ws/install/xarm_controller' for CMake module files
[123.118s] DEBUG:colcon.colcon_core.event_handler.log_command:Invoked command in '/home/anatoly/ros2k_ws/build/xarm_controller' returned '0': AMENT_PREFIX_PATH=/home/anatoly/ros2k_ws/install/xarm_api:/home/anatoly/ros2k_ws/install/xarm_sdk:/home/anatoly/ros2k_ws/install/xarm_msgs:/home/anatoly/ros2k_ws/install/xarm_description:${AMENT_PREFIX_PATH} CMAKE_PREFIX_PATH=/home/anatoly/ros2k_ws/install/xarm_api:/home/anatoly/ros2k_ws/install/xarm_sdk:/home/anatoly/ros2k_ws/install/xarm_msgs:/home/anatoly/ros2k_ws/install/xarm_description:/opt/ros/kilted/opt/gz_sim_vendor:/opt/ros/kilted/opt/gz_sensors_vendor:/opt/ros/kilted/opt/gz_physics_vendor:/opt/ros/kilted/opt/sdformat_vendor:/opt/ros/kilted/opt/gz_gui_vendor:/opt/ros/kilted/opt/gz_transport_vendor:/opt/ros/kilted/opt/gz_rendering_vendor:/opt/ros/kilted/opt/gz_plugin_vendor:/opt/ros/kilted/opt/gz_fuel_tools_vendor:/opt/ros/kilted/opt/gz_msgs_vendor:/opt/ros/kilted/opt/gz_common_vendor:/opt/ros/kilted/opt/gz_math_vendor:/opt/ros/kilted/opt/gz_utils_vendor:/opt/ros/kilted/opt/gz_tools_vendor:/opt/ros/kilted/opt/gz_ogre_next_vendor:/opt/ros/kilted/opt/gz_dartsim_vendor:/opt/ros/kilted/opt/gz_cmake_vendor:/opt/ros/kilted DEBUGINFOD_URLS=https://debuginfod.ubuntu.com LD_LIBRARY_PATH=/home/anatoly/ros2k_ws/install/xarm_api/lib:/home/anatoly/ros2k_ws/install/xarm_sdk/lib:/home/anatoly/ros2k_ws/install/xarm_msgs/lib:${LD_LIBRARY_PATH} PYTHONPATH=/home/anatoly/ros2k_ws/install/xarm_msgs/lib/python3.12/site-packages:${PYTHONPATH} /usr/bin/cmake --install /home/anatoly/ros2k_ws/build/xarm_controller
[123.118s] Level 1:colcon.colcon_core.environment:checking '/home/anatoly/ros2k_ws/install/xarm_controller' for CMake config files
[123.119s] Level 1:colcon.colcon_core.shell:create_environment_hook('xarm_controller', 'cmake_prefix_path')
[123.119s] INFO:colcon.colcon_core.shell:Creating environment hook '/home/anatoly/ros2k_ws/install/xarm_controller/share/xarm_controller/hook/cmake_prefix_path.ps1'
[123.119s] INFO:colcon.colcon_core.shell:Creating environment descriptor '/home/anatoly/ros2k_ws/install/xarm_controller/share/xarm_controller/hook/cmake_prefix_path.dsv'
[123.119s] INFO:colcon.colcon_core.shell:Creating environment hook '/home/anatoly/ros2k_ws/install/xarm_controller/share/xarm_controller/hook/cmake_prefix_path.sh'
[123.120s] Level 1:colcon.colcon_core.environment:checking '/home/anatoly/ros2k_ws/install/xarm_controller/lib'
[123.120s] Level 1:colcon.colcon_core.shell:create_environment_hook('xarm_controller', 'ld_library_path_lib')
[123.120s] INFO:colcon.colcon_core.shell:Creating environment hook '/home/anatoly/ros2k_ws/install/xarm_controller/share/xarm_controller/hook/ld_library_path_lib.ps1'
[123.120s] INFO:colcon.colcon_core.shell:Creating environment descriptor '/home/anatoly/ros2k_ws/install/xarm_controller/share/xarm_controller/hook/ld_library_path_lib.dsv'
[123.121s] INFO:colcon.colcon_core.shell:Creating environment hook '/home/anatoly/ros2k_ws/install/xarm_controller/share/xarm_controller/hook/ld_library_path_lib.sh'
[123.121s] Level 1:colcon.colcon_core.environment:checking '/home/anatoly/ros2k_ws/install/xarm_controller/bin'
[123.121s] Level 1:colcon.colcon_core.environment:checking '/home/anatoly/ros2k_ws/install/xarm_controller/lib/pkgconfig/xarm_controller.pc'
[123.121s] Level 1:colcon.colcon_core.environment:checking '/home/anatoly/ros2k_ws/install/xarm_controller/lib/python3.12/site-packages'
[123.121s] Level 1:colcon.colcon_core.environment:checking '/home/anatoly/ros2k_ws/install/xarm_controller/bin'
[123.121s] INFO:colcon.colcon_core.shell:Creating package script '/home/anatoly/ros2k_ws/install/xarm_controller/share/xarm_controller/package.ps1'
[123.122s] INFO:colcon.colcon_core.shell:Creating package descriptor '/home/anatoly/ros2k_ws/install/xarm_controller/share/xarm_controller/package.dsv'
[123.122s] INFO:colcon.colcon_core.shell:Creating package script '/home/anatoly/ros2k_ws/install/xarm_controller/share/xarm_controller/package.sh'
[123.122s] INFO:colcon.colcon_core.shell:Creating package script '/home/anatoly/ros2k_ws/install/xarm_controller/share/xarm_controller/package.bash'
[123.123s] INFO:colcon.colcon_core.shell:Creating package script '/home/anatoly/ros2k_ws/install/xarm_controller/share/xarm_controller/package.zsh'
[123.123s] Level 1:colcon.colcon_core.environment:create_file_with_runtime_dependencies(/home/anatoly/ros2k_ws/install/xarm_controller/share/colcon-core/packages/xarm_controller)
[123.123s] Level 1:colcon.colcon_core.environment:create_environment_scripts_only(xarm_controller)
[123.123s] Level 1:colcon.colcon_core.environment:checking '/home/anatoly/ros2k_ws/install/xarm_controller' for CMake module files
[123.124s] Level 1:colcon.colcon_core.environment:checking '/home/anatoly/ros2k_ws/install/xarm_controller' for CMake config files
[123.124s] Level 1:colcon.colcon_core.shell:create_environment_hook('xarm_controller', 'cmake_prefix_path')
[123.124s] INFO:colcon.colcon_core.shell:Creating environment hook '/home/anatoly/ros2k_ws/install/xarm_controller/share/xarm_controller/hook/cmake_prefix_path.ps1'
[123.125s] INFO:colcon.colcon_core.shell:Creating environment descriptor '/home/anatoly/ros2k_ws/install/xarm_controller/share/xarm_controller/hook/cmake_prefix_path.dsv'
[123.125s] INFO:colcon.colcon_core.shell:Creating environment hook '/home/anatoly/ros2k_ws/install/xarm_controller/share/xarm_controller/hook/cmake_prefix_path.sh'
[123.125s] Level 1:colcon.colcon_core.environment:checking '/home/anatoly/ros2k_ws/install/xarm_controller/lib'
[123.125s] Level 1:colcon.colcon_core.shell:create_environment_hook('xarm_controller', 'ld_library_path_lib')
[123.125s] INFO:colcon.colcon_core.shell:Creating environment hook '/home/anatoly/ros2k_ws/install/xarm_controller/share/xarm_controller/hook/ld_library_path_lib.ps1'
[123.126s] INFO:colcon.colcon_core.shell:Creating environment descriptor '/home/anatoly/ros2k_ws/install/xarm_controller/share/xarm_controller/hook/ld_library_path_lib.dsv'
[123.126s] INFO:colcon.colcon_core.shell:Creating environment hook '/home/anatoly/ros2k_ws/install/xarm_controller/share/xarm_controller/hook/ld_library_path_lib.sh'
[123.126s] Level 1:colcon.colcon_core.environment:checking '/home/anatoly/ros2k_ws/install/xarm_controller/bin'
[123.126s] Level 1:colcon.colcon_core.environment:checking '/home/anatoly/ros2k_ws/install/xarm_controller/lib/pkgconfig/xarm_controller.pc'
[123.126s] Level 1:colcon.colcon_core.environment:checking '/home/anatoly/ros2k_ws/install/xarm_controller/lib/python3.12/site-packages'
[123.127s] Level 1:colcon.colcon_core.environment:checking '/home/anatoly/ros2k_ws/install/xarm_controller/bin'
[123.127s] INFO:colcon.colcon_core.shell:Creating package script '/home/anatoly/ros2k_ws/install/xarm_controller/share/xarm_controller/package.ps1'
[123.127s] INFO:colcon.colcon_core.shell:Creating package descriptor '/home/anatoly/ros2k_ws/install/xarm_controller/share/xarm_controller/package.dsv'
[123.128s] INFO:colcon.colcon_core.shell:Creating package script '/home/anatoly/ros2k_ws/install/xarm_controller/share/xarm_controller/package.sh'
[123.128s] INFO:colcon.colcon_core.shell:Creating package script '/home/anatoly/ros2k_ws/install/xarm_controller/share/xarm_controller/package.bash'
[123.128s] INFO:colcon.colcon_core.shell:Creating package script '/home/anatoly/ros2k_ws/install/xarm_controller/share/xarm_controller/package.zsh'
[123.129s] Level 1:colcon.colcon_core.environment:create_file_with_runtime_dependencies(/home/anatoly/ros2k_ws/install/xarm_controller/share/colcon-core/packages/xarm_controller)
[123.129s] INFO:colcon.colcon_ros.task.ament_cmake.build:Building ROS package in '/home/anatoly/ros2k_ws/src/xarm_ros2/xarm_moveit_servo' with build type 'ament_cmake'
[123.129s] INFO:colcon.colcon_cmake.task.cmake.build:Building CMake package in '/home/anatoly/ros2k_ws/src/xarm_ros2/xarm_moveit_servo'
[123.129s] INFO:colcon.colcon_core.shell:Skip shell extension 'powershell' for command environment: Not usable outside of PowerShell
[123.129s] DEBUG:colcon.colcon_core.shell:Skip shell extension 'dsv' for command environment
[123.132s] ERROR:colcon.colcon_cmake.task.cmake.build:Failed to find the following files:
- /home/anatoly/ros2k_ws/install/xarm_gazebo/share/xarm_gazebo/package.sh
- /home/anatoly/ros2k_ws/install/xarm_moveit_config/share/xarm_moveit_config/package.sh
Check that the following packages have been built:
- xarm_gazebo
- xarm_moveit_config
[123.132s] Level 1:colcon.colcon_core.environment:create_environment_scripts_only(xarm_moveit_servo)
[123.132s] Level 1:colcon.colcon_core.environment:checking '/home/anatoly/ros2k_ws/install/xarm_moveit_servo' for CMake module files
[123.132s] Level 1:colcon.colcon_core.environment:checking '/home/anatoly/ros2k_ws/install/xarm_moveit_servo' for CMake config files
[123.132s] Level 1:colcon.colcon_core.environment:checking '/home/anatoly/ros2k_ws/install/xarm_moveit_servo/bin'
[123.132s] Level 1:colcon.colcon_core.environment:checking '/home/anatoly/ros2k_ws/install/xarm_moveit_servo/lib/pkgconfig/xarm_moveit_servo.pc'
[123.133s] Level 1:colcon.colcon_core.environment:checking '/home/anatoly/ros2k_ws/install/xarm_moveit_servo/lib/python3.12/site-packages'
[123.133s] Level 1:colcon.colcon_core.environment:checking '/home/anatoly/ros2k_ws/install/xarm_moveit_servo/bin'
[123.133s] INFO:colcon.colcon_core.shell:Creating package script '/home/anatoly/ros2k_ws/install/xarm_moveit_servo/share/xarm_moveit_servo/package.ps1'
[123.133s] INFO:colcon.colcon_core.shell:Creating package descriptor '/home/anatoly/ros2k_ws/install/xarm_moveit_servo/share/xarm_moveit_servo/package.dsv'
[123.134s] INFO:colcon.colcon_core.shell:Creating package script '/home/anatoly/ros2k_ws/install/xarm_moveit_servo/share/xarm_moveit_servo/package.sh'
[123.134s] INFO:colcon.colcon_core.shell:Creating package script '/home/anatoly/ros2k_ws/install/xarm_moveit_servo/share/xarm_moveit_servo/package.bash'
[123.134s] INFO:colcon.colcon_core.shell:Creating package script '/home/anatoly/ros2k_ws/install/xarm_moveit_servo/share/xarm_moveit_servo/package.zsh'
[123.134s] Level 1:colcon.colcon_core.environment:create_file_with_runtime_dependencies(/home/anatoly/ros2k_ws/install/xarm_moveit_servo/share/colcon-core/packages/xarm_moveit_servo)
[123.135s] INFO:colcon.colcon_ros.task.ament_cmake.build:Building ROS package in '/home/anatoly/ros2k_ws/src/xarm_ros2/xarm_planner' with build type 'ament_cmake'
[123.135s] INFO:colcon.colcon_cmake.task.cmake.build:Building CMake package in '/home/anatoly/ros2k_ws/src/xarm_ros2/xarm_planner'
[123.135s] INFO:colcon.colcon_core.shell:Skip shell extension 'powershell' for command environment: Not usable outside of PowerShell
[123.135s] DEBUG:colcon.colcon_core.shell:Skip shell extension 'dsv' for command environment
[123.137s] ERROR:colcon.colcon_cmake.task.cmake.build:Failed to find the following files:
- /home/anatoly/ros2k_ws/install/xarm_gazebo/share/xarm_gazebo/package.sh
- /home/anatoly/ros2k_ws/install/xarm_moveit_config/share/xarm_moveit_config/package.sh
Check that the following packages have been built:
- xarm_gazebo
- xarm_moveit_config
[123.137s] Level 1:colcon.colcon_core.environment:create_environment_scripts_only(xarm_planner)
[123.137s] Level 1:colcon.colcon_core.environment:checking '/home/anatoly/ros2k_ws/install/xarm_planner' for CMake module files
[123.137s] Level 1:colcon.colcon_core.environment:checking '/home/anatoly/ros2k_ws/install/xarm_planner' for CMake config files
[123.138s] Level 1:colcon.colcon_core.environment:checking '/home/anatoly/ros2k_ws/install/xarm_planner/bin'
[123.138s] Level 1:colcon.colcon_core.environment:checking '/home/anatoly/ros2k_ws/install/xarm_planner/lib/pkgconfig/xarm_planner.pc'
[123.138s] Level 1:colcon.colcon_core.environment:checking '/home/anatoly/ros2k_ws/install/xarm_planner/lib/python3.12/site-packages'
[123.138s] Level 1:colcon.colcon_core.environment:checking '/home/anatoly/ros2k_ws/install/xarm_planner/bin'
[123.138s] INFO:colcon.colcon_core.shell:Creating package script '/home/anatoly/ros2k_ws/install/xarm_planner/share/xarm_planner/package.ps1'
[123.138s] INFO:colcon.colcon_core.shell:Creating package descriptor '/home/anatoly/ros2k_ws/install/xarm_planner/share/xarm_planner/package.dsv'
[123.139s] INFO:colcon.colcon_core.shell:Creating package script '/home/anatoly/ros2k_ws/install/xarm_planner/share/xarm_planner/package.sh'
[123.139s] INFO:colcon.colcon_core.shell:Creating package script '/home/anatoly/ros2k_ws/install/xarm_planner/share/xarm_planner/package.bash'
[123.139s] INFO:colcon.colcon_core.shell:Creating package script '/home/anatoly/ros2k_ws/install/xarm_planner/share/xarm_planner/package.zsh'
[123.139s] Level 1:colcon.colcon_core.environment:create_file_with_runtime_dependencies(/home/anatoly/ros2k_ws/install/xarm_planner/share/colcon-core/packages/xarm_planner)
[123.140s] DEBUG:colcon.colcon_parallel_executor.executor.parallel:closing loop
[123.140s] DEBUG:colcon.colcon_parallel_executor.executor.parallel:loop closed
[123.140s] DEBUG:colcon.colcon_parallel_executor.executor.parallel:run_until_complete finished with '1'
[123.140s] DEBUG:colcon.colcon_core.event_reactor:joining thread
[123.159s] INFO:colcon.colcon_core.plugin_system:Skipping extension 'colcon_notification.desktop_notification.terminal_notifier': Not used on non-Darwin systems
[123.159s] INFO:colcon.colcon_core.plugin_system:Skipping extension 'colcon_notification.desktop_notification.win32': Not used on non-Windows systems
[123.160s] INFO:colcon.colcon_notification.desktop_notification:Sending desktop notification using 'notify2'
[123.170s] DEBUG:colcon.colcon_core.event_reactor:joined thread
[123.171s] INFO:colcon.colcon_core.shell:Creating prefix script '/home/anatoly/ros2k_ws/install/local_setup.ps1'
[123.171s] INFO:colcon.colcon_core.shell:Creating prefix util module '/home/anatoly/ros2k_ws/install/_local_setup_util_ps1.py'
[123.172s] INFO:colcon.colcon_core.shell:Creating prefix chain script '/home/anatoly/ros2k_ws/install/setup.ps1'
[123.173s] INFO:colcon.colcon_core.shell:Creating prefix script '/home/anatoly/ros2k_ws/install/local_setup.sh'
[123.173s] INFO:colcon.colcon_core.shell:Creating prefix util module '/home/anatoly/ros2k_ws/install/_local_setup_util_sh.py'
[123.174s] INFO:colcon.colcon_core.shell:Creating prefix chain script '/home/anatoly/ros2k_ws/install/setup.sh'
[123.174s] INFO:colcon.colcon_core.shell:Creating prefix script '/home/anatoly/ros2k_ws/install/local_setup.bash'
[123.175s] INFO:colcon.colcon_core.shell:Creating prefix chain script '/home/anatoly/ros2k_ws/install/setup.bash'
[123.175s] INFO:colcon.colcon_core.shell:Creating prefix script '/home/anatoly/ros2k_ws/install/local_setup.zsh'
[123.176s] INFO:colcon.colcon_core.shell:Creating prefix chain script '/home/anatoly/ros2k_ws/install/setup.zsh'
