[0.100s] DEBUG:colcon:Command line arguments: ['/usr/bin/colcon', 'build', '--packages-up-to', 'xarm_moveit_config', '--symlink-install', '--cmake-args', '-DCMAKE_BUILD_TYPE=Release', '--event-handlers', 'console_direct+', '--packages-skip', 'realsense_gazebo_plugin', 'xarm_gazebo', 'd435i_xarm_setup']
[0.100s] DEBUG:colcon:Parsed command line arguments: Namespace(log_base=None, log_level=None, verb_name='build', build_base='build', install_base='install', merge_install=False, symlink_install=True, test_result_base=None, continue_on_error=False, executor='parallel', parallel_workers=12, event_handlers=['console_direct+'], ignore_user_meta=False, metas=['./colcon.meta'], base_paths=['.'], packages_ignore=None, packages_ignore_regex=None, paths=None, packages_up_to=['xarm_moveit_config'], packages_up_to_regex=None, packages_above=None, packages_above_and_dependencies=None, packages_above_depth=None, packages_select_by_dep=None, packages_skip_by_dep=None, packages_skip_up_to=None, packages_select_build_failed=False, packages_skip_build_finished=False, packages_select_test_failures=False, packages_skip_test_passed=False, packages_select=None, packages_skip=['realsense_gazebo_plugin', 'xarm_gazebo', 'd435i_xarm_setup'], packages_select_regex=None, packages_skip_regex=None, packages_start=None, packages_end=None, allow_overriding=[], cmake_args=['-DCMAKE_BUILD_TYPE=Release'], cmake_target=None, cmake_target_skip_unavailable=False, cmake_clean_cache=False, cmake_clean_first=False, cmake_force_configure=False, ament_cmake_args=None, catkin_cmake_args=None, catkin_skip_building_tests=False, mixin_files=None, mixin=None, verb_parser=<colcon_mixin.mixin.mixin_argument.MixinArgumentDecorator object at 0x7662406ad850>, verb_extension=<colcon_core.verb.build.BuildVerb object at 0x7662406ad5e0>, main=<bound method BuildVerb.main of <colcon_core.verb.build.BuildVerb object at 0x7662406ad5e0>>, mixin_verb=('build',))
[0.134s] Level 1:colcon.colcon_core.package_discovery:discover_packages(colcon_meta) check parameters
[0.134s] Level 1:colcon.colcon_core.package_discovery:discover_packages(recursive) check parameters
[0.134s] Level 1:colcon.colcon_core.package_discovery:discover_packages(ignore) check parameters
[0.134s] Level 1:colcon.colcon_core.package_discovery:discover_packages(path) check parameters
[0.134s] Level 1:colcon.colcon_core.package_discovery:discover_packages(colcon_meta) discover
[0.134s] Level 1:colcon.colcon_core.package_discovery:discover_packages(recursive) discover
[0.134s] INFO:colcon.colcon_core.package_discovery:Crawling recursively for packages in '/home/anatoly/ros2k_ws'
[0.134s] Level 1:colcon.colcon_core.package_identification:_identify(.) by extensions ['ignore', 'ignore_ament_install']
[0.134s] Level 1:colcon.colcon_core.package_identification:_identify(.) by extension 'ignore'
[0.134s] Level 1:colcon.colcon_core.package_identification:_identify(.) by extension 'ignore_ament_install'
[0.134s] Level 1:colcon.colcon_core.package_identification:_identify(.) by extensions ['colcon_pkg']
[0.134s] Level 1:colcon.colcon_core.package_identification:_identify(.) by extension 'colcon_pkg'
[0.134s] Level 1:colcon.colcon_core.package_identification:_identify(.) by extensions ['colcon_meta']
[0.135s] Level 1:colcon.colcon_core.package_identification:_identify(.) by extension 'colcon_meta'
[0.135s] Level 1:colcon.colcon_core.package_identification:_identify(.) by extensions ['ros']
[0.135s] Level 1:colcon.colcon_core.package_identification:_identify(.) by extension 'ros'
[0.157s] Level 1:colcon.colcon_core.package_identification:_identify(.) by extensions ['cmake', 'python']
[0.157s] Level 1:colcon.colcon_core.package_identification:_identify(.) by extension 'cmake'
[0.157s] Level 1:colcon.colcon_core.package_identification:_identify(.) by extension 'python'
[0.157s] Level 1:colcon.colcon_core.package_identification:_identify(.) by extensions ['python_setup_py']
[0.157s] Level 1:colcon.colcon_core.package_identification:_identify(.) by extension 'python_setup_py'
[0.157s] Level 1:colcon.colcon_core.package_identification:_identify(build) by extensions ['ignore', 'ignore_ament_install']
[0.157s] Level 1:colcon.colcon_core.package_identification:_identify(build) by extension 'ignore'
[0.157s] Level 1:colcon.colcon_core.package_identification:_identify(build) ignored
[0.157s] Level 1:colcon.colcon_core.package_identification:_identify(install) by extensions ['ignore', 'ignore_ament_install']
[0.157s] Level 1:colcon.colcon_core.package_identification:_identify(install) by extension 'ignore'
[0.157s] Level 1:colcon.colcon_core.package_identification:_identify(install) ignored
[0.157s] Level 1:colcon.colcon_core.package_identification:_identify(log) by extensions ['ignore', 'ignore_ament_install']
[0.157s] Level 1:colcon.colcon_core.package_identification:_identify(log) by extension 'ignore'
[0.157s] Level 1:colcon.colcon_core.package_identification:_identify(log) ignored
[0.157s] Level 1:colcon.colcon_core.package_identification:_identify(src) by extensions ['ignore', 'ignore_ament_install']
[0.158s] Level 1:colcon.colcon_core.package_identification:_identify(src) by extension 'ignore'
[0.158s] Level 1:colcon.colcon_core.package_identification:_identify(src) by extension 'ignore_ament_install'
[0.158s] Level 1:colcon.colcon_core.package_identification:_identify(src) by extensions ['colcon_pkg']
[0.158s] Level 1:colcon.colcon_core.package_identification:_identify(src) by extension 'colcon_pkg'
[0.158s] Level 1:colcon.colcon_core.package_identification:_identify(src) by extensions ['colcon_meta']
[0.158s] Level 1:colcon.colcon_core.package_identification:_identify(src) by extension 'colcon_meta'
[0.158s] Level 1:colcon.colcon_core.package_identification:_identify(src) by extensions ['ros']
[0.158s] Level 1:colcon.colcon_core.package_identification:_identify(src) by extension 'ros'
[0.158s] Level 1:colcon.colcon_core.package_identification:_identify(src) by extensions ['cmake', 'python']
[0.158s] Level 1:colcon.colcon_core.package_identification:_identify(src) by extension 'cmake'
[0.158s] Level 1:colcon.colcon_core.package_identification:_identify(src) by extension 'python'
[0.158s] Level 1:colcon.colcon_core.package_identification:_identify(src) by extensions ['python_setup_py']
[0.158s] Level 1:colcon.colcon_core.package_identification:_identify(src) by extension 'python_setup_py'
[0.158s] Level 1:colcon.colcon_core.package_identification:_identify(src/object_recognition_msgs) by extensions ['ignore', 'ignore_ament_install']
[0.158s] Level 1:colcon.colcon_core.package_identification:_identify(src/object_recognition_msgs) by extension 'ignore'
[0.158s] Level 1:colcon.colcon_core.package_identification:_identify(src/object_recognition_msgs) by extension 'ignore_ament_install'
[0.158s] Level 1:colcon.colcon_core.package_identification:_identify(src/object_recognition_msgs) by extensions ['colcon_pkg']
[0.158s] Level 1:colcon.colcon_core.package_identification:_identify(src/object_recognition_msgs) by extension 'colcon_pkg'
[0.158s] Level 1:colcon.colcon_core.package_identification:_identify(src/object_recognition_msgs) by extensions ['colcon_meta']
[0.158s] Level 1:colcon.colcon_core.package_identification:_identify(src/object_recognition_msgs) by extension 'colcon_meta'
[0.158s] Level 1:colcon.colcon_core.package_identification:_identify(src/object_recognition_msgs) by extensions ['ros']
[0.158s] Level 1:colcon.colcon_core.package_identification:_identify(src/object_recognition_msgs) by extension 'ros'
[0.160s] DEBUG:colcon.colcon_core.package_identification:Package 'src/object_recognition_msgs' with type 'ros.ament_cmake' and name 'object_recognition_msgs'
[0.160s] Level 1:colcon.colcon_core.package_identification:_identify(src/xarm_ros2) by extensions ['ignore', 'ignore_ament_install']
[0.160s] Level 1:colcon.colcon_core.package_identification:_identify(src/xarm_ros2) by extension 'ignore'
[0.160s] Level 1:colcon.colcon_core.package_identification:_identify(src/xarm_ros2) by extension 'ignore_ament_install'
[0.160s] Level 1:colcon.colcon_core.package_identification:_identify(src/xarm_ros2) by extensions ['colcon_pkg']
[0.160s] Level 1:colcon.colcon_core.package_identification:_identify(src/xarm_ros2) by extension 'colcon_pkg'
[0.161s] Level 1:colcon.colcon_core.package_identification:_identify(src/xarm_ros2) by extensions ['colcon_meta']
[0.161s] Level 1:colcon.colcon_core.package_identification:_identify(src/xarm_ros2) by extension 'colcon_meta'
[0.161s] Level 1:colcon.colcon_core.package_identification:_identify(src/xarm_ros2) by extensions ['ros']
[0.161s] Level 1:colcon.colcon_core.package_identification:_identify(src/xarm_ros2) by extension 'ros'
[0.161s] Level 1:colcon.colcon_core.package_identification:_identify(src/xarm_ros2) by extensions ['cmake', 'python']
[0.161s] Level 1:colcon.colcon_core.package_identification:_identify(src/xarm_ros2) by extension 'cmake'
[0.161s] Level 1:colcon.colcon_core.package_identification:_identify(src/xarm_ros2) by extension 'python'
[0.161s] Level 1:colcon.colcon_core.package_identification:_identify(src/xarm_ros2) by extensions ['python_setup_py']
[0.161s] Level 1:colcon.colcon_core.package_identification:_identify(src/xarm_ros2) by extension 'python_setup_py'
[0.161s] Level 1:colcon.colcon_core.package_identification:_identify(src/xarm_ros2/demo) by extensions ['ignore', 'ignore_ament_install']
[0.161s] Level 1:colcon.colcon_core.package_identification:_identify(src/xarm_ros2/demo) by extension 'ignore'
[0.161s] Level 1:colcon.colcon_core.package_identification:_identify(src/xarm_ros2/demo) by extension 'ignore_ament_install'
[0.161s] Level 1:colcon.colcon_core.package_identification:_identify(src/xarm_ros2/demo) by extensions ['colcon_pkg']
[0.161s] Level 1:colcon.colcon_core.package_identification:_identify(src/xarm_ros2/demo) by extension 'colcon_pkg'
[0.161s] Level 1:colcon.colcon_core.package_identification:_identify(src/xarm_ros2/demo) by extensions ['colcon_meta']
[0.161s] Level 1:colcon.colcon_core.package_identification:_identify(src/xarm_ros2/demo) by extension 'colcon_meta'
[0.161s] Level 1:colcon.colcon_core.package_identification:_identify(src/xarm_ros2/demo) by extensions ['ros']
[0.161s] Level 1:colcon.colcon_core.package_identification:_identify(src/xarm_ros2/demo) by extension 'ros'
[0.161s] Level 1:colcon.colcon_core.package_identification:_identify(src/xarm_ros2/demo) by extensions ['cmake', 'python']
[0.161s] Level 1:colcon.colcon_core.package_identification:_identify(src/xarm_ros2/demo) by extension 'cmake'
[0.161s] Level 1:colcon.colcon_core.package_identification:_identify(src/xarm_ros2/demo) by extension 'python'
[0.161s] Level 1:colcon.colcon_core.package_identification:_identify(src/xarm_ros2/demo) by extensions ['python_setup_py']
[0.161s] Level 1:colcon.colcon_core.package_identification:_identify(src/xarm_ros2/demo) by extension 'python_setup_py'
[0.161s] Level 1:colcon.colcon_core.package_identification:_identify(src/xarm_ros2/demo/mbot_demo) by extensions ['ignore', 'ignore_ament_install']
[0.161s] Level 1:colcon.colcon_core.package_identification:_identify(src/xarm_ros2/demo/mbot_demo) by extension 'ignore'
[0.162s] Level 1:colcon.colcon_core.package_identification:_identify(src/xarm_ros2/demo/mbot_demo) by extension 'ignore_ament_install'
[0.162s] Level 1:colcon.colcon_core.package_identification:_identify(src/xarm_ros2/demo/mbot_demo) by extensions ['colcon_pkg']
[0.162s] Level 1:colcon.colcon_core.package_identification:_identify(src/xarm_ros2/demo/mbot_demo) by extension 'colcon_pkg'
[0.162s] Level 1:colcon.colcon_core.package_identification:_identify(src/xarm_ros2/demo/mbot_demo) by extensions ['colcon_meta']
[0.162s] Level 1:colcon.colcon_core.package_identification:_identify(src/xarm_ros2/demo/mbot_demo) by extension 'colcon_meta'
[0.162s] Level 1:colcon.colcon_core.package_identification:_identify(src/xarm_ros2/demo/mbot_demo) by extensions ['ros']
[0.162s] Level 1:colcon.colcon_core.package_identification:_identify(src/xarm_ros2/demo/mbot_demo) by extension 'ros'
[0.162s] DEBUG:colcon.colcon_core.package_identification:Package 'src/xarm_ros2/demo/mbot_demo' with type 'ros.ament_cmake' and name 'mbot_demo'
[0.162s] Level 1:colcon.colcon_core.package_identification:_identify(src/xarm_ros2/thirdparty) by extensions ['ignore', 'ignore_ament_install']
[0.162s] Level 1:colcon.colcon_core.package_identification:_identify(src/xarm_ros2/thirdparty) by extension 'ignore'
[0.162s] Level 1:colcon.colcon_core.package_identification:_identify(src/xarm_ros2/thirdparty) by extension 'ignore_ament_install'
[0.162s] Level 1:colcon.colcon_core.package_identification:_identify(src/xarm_ros2/thirdparty) by extensions ['colcon_pkg']
[0.162s] Level 1:colcon.colcon_core.package_identification:_identify(src/xarm_ros2/thirdparty) by extension 'colcon_pkg'
[0.162s] Level 1:colcon.colcon_core.package_identification:_identify(src/xarm_ros2/thirdparty) by extensions ['colcon_meta']
[0.162s] Level 1:colcon.colcon_core.package_identification:_identify(src/xarm_ros2/thirdparty) by extension 'colcon_meta'
[0.162s] Level 1:colcon.colcon_core.package_identification:_identify(src/xarm_ros2/thirdparty) by extensions ['ros']
[0.162s] Level 1:colcon.colcon_core.package_identification:_identify(src/xarm_ros2/thirdparty) by extension 'ros'
[0.163s] Level 1:colcon.colcon_core.package_identification:_identify(src/xarm_ros2/thirdparty) by extensions ['cmake', 'python']
[0.163s] Level 1:colcon.colcon_core.package_identification:_identify(src/xarm_ros2/thirdparty) by extension 'cmake'
[0.163s] Level 1:colcon.colcon_core.package_identification:_identify(src/xarm_ros2/thirdparty) by extension 'python'
[0.163s] Level 1:colcon.colcon_core.package_identification:_identify(src/xarm_ros2/thirdparty) by extensions ['python_setup_py']
[0.163s] Level 1:colcon.colcon_core.package_identification:_identify(src/xarm_ros2/thirdparty) by extension 'python_setup_py'
[0.163s] Level 1:colcon.colcon_core.package_identification:_identify(src/xarm_ros2/thirdparty/realsense_gazebo_plugin) by extensions ['ignore', 'ignore_ament_install']
[0.163s] Level 1:colcon.colcon_core.package_identification:_identify(src/xarm_ros2/thirdparty/realsense_gazebo_plugin) by extension 'ignore'
[0.163s] Level 1:colcon.colcon_core.package_identification:_identify(src/xarm_ros2/thirdparty/realsense_gazebo_plugin) by extension 'ignore_ament_install'
[0.163s] Level 1:colcon.colcon_core.package_identification:_identify(src/xarm_ros2/thirdparty/realsense_gazebo_plugin) by extensions ['colcon_pkg']
[0.163s] Level 1:colcon.colcon_core.package_identification:_identify(src/xarm_ros2/thirdparty/realsense_gazebo_plugin) by extension 'colcon_pkg'
[0.163s] Level 1:colcon.colcon_core.package_identification:_identify(src/xarm_ros2/thirdparty/realsense_gazebo_plugin) by extensions ['colcon_meta']
[0.163s] Level 1:colcon.colcon_core.package_identification:_identify(src/xarm_ros2/thirdparty/realsense_gazebo_plugin) by extension 'colcon_meta'
[0.163s] Level 1:colcon.colcon_core.package_identification:_identify(src/xarm_ros2/thirdparty/realsense_gazebo_plugin) by extensions ['ros']
[0.163s] Level 1:colcon.colcon_core.package_identification:_identify(src/xarm_ros2/thirdparty/realsense_gazebo_plugin) by extension 'ros'
[0.164s] DEBUG:colcon.colcon_core.package_identification:Package 'src/xarm_ros2/thirdparty/realsense_gazebo_plugin' with type 'ros.ament_cmake' and name 'realsense_gazebo_plugin'
[0.164s] Level 1:colcon.colcon_core.package_identification:_identify(src/xarm_ros2/uf_ros_lib) by extensions ['ignore', 'ignore_ament_install']
[0.164s] Level 1:colcon.colcon_core.package_identification:_identify(src/xarm_ros2/uf_ros_lib) by extension 'ignore'
[0.164s] Level 1:colcon.colcon_core.package_identification:_identify(src/xarm_ros2/uf_ros_lib) by extension 'ignore_ament_install'
[0.164s] Level 1:colcon.colcon_core.package_identification:_identify(src/xarm_ros2/uf_ros_lib) by extensions ['colcon_pkg']
[0.164s] Level 1:colcon.colcon_core.package_identification:_identify(src/xarm_ros2/uf_ros_lib) by extension 'colcon_pkg'
[0.164s] Level 1:colcon.colcon_core.package_identification:_identify(src/xarm_ros2/uf_ros_lib) by extensions ['colcon_meta']
[0.164s] Level 1:colcon.colcon_core.package_identification:_identify(src/xarm_ros2/uf_ros_lib) by extension 'colcon_meta'
[0.164s] Level 1:colcon.colcon_core.package_identification:_identify(src/xarm_ros2/uf_ros_lib) by extensions ['ros']
[0.164s] Level 1:colcon.colcon_core.package_identification:_identify(src/xarm_ros2/uf_ros_lib) by extension 'ros'
[0.164s] DEBUG:colcon.colcon_core.package_identification:Package 'src/xarm_ros2/uf_ros_lib' with type 'ros.ament_python' and name 'uf_ros_lib'
[0.164s] Level 1:colcon.colcon_core.package_identification:_identify(src/xarm_ros2/xarm_api) by extensions ['ignore', 'ignore_ament_install']
[0.165s] Level 1:colcon.colcon_core.package_identification:_identify(src/xarm_ros2/xarm_api) by extension 'ignore'
[0.165s] Level 1:colcon.colcon_core.package_identification:_identify(src/xarm_ros2/xarm_api) by extension 'ignore_ament_install'
[0.165s] Level 1:colcon.colcon_core.package_identification:_identify(src/xarm_ros2/xarm_api) by extensions ['colcon_pkg']
[0.165s] Level 1:colcon.colcon_core.package_identification:_identify(src/xarm_ros2/xarm_api) by extension 'colcon_pkg'
[0.165s] Level 1:colcon.colcon_core.package_identification:_identify(src/xarm_ros2/xarm_api) by extensions ['colcon_meta']
[0.165s] Level 1:colcon.colcon_core.package_identification:_identify(src/xarm_ros2/xarm_api) by extension 'colcon_meta'
[0.165s] Level 1:colcon.colcon_core.package_identification:_identify(src/xarm_ros2/xarm_api) by extensions ['ros']
[0.165s] Level 1:colcon.colcon_core.package_identification:_identify(src/xarm_ros2/xarm_api) by extension 'ros'
[0.166s] DEBUG:colcon.colcon_core.package_identification:Package 'src/xarm_ros2/xarm_api' with type 'ros.ament_cmake' and name 'xarm_api'
[0.166s] Level 1:colcon.colcon_core.package_identification:_identify(src/xarm_ros2/xarm_controller) by extensions ['ignore', 'ignore_ament_install']
[0.166s] Level 1:colcon.colcon_core.package_identification:_identify(src/xarm_ros2/xarm_controller) by extension 'ignore'
[0.166s] Level 1:colcon.colcon_core.package_identification:_identify(src/xarm_ros2/xarm_controller) by extension 'ignore_ament_install'
[0.166s] Level 1:colcon.colcon_core.package_identification:_identify(src/xarm_ros2/xarm_controller) by extensions ['colcon_pkg']
[0.166s] Level 1:colcon.colcon_core.package_identification:_identify(src/xarm_ros2/xarm_controller) by extension 'colcon_pkg'
[0.166s] Level 1:colcon.colcon_core.package_identification:_identify(src/xarm_ros2/xarm_controller) by extensions ['colcon_meta']
[0.166s] Level 1:colcon.colcon_core.package_identification:_identify(src/xarm_ros2/xarm_controller) by extension 'colcon_meta'
[0.166s] Level 1:colcon.colcon_core.package_identification:_identify(src/xarm_ros2/xarm_controller) by extensions ['ros']
[0.166s] Level 1:colcon.colcon_core.package_identification:_identify(src/xarm_ros2/xarm_controller) by extension 'ros'
[0.167s] DEBUG:colcon.colcon_core.package_identification:Package 'src/xarm_ros2/xarm_controller' with type 'ros.ament_cmake' and name 'xarm_controller'
[0.167s] Level 1:colcon.colcon_core.package_identification:_identify(src/xarm_ros2/xarm_description) by extensions ['ignore', 'ignore_ament_install']
[0.167s] Level 1:colcon.colcon_core.package_identification:_identify(src/xarm_ros2/xarm_description) by extension 'ignore'
[0.167s] Level 1:colcon.colcon_core.package_identification:_identify(src/xarm_ros2/xarm_description) by extension 'ignore_ament_install'
[0.167s] Level 1:colcon.colcon_core.package_identification:_identify(src/xarm_ros2/xarm_description) by extensions ['colcon_pkg']
[0.167s] Level 1:colcon.colcon_core.package_identification:_identify(src/xarm_ros2/xarm_description) by extension 'colcon_pkg'
[0.167s] Level 1:colcon.colcon_core.package_identification:_identify(src/xarm_ros2/xarm_description) by extensions ['colcon_meta']
[0.167s] Level 1:colcon.colcon_core.package_identification:_identify(src/xarm_ros2/xarm_description) by extension 'colcon_meta'
[0.167s] Level 1:colcon.colcon_core.package_identification:_identify(src/xarm_ros2/xarm_description) by extensions ['ros']
[0.167s] Level 1:colcon.colcon_core.package_identification:_identify(src/xarm_ros2/xarm_description) by extension 'ros'
[0.168s] DEBUG:colcon.colcon_core.package_identification:Package 'src/xarm_ros2/xarm_description' with type 'ros.ament_cmake' and name 'xarm_description'
[0.168s] Level 1:colcon.colcon_core.package_identification:_identify(src/xarm_ros2/xarm_gazebo) by extensions ['ignore', 'ignore_ament_install']
[0.168s] Level 1:colcon.colcon_core.package_identification:_identify(src/xarm_ros2/xarm_gazebo) by extension 'ignore'
[0.168s] Level 1:colcon.colcon_core.package_identification:_identify(src/xarm_ros2/xarm_gazebo) by extension 'ignore_ament_install'
[0.168s] Level 1:colcon.colcon_core.package_identification:_identify(src/xarm_ros2/xarm_gazebo) by extensions ['colcon_pkg']
[0.168s] Level 1:colcon.colcon_core.package_identification:_identify(src/xarm_ros2/xarm_gazebo) by extension 'colcon_pkg'
[0.168s] Level 1:colcon.colcon_core.package_identification:_identify(src/xarm_ros2/xarm_gazebo) by extensions ['colcon_meta']
[0.168s] Level 1:colcon.colcon_core.package_identification:_identify(src/xarm_ros2/xarm_gazebo) by extension 'colcon_meta'
[0.168s] Level 1:colcon.colcon_core.package_identification:_identify(src/xarm_ros2/xarm_gazebo) by extensions ['ros']
[0.168s] Level 1:colcon.colcon_core.package_identification:_identify(src/xarm_ros2/xarm_gazebo) by extension 'ros'
[0.169s] DEBUG:colcon.colcon_core.package_identification:Package 'src/xarm_ros2/xarm_gazebo' with type 'ros.ament_cmake' and name 'xarm_gazebo'
[0.169s] Level 1:colcon.colcon_core.package_identification:_identify(src/xarm_ros2/xarm_moveit_config) by extensions ['ignore', 'ignore_ament_install']
[0.169s] Level 1:colcon.colcon_core.package_identification:_identify(src/xarm_ros2/xarm_moveit_config) by extension 'ignore'
[0.169s] Level 1:colcon.colcon_core.package_identification:_identify(src/xarm_ros2/xarm_moveit_config) by extension 'ignore_ament_install'
[0.169s] Level 1:colcon.colcon_core.package_identification:_identify(src/xarm_ros2/xarm_moveit_config) by extensions ['colcon_pkg']
[0.169s] Level 1:colcon.colcon_core.package_identification:_identify(src/xarm_ros2/xarm_moveit_config) by extension 'colcon_pkg'
[0.169s] Level 1:colcon.colcon_core.package_identification:_identify(src/xarm_ros2/xarm_moveit_config) by extensions ['colcon_meta']
[0.169s] Level 1:colcon.colcon_core.package_identification:_identify(src/xarm_ros2/xarm_moveit_config) by extension 'colcon_meta'
[0.169s] Level 1:colcon.colcon_core.package_identification:_identify(src/xarm_ros2/xarm_moveit_config) by extensions ['ros']
[0.169s] Level 1:colcon.colcon_core.package_identification:_identify(src/xarm_ros2/xarm_moveit_config) by extension 'ros'
[0.170s] DEBUG:colcon.colcon_core.package_identification:Package 'src/xarm_ros2/xarm_moveit_config' with type 'ros.ament_cmake' and name 'xarm_moveit_config'
[0.170s] Level 1:colcon.colcon_core.package_identification:_identify(src/xarm_ros2/xarm_moveit_servo) by extensions ['ignore', 'ignore_ament_install']
[0.170s] Level 1:colcon.colcon_core.package_identification:_identify(src/xarm_ros2/xarm_moveit_servo) by extension 'ignore'
[0.170s] Level 1:colcon.colcon_core.package_identification:_identify(src/xarm_ros2/xarm_moveit_servo) by extension 'ignore_ament_install'
[0.170s] Level 1:colcon.colcon_core.package_identification:_identify(src/xarm_ros2/xarm_moveit_servo) by extensions ['colcon_pkg']
[0.170s] Level 1:colcon.colcon_core.package_identification:_identify(src/xarm_ros2/xarm_moveit_servo) by extension 'colcon_pkg'
[0.170s] Level 1:colcon.colcon_core.package_identification:_identify(src/xarm_ros2/xarm_moveit_servo) by extensions ['colcon_meta']
[0.170s] Level 1:colcon.colcon_core.package_identification:_identify(src/xarm_ros2/xarm_moveit_servo) by extension 'colcon_meta'
[0.170s] Level 1:colcon.colcon_core.package_identification:_identify(src/xarm_ros2/xarm_moveit_servo) by extensions ['ros']
[0.170s] Level 1:colcon.colcon_core.package_identification:_identify(src/xarm_ros2/xarm_moveit_servo) by extension 'ros'
[0.171s] DEBUG:colcon.colcon_core.package_identification:Package 'src/xarm_ros2/xarm_moveit_servo' with type 'ros.ament_cmake' and name 'xarm_moveit_servo'
[0.171s] Level 1:colcon.colcon_core.package_identification:_identify(src/xarm_ros2/xarm_msgs) by extensions ['ignore', 'ignore_ament_install']
[0.171s] Level 1:colcon.colcon_core.package_identification:_identify(src/xarm_ros2/xarm_msgs) by extension 'ignore'
[0.171s] Level 1:colcon.colcon_core.package_identification:_identify(src/xarm_ros2/xarm_msgs) by extension 'ignore_ament_install'
[0.171s] Level 1:colcon.colcon_core.package_identification:_identify(src/xarm_ros2/xarm_msgs) by extensions ['colcon_pkg']
[0.171s] Level 1:colcon.colcon_core.package_identification:_identify(src/xarm_ros2/xarm_msgs) by extension 'colcon_pkg'
[0.171s] Level 1:colcon.colcon_core.package_identification:_identify(src/xarm_ros2/xarm_msgs) by extensions ['colcon_meta']
[0.171s] Level 1:colcon.colcon_core.package_identification:_identify(src/xarm_ros2/xarm_msgs) by extension 'colcon_meta'
[0.171s] Level 1:colcon.colcon_core.package_identification:_identify(src/xarm_ros2/xarm_msgs) by extensions ['ros']
[0.171s] Level 1:colcon.colcon_core.package_identification:_identify(src/xarm_ros2/xarm_msgs) by extension 'ros'
[0.172s] DEBUG:colcon.colcon_core.package_identification:Package 'src/xarm_ros2/xarm_msgs' with type 'ros.ament_cmake' and name 'xarm_msgs'
[0.172s] Level 1:colcon.colcon_core.package_identification:_identify(src/xarm_ros2/xarm_planner) by extensions ['ignore', 'ignore_ament_install']
[0.172s] Level 1:colcon.colcon_core.package_identification:_identify(src/xarm_ros2/xarm_planner) by extension 'ignore'
[0.172s] Level 1:colcon.colcon_core.package_identification:_identify(src/xarm_ros2/xarm_planner) by extension 'ignore_ament_install'
[0.172s] Level 1:colcon.colcon_core.package_identification:_identify(src/xarm_ros2/xarm_planner) by extensions ['colcon_pkg']
[0.172s] Level 1:colcon.colcon_core.package_identification:_identify(src/xarm_ros2/xarm_planner) by extension 'colcon_pkg'
[0.172s] Level 1:colcon.colcon_core.package_identification:_identify(src/xarm_ros2/xarm_planner) by extensions ['colcon_meta']
[0.172s] Level 1:colcon.colcon_core.package_identification:_identify(src/xarm_ros2/xarm_planner) by extension 'colcon_meta'
[0.172s] Level 1:colcon.colcon_core.package_identification:_identify(src/xarm_ros2/xarm_planner) by extensions ['ros']
[0.172s] Level 1:colcon.colcon_core.package_identification:_identify(src/xarm_ros2/xarm_planner) by extension 'ros'
[0.173s] DEBUG:colcon.colcon_core.package_identification:Package 'src/xarm_ros2/xarm_planner' with type 'ros.ament_cmake' and name 'xarm_planner'
[0.173s] Level 1:colcon.colcon_core.package_identification:_identify(src/xarm_ros2/xarm_sdk) by extensions ['ignore', 'ignore_ament_install']
[0.173s] Level 1:colcon.colcon_core.package_identification:_identify(src/xarm_ros2/xarm_sdk) by extension 'ignore'
[0.173s] Level 1:colcon.colcon_core.package_identification:_identify(src/xarm_ros2/xarm_sdk) by extension 'ignore_ament_install'
[0.173s] Level 1:colcon.colcon_core.package_identification:_identify(src/xarm_ros2/xarm_sdk) by extensions ['colcon_pkg']
[0.173s] Level 1:colcon.colcon_core.package_identification:_identify(src/xarm_ros2/xarm_sdk) by extension 'colcon_pkg'
[0.173s] Level 1:colcon.colcon_core.package_identification:_identify(src/xarm_ros2/xarm_sdk) by extensions ['colcon_meta']
[0.173s] Level 1:colcon.colcon_core.package_identification:_identify(src/xarm_ros2/xarm_sdk) by extension 'colcon_meta'
[0.173s] Level 1:colcon.colcon_core.package_identification:_identify(src/xarm_ros2/xarm_sdk) by extensions ['ros']
[0.173s] Level 1:colcon.colcon_core.package_identification:_identify(src/xarm_ros2/xarm_sdk) by extension 'ros'
[0.173s] DEBUG:colcon.colcon_core.package_identification:Package 'src/xarm_ros2/xarm_sdk' with type 'ros.ament_cmake' and name 'xarm_sdk'
[0.173s] Level 1:colcon.colcon_core.package_identification:_identify(src/xarm_ros2/xarm_vision) by extensions ['ignore', 'ignore_ament_install']
[0.174s] Level 1:colcon.colcon_core.package_identification:_identify(src/xarm_ros2/xarm_vision) by extension 'ignore'
[0.174s] Level 1:colcon.colcon_core.package_identification:_identify(src/xarm_ros2/xarm_vision) by extension 'ignore_ament_install'
[0.174s] Level 1:colcon.colcon_core.package_identification:_identify(src/xarm_ros2/xarm_vision) by extensions ['colcon_pkg']
[0.174s] Level 1:colcon.colcon_core.package_identification:_identify(src/xarm_ros2/xarm_vision) by extension 'colcon_pkg'
[0.174s] Level 1:colcon.colcon_core.package_identification:_identify(src/xarm_ros2/xarm_vision) by extensions ['colcon_meta']
[0.174s] Level 1:colcon.colcon_core.package_identification:_identify(src/xarm_ros2/xarm_vision) by extension 'colcon_meta'
[0.174s] Level 1:colcon.colcon_core.package_identification:_identify(src/xarm_ros2/xarm_vision) by extensions ['ros']
[0.174s] Level 1:colcon.colcon_core.package_identification:_identify(src/xarm_ros2/xarm_vision) by extension 'ros'
[0.174s] Level 1:colcon.colcon_core.package_identification:_identify(src/xarm_ros2/xarm_vision) by extensions ['cmake', 'python']
[0.174s] Level 1:colcon.colcon_core.package_identification:_identify(src/xarm_ros2/xarm_vision) by extension 'cmake'
[0.174s] Level 1:colcon.colcon_core.package_identification:_identify(src/xarm_ros2/xarm_vision) by extension 'python'
[0.174s] Level 1:colcon.colcon_core.package_identification:_identify(src/xarm_ros2/xarm_vision) by extensions ['python_setup_py']
[0.174s] Level 1:colcon.colcon_core.package_identification:_identify(src/xarm_ros2/xarm_vision) by extension 'python_setup_py'
[0.174s] Level 1:colcon.colcon_core.package_identification:_identify(src/xarm_ros2/xarm_vision/d435i_xarm_setup) by extensions ['ignore', 'ignore_ament_install']
[0.174s] Level 1:colcon.colcon_core.package_identification:_identify(src/xarm_ros2/xarm_vision/d435i_xarm_setup) by extension 'ignore'
[0.174s] Level 1:colcon.colcon_core.package_identification:_identify(src/xarm_ros2/xarm_vision/d435i_xarm_setup) by extension 'ignore_ament_install'
[0.174s] Level 1:colcon.colcon_core.package_identification:_identify(src/xarm_ros2/xarm_vision/d435i_xarm_setup) by extensions ['colcon_pkg']
[0.174s] Level 1:colcon.colcon_core.package_identification:_identify(src/xarm_ros2/xarm_vision/d435i_xarm_setup) by extension 'colcon_pkg'
[0.174s] Level 1:colcon.colcon_core.package_identification:_identify(src/xarm_ros2/xarm_vision/d435i_xarm_setup) by extensions ['colcon_meta']
[0.174s] Level 1:colcon.colcon_core.package_identification:_identify(src/xarm_ros2/xarm_vision/d435i_xarm_setup) by extension 'colcon_meta'
[0.174s] Level 1:colcon.colcon_core.package_identification:_identify(src/xarm_ros2/xarm_vision/d435i_xarm_setup) by extensions ['ros']
[0.174s] Level 1:colcon.colcon_core.package_identification:_identify(src/xarm_ros2/xarm_vision/d435i_xarm_setup) by extension 'ros'
[0.175s] DEBUG:colcon.colcon_core.package_identification:Package 'src/xarm_ros2/xarm_vision/d435i_xarm_setup' with type 'ros.ament_cmake' and name 'd435i_xarm_setup'
[0.175s] Level 1:colcon.colcon_core.package_discovery:discover_packages(recursive) using defaults
[0.175s] Level 1:colcon.colcon_core.package_discovery:discover_packages(ignore) discover
[0.175s] Level 1:colcon.colcon_core.package_discovery:discover_packages(ignore) using defaults
[0.175s] Level 1:colcon.colcon_core.package_discovery:discover_packages(path) discover
[0.175s] Level 1:colcon.colcon_core.package_discovery:discover_packages(path) using defaults
[0.196s] INFO:colcon.colcon_core.package_selection:Skipping package 'xarm_planner' in 'src/xarm_ros2/xarm_planner'
[0.196s] INFO:colcon.colcon_core.package_selection:Skipping package 'xarm_moveit_servo' in 'src/xarm_ros2/xarm_moveit_servo'
[0.196s] INFO:colcon.colcon_core.package_selection:Skipping package 'xarm_gazebo' in 'src/xarm_ros2/xarm_gazebo'
[0.196s] INFO:colcon.colcon_core.package_selection:Skipping package 'd435i_xarm_setup' in 'src/xarm_ros2/xarm_vision/d435i_xarm_setup'
[0.196s] INFO:colcon.colcon_core.package_selection:Skipping package 'realsense_gazebo_plugin' in 'src/xarm_ros2/thirdparty/realsense_gazebo_plugin'
[0.196s] INFO:colcon.colcon_core.package_selection:Skipping package 'object_recognition_msgs' in 'src/object_recognition_msgs'
[0.196s] INFO:colcon.colcon_core.package_selection:Skipping package 'mbot_demo' in 'src/xarm_ros2/demo/mbot_demo'
[0.196s] Level 1:colcon.colcon_core.package_discovery:discover_packages(prefix_path) check parameters
[0.196s] Level 1:colcon.colcon_core.package_discovery:discover_packages(prefix_path) discover
[0.198s] DEBUG:colcon.colcon_installed_package_information.package_discovery:Found 11 installed packages in /home/anatoly/ros2k_ws/install
[0.200s] DEBUG:colcon.colcon_installed_package_information.package_discovery:Found 380 installed packages in /opt/ros/kilted
[0.201s] Level 1:colcon.colcon_core.package_discovery:discover_packages(prefix_path) using defaults
[0.248s] WARNING:colcon.colcon_core.package_selection:Some selected packages are already built in one or more underlay workspaces:
	'xarm_msgs' is in: /home/anatoly/ros2k_ws/install/xarm_msgs
	'xarm_description' is in: /home/anatoly/ros2k_ws/install/xarm_description
	'xarm_controller' is in: /home/anatoly/ros2k_ws/install/xarm_controller
	'xarm_moveit_config' is in: /home/anatoly/ros2k_ws/install/xarm_moveit_config
	'uf_ros_lib' is in: /home/anatoly/ros2k_ws/install/uf_ros_lib
If a package in a merged underlay workspace is overridden and it installs headers, then all packages in the overlay must sort their include directories by workspace order. Failure to do so may result in build failures or undefined behavior at run time.
If the overridden package is used by another package in any underlay, then the overriding package in the overlay must be API and ABI compatible or undefined behavior at run time may occur.

If you understand the risks and want to override a package anyways, add the following to the command line:
	--allow-overriding uf_ros_lib xarm_controller xarm_description xarm_moveit_config xarm_msgs

This may be promoted to an error in a future release of colcon-override-check.
[0.249s] Level 5:colcon.colcon_core.verb:set package 'uf_ros_lib' build argument 'cmake_args' from command line to '['-DCMAKE_BUILD_TYPE=Release']'
[0.249s] Level 5:colcon.colcon_core.verb:set package 'uf_ros_lib' build argument 'cmake_target' from command line to 'None'
[0.249s] Level 5:colcon.colcon_core.verb:set package 'uf_ros_lib' build argument 'cmake_target_skip_unavailable' from command line to 'False'
[0.249s] Level 5:colcon.colcon_core.verb:set package 'uf_ros_lib' build argument 'cmake_clean_cache' from command line to 'False'
[0.249s] Level 5:colcon.colcon_core.verb:set package 'uf_ros_lib' build argument 'cmake_clean_first' from command line to 'False'
[0.249s] Level 5:colcon.colcon_core.verb:set package 'uf_ros_lib' build argument 'cmake_force_configure' from command line to 'False'
[0.249s] Level 5:colcon.colcon_core.verb:set package 'uf_ros_lib' build argument 'ament_cmake_args' from command line to 'None'
[0.249s] Level 5:colcon.colcon_core.verb:set package 'uf_ros_lib' build argument 'catkin_cmake_args' from command line to 'None'
[0.249s] Level 5:colcon.colcon_core.verb:set package 'uf_ros_lib' build argument 'catkin_skip_building_tests' from command line to 'False'
[0.249s] DEBUG:colcon.colcon_core.verb:Building package 'uf_ros_lib' with the following arguments: {'ament_cmake_args': None, 'build_base': '/home/anatoly/ros2k_ws/build/uf_ros_lib', 'catkin_cmake_args': None, 'catkin_skip_building_tests': False, 'cmake_args': ['-DCMAKE_BUILD_TYPE=Release'], 'cmake_clean_cache': False, 'cmake_clean_first': False, 'cmake_force_configure': False, 'cmake_target': None, 'cmake_target_skip_unavailable': False, 'install_base': '/home/anatoly/ros2k_ws/install/uf_ros_lib', 'merge_install': False, 'path': '/home/anatoly/ros2k_ws/src/xarm_ros2/uf_ros_lib', 'symlink_install': True, 'test_result_base': None}
[0.249s] Level 5:colcon.colcon_core.verb:set package 'xarm_description' build argument 'cmake_args' from command line to '['-DCMAKE_BUILD_TYPE=Release']'
[0.249s] Level 5:colcon.colcon_core.verb:set package 'xarm_description' build argument 'cmake_target' from command line to 'None'
[0.249s] Level 5:colcon.colcon_core.verb:set package 'xarm_description' build argument 'cmake_target_skip_unavailable' from command line to 'False'
[0.249s] Level 5:colcon.colcon_core.verb:set package 'xarm_description' build argument 'cmake_clean_cache' from command line to 'False'
[0.249s] Level 5:colcon.colcon_core.verb:set package 'xarm_description' build argument 'cmake_clean_first' from command line to 'False'
[0.249s] Level 5:colcon.colcon_core.verb:set package 'xarm_description' build argument 'cmake_force_configure' from command line to 'False'
[0.249s] Level 5:colcon.colcon_core.verb:set package 'xarm_description' build argument 'ament_cmake_args' from command line to 'None'
[0.249s] Level 5:colcon.colcon_core.verb:set package 'xarm_description' build argument 'catkin_cmake_args' from command line to 'None'
[0.249s] Level 5:colcon.colcon_core.verb:set package 'xarm_description' build argument 'catkin_skip_building_tests' from command line to 'False'
[0.249s] DEBUG:colcon.colcon_core.verb:Building package 'xarm_description' with the following arguments: {'ament_cmake_args': None, 'build_base': '/home/anatoly/ros2k_ws/build/xarm_description', 'catkin_cmake_args': None, 'catkin_skip_building_tests': False, 'cmake_args': ['-DCMAKE_BUILD_TYPE=Release'], 'cmake_clean_cache': False, 'cmake_clean_first': False, 'cmake_force_configure': False, 'cmake_target': None, 'cmake_target_skip_unavailable': False, 'install_base': '/home/anatoly/ros2k_ws/install/xarm_description', 'merge_install': False, 'path': '/home/anatoly/ros2k_ws/src/xarm_ros2/xarm_description', 'symlink_install': True, 'test_result_base': None}
[0.249s] Level 5:colcon.colcon_core.verb:set package 'xarm_msgs' build argument 'cmake_args' from command line to '['-DCMAKE_BUILD_TYPE=Release']'
[0.249s] Level 5:colcon.colcon_core.verb:set package 'xarm_msgs' build argument 'cmake_target' from command line to 'None'
[0.249s] Level 5:colcon.colcon_core.verb:set package 'xarm_msgs' build argument 'cmake_target_skip_unavailable' from command line to 'False'
[0.249s] Level 5:colcon.colcon_core.verb:set package 'xarm_msgs' build argument 'cmake_clean_cache' from command line to 'False'
[0.249s] Level 5:colcon.colcon_core.verb:set package 'xarm_msgs' build argument 'cmake_clean_first' from command line to 'False'
[0.249s] Level 5:colcon.colcon_core.verb:set package 'xarm_msgs' build argument 'cmake_force_configure' from command line to 'False'
[0.250s] Level 5:colcon.colcon_core.verb:set package 'xarm_msgs' build argument 'ament_cmake_args' from command line to 'None'
[0.250s] Level 5:colcon.colcon_core.verb:set package 'xarm_msgs' build argument 'catkin_cmake_args' from command line to 'None'
[0.250s] Level 5:colcon.colcon_core.verb:set package 'xarm_msgs' build argument 'catkin_skip_building_tests' from command line to 'False'
[0.250s] DEBUG:colcon.colcon_core.verb:Building package 'xarm_msgs' with the following arguments: {'ament_cmake_args': None, 'build_base': '/home/anatoly/ros2k_ws/build/xarm_msgs', 'catkin_cmake_args': None, 'catkin_skip_building_tests': False, 'cmake_args': ['-DCMAKE_BUILD_TYPE=Release'], 'cmake_clean_cache': False, 'cmake_clean_first': False, 'cmake_force_configure': False, 'cmake_target': None, 'cmake_target_skip_unavailable': False, 'install_base': '/home/anatoly/ros2k_ws/install/xarm_msgs', 'merge_install': False, 'path': '/home/anatoly/ros2k_ws/src/xarm_ros2/xarm_msgs', 'symlink_install': True, 'test_result_base': None}
[0.250s] Level 5:colcon.colcon_core.verb:set package 'xarm_sdk' build argument 'cmake_args' from command line to '['-DCMAKE_BUILD_TYPE=Release']'
[0.250s] Level 5:colcon.colcon_core.verb:set package 'xarm_sdk' build argument 'cmake_target' from command line to 'None'
[0.250s] Level 5:colcon.colcon_core.verb:set package 'xarm_sdk' build argument 'cmake_target_skip_unavailable' from command line to 'False'
[0.250s] Level 5:colcon.colcon_core.verb:set package 'xarm_sdk' build argument 'cmake_clean_cache' from command line to 'False'
[0.250s] Level 5:colcon.colcon_core.verb:set package 'xarm_sdk' build argument 'cmake_clean_first' from command line to 'False'
[0.250s] Level 5:colcon.colcon_core.verb:set package 'xarm_sdk' build argument 'cmake_force_configure' from command line to 'False'
[0.250s] Level 5:colcon.colcon_core.verb:set package 'xarm_sdk' build argument 'ament_cmake_args' from command line to 'None'
[0.250s] Level 5:colcon.colcon_core.verb:set package 'xarm_sdk' build argument 'catkin_cmake_args' from command line to 'None'
[0.250s] Level 5:colcon.colcon_core.verb:set package 'xarm_sdk' build argument 'catkin_skip_building_tests' from command line to 'False'
[0.250s] DEBUG:colcon.colcon_core.verb:Building package 'xarm_sdk' with the following arguments: {'ament_cmake_args': None, 'build_base': '/home/anatoly/ros2k_ws/build/xarm_sdk', 'catkin_cmake_args': None, 'catkin_skip_building_tests': False, 'cmake_args': ['-DCMAKE_BUILD_TYPE=Release'], 'cmake_clean_cache': False, 'cmake_clean_first': False, 'cmake_force_configure': False, 'cmake_target': None, 'cmake_target_skip_unavailable': False, 'install_base': '/home/anatoly/ros2k_ws/install/xarm_sdk', 'merge_install': False, 'path': '/home/anatoly/ros2k_ws/src/xarm_ros2/xarm_sdk', 'symlink_install': True, 'test_result_base': None}
[0.250s] Level 5:colcon.colcon_core.verb:set package 'xarm_api' build argument 'cmake_args' from command line to '['-DCMAKE_BUILD_TYPE=Release']'
[0.250s] Level 5:colcon.colcon_core.verb:set package 'xarm_api' build argument 'cmake_target' from command line to 'None'
[0.250s] Level 5:colcon.colcon_core.verb:set package 'xarm_api' build argument 'cmake_target_skip_unavailable' from command line to 'False'
[0.250s] Level 5:colcon.colcon_core.verb:set package 'xarm_api' build argument 'cmake_clean_cache' from command line to 'False'
[0.250s] Level 5:colcon.colcon_core.verb:set package 'xarm_api' build argument 'cmake_clean_first' from command line to 'False'
[0.250s] Level 5:colcon.colcon_core.verb:set package 'xarm_api' build argument 'cmake_force_configure' from command line to 'False'
[0.250s] Level 5:colcon.colcon_core.verb:set package 'xarm_api' build argument 'ament_cmake_args' from command line to 'None'
[0.250s] Level 5:colcon.colcon_core.verb:set package 'xarm_api' build argument 'catkin_cmake_args' from command line to 'None'
[0.250s] Level 5:colcon.colcon_core.verb:set package 'xarm_api' build argument 'catkin_skip_building_tests' from command line to 'False'
[0.250s] DEBUG:colcon.colcon_core.verb:Building package 'xarm_api' with the following arguments: {'ament_cmake_args': None, 'build_base': '/home/anatoly/ros2k_ws/build/xarm_api', 'catkin_cmake_args': None, 'catkin_skip_building_tests': False, 'cmake_args': ['-DCMAKE_BUILD_TYPE=Release'], 'cmake_clean_cache': False, 'cmake_clean_first': False, 'cmake_force_configure': False, 'cmake_target': None, 'cmake_target_skip_unavailable': False, 'install_base': '/home/anatoly/ros2k_ws/install/xarm_api', 'merge_install': False, 'path': '/home/anatoly/ros2k_ws/src/xarm_ros2/xarm_api', 'symlink_install': True, 'test_result_base': None}
[0.250s] Level 5:colcon.colcon_core.verb:set package 'xarm_controller' build argument 'cmake_args' from command line to '['-DCMAKE_BUILD_TYPE=Release']'
[0.250s] Level 5:colcon.colcon_core.verb:set package 'xarm_controller' build argument 'cmake_target' from command line to 'None'
[0.251s] Level 5:colcon.colcon_core.verb:set package 'xarm_controller' build argument 'cmake_target_skip_unavailable' from command line to 'False'
[0.251s] Level 5:colcon.colcon_core.verb:set package 'xarm_controller' build argument 'cmake_clean_cache' from command line to 'False'
[0.251s] Level 5:colcon.colcon_core.verb:set package 'xarm_controller' build argument 'cmake_clean_first' from command line to 'False'
[0.251s] Level 5:colcon.colcon_core.verb:set package 'xarm_controller' build argument 'cmake_force_configure' from command line to 'False'
[0.251s] Level 5:colcon.colcon_core.verb:set package 'xarm_controller' build argument 'ament_cmake_args' from command line to 'None'
[0.251s] Level 5:colcon.colcon_core.verb:set package 'xarm_controller' build argument 'catkin_cmake_args' from command line to 'None'
[0.251s] Level 5:colcon.colcon_core.verb:set package 'xarm_controller' build argument 'catkin_skip_building_tests' from command line to 'False'
[0.251s] DEBUG:colcon.colcon_core.verb:Building package 'xarm_controller' with the following arguments: {'ament_cmake_args': None, 'build_base': '/home/anatoly/ros2k_ws/build/xarm_controller', 'catkin_cmake_args': None, 'catkin_skip_building_tests': False, 'cmake_args': ['-DCMAKE_BUILD_TYPE=Release'], 'cmake_clean_cache': False, 'cmake_clean_first': False, 'cmake_force_configure': False, 'cmake_target': None, 'cmake_target_skip_unavailable': False, 'install_base': '/home/anatoly/ros2k_ws/install/xarm_controller', 'merge_install': False, 'path': '/home/anatoly/ros2k_ws/src/xarm_ros2/xarm_controller', 'symlink_install': True, 'test_result_base': None}
[0.251s] Level 5:colcon.colcon_core.verb:set package 'xarm_moveit_config' build argument 'cmake_args' from command line to '['-DCMAKE_BUILD_TYPE=Release']'
[0.251s] Level 5:colcon.colcon_core.verb:set package 'xarm_moveit_config' build argument 'cmake_target' from command line to 'None'
[0.251s] Level 5:colcon.colcon_core.verb:set package 'xarm_moveit_config' build argument 'cmake_target_skip_unavailable' from command line to 'False'
[0.251s] Level 5:colcon.colcon_core.verb:set package 'xarm_moveit_config' build argument 'cmake_clean_cache' from command line to 'False'
[0.251s] Level 5:colcon.colcon_core.verb:set package 'xarm_moveit_config' build argument 'cmake_clean_first' from command line to 'False'
[0.251s] Level 5:colcon.colcon_core.verb:set package 'xarm_moveit_config' build argument 'cmake_force_configure' from command line to 'False'
[0.251s] Level 5:colcon.colcon_core.verb:set package 'xarm_moveit_config' build argument 'ament_cmake_args' from command line to 'None'
[0.251s] Level 5:colcon.colcon_core.verb:set package 'xarm_moveit_config' build argument 'catkin_cmake_args' from command line to 'None'
[0.251s] Level 5:colcon.colcon_core.verb:set package 'xarm_moveit_config' build argument 'catkin_skip_building_tests' from command line to 'False'
[0.251s] DEBUG:colcon.colcon_core.verb:Building package 'xarm_moveit_config' with the following arguments: {'ament_cmake_args': None, 'build_base': '/home/anatoly/ros2k_ws/build/xarm_moveit_config', 'catkin_cmake_args': None, 'catkin_skip_building_tests': False, 'cmake_args': ['-DCMAKE_BUILD_TYPE=Release'], 'cmake_clean_cache': False, 'cmake_clean_first': False, 'cmake_force_configure': False, 'cmake_target': None, 'cmake_target_skip_unavailable': False, 'install_base': '/home/anatoly/ros2k_ws/install/xarm_moveit_config', 'merge_install': False, 'path': '/home/anatoly/ros2k_ws/src/xarm_ros2/xarm_moveit_config', 'symlink_install': True, 'test_result_base': None}
[0.251s] INFO:colcon.colcon_core.executor:Executing jobs using 'parallel' executor
[0.252s] DEBUG:colcon.colcon_parallel_executor.executor.parallel:run_until_complete
[0.252s] INFO:colcon.colcon_ros.task.ament_cmake.build:Building ROS package in '/home/anatoly/ros2k_ws/src/xarm_ros2/xarm_description' with build type 'ament_cmake'
[0.252s] INFO:colcon.colcon_cmake.task.cmake.build:Building CMake package in '/home/anatoly/ros2k_ws/src/xarm_ros2/xarm_description'
[0.254s] INFO:colcon.colcon_core.plugin_system:Skipping extension 'colcon_core.shell.bat': Not used on non-Windows systems
[0.254s] INFO:colcon.colcon_core.shell:Skip shell extension 'powershell' for command environment: Not usable outside of PowerShell
[0.254s] DEBUG:colcon.colcon_core.shell:Skip shell extension 'dsv' for command environment
[0.259s] INFO:colcon.colcon_ros.task.ament_cmake.build:Building ROS package in '/home/anatoly/ros2k_ws/src/xarm_ros2/xarm_msgs' with build type 'ament_cmake'
[0.259s] INFO:colcon.colcon_cmake.task.cmake.build:Building CMake package in '/home/anatoly/ros2k_ws/src/xarm_ros2/xarm_msgs'
[0.259s] INFO:colcon.colcon_core.shell:Skip shell extension 'powershell' for command environment: Not usable outside of PowerShell
[0.259s] DEBUG:colcon.colcon_core.shell:Skip shell extension 'dsv' for command environment
[0.263s] INFO:colcon.colcon_ros.task.ament_cmake.build:Building ROS package in '/home/anatoly/ros2k_ws/src/xarm_ros2/xarm_sdk' with build type 'ament_cmake'
[0.263s] INFO:colcon.colcon_cmake.task.cmake.build:Building CMake package in '/home/anatoly/ros2k_ws/src/xarm_ros2/xarm_sdk'
[0.264s] INFO:colcon.colcon_core.shell:Skip shell extension 'powershell' for command environment: Not usable outside of PowerShell
[0.264s] DEBUG:colcon.colcon_core.shell:Skip shell extension 'dsv' for command environment
[0.268s] INFO:colcon.colcon_ros.task.ament_python.build:Building ROS package in '/home/anatoly/ros2k_ws/src/xarm_ros2/uf_ros_lib' with build type 'ament_python'
[0.268s] Level 1:colcon.colcon_core.shell:create_environment_hook('uf_ros_lib', 'ament_prefix_path')
[0.268s] INFO:colcon.colcon_core.shell:Creating environment hook '/home/anatoly/ros2k_ws/install/uf_ros_lib/share/uf_ros_lib/hook/ament_prefix_path.ps1'
[0.269s] INFO:colcon.colcon_core.shell:Creating environment descriptor '/home/anatoly/ros2k_ws/install/uf_ros_lib/share/uf_ros_lib/hook/ament_prefix_path.dsv'
[0.269s] INFO:colcon.colcon_core.shell:Creating environment hook '/home/anatoly/ros2k_ws/install/uf_ros_lib/share/uf_ros_lib/hook/ament_prefix_path.sh'
[0.269s] INFO:colcon.colcon_core.shell:Skip shell extension 'powershell' for command environment: Not usable outside of PowerShell
[0.269s] DEBUG:colcon.colcon_core.shell:Skip shell extension 'dsv' for command environment
[0.277s] DEBUG:colcon.colcon_core.event_handler.log_command:Invoking command in '/home/anatoly/ros2k_ws/build/xarm_description': CMAKE_PREFIX_PATH=${CMAKE_PREFIX_PATH}:/home/anatoly/ros2k_ws/install/uf_ros_lib:/opt/ros/kilted DEBUGINFOD_URLS=https://debuginfod.ubuntu.com /usr/bin/cmake --build /home/anatoly/ros2k_ws/build/xarm_description -- -j12 -l12
[0.279s] DEBUG:colcon.colcon_core.event_handler.log_command:Invoking command in '/home/anatoly/ros2k_ws/build/xarm_msgs': CMAKE_PREFIX_PATH=${CMAKE_PREFIX_PATH}:/home/anatoly/ros2k_ws/install/uf_ros_lib:/opt/ros/kilted DEBUGINFOD_URLS=https://debuginfod.ubuntu.com /usr/bin/cmake --build /home/anatoly/ros2k_ws/build/xarm_msgs -- -j12 -l12
[0.281s] DEBUG:colcon.colcon_core.event_handler.log_command:Invoking command in '/home/anatoly/ros2k_ws/build/xarm_sdk': CMAKE_PREFIX_PATH=${CMAKE_PREFIX_PATH}:/home/anatoly/ros2k_ws/install/uf_ros_lib:/opt/ros/kilted DEBUGINFOD_URLS=https://debuginfod.ubuntu.com /usr/bin/cmake --build /home/anatoly/ros2k_ws/build/xarm_sdk -- -j12 -l12
[0.485s] INFO:colcon.colcon_core.task.python.build:Building Python package in '/home/anatoly/ros2k_ws/src/xarm_ros2/uf_ros_lib'
[0.485s] INFO:colcon.colcon_core.shell:Skip shell extension 'powershell' for command environment: Not usable outside of PowerShell
[0.485s] DEBUG:colcon.colcon_core.shell:Skip shell extension 'dsv' for command environment
[0.491s] DEBUG:colcon.colcon_core.event_handler.log_command:Invoked command in '/home/anatoly/ros2k_ws/build/xarm_description' returned '0': CMAKE_PREFIX_PATH=${CMAKE_PREFIX_PATH}:/home/anatoly/ros2k_ws/install/uf_ros_lib:/opt/ros/kilted DEBUGINFOD_URLS=https://debuginfod.ubuntu.com /usr/bin/cmake --build /home/anatoly/ros2k_ws/build/xarm_description -- -j12 -l12
[0.505s] DEBUG:colcon.colcon_core.event_handler.log_command:Invoking command in '/home/anatoly/ros2k_ws/build/xarm_description': CMAKE_PREFIX_PATH=${CMAKE_PREFIX_PATH}:/home/anatoly/ros2k_ws/install/uf_ros_lib:/opt/ros/kilted DEBUGINFOD_URLS=https://debuginfod.ubuntu.com /usr/bin/cmake --install /home/anatoly/ros2k_ws/build/xarm_description
[0.505s] DEBUG:colcon.colcon_core.event_handler.log_command:Invoked command in '/home/anatoly/ros2k_ws/build/xarm_sdk' returned '0': CMAKE_PREFIX_PATH=${CMAKE_PREFIX_PATH}:/home/anatoly/ros2k_ws/install/uf_ros_lib:/opt/ros/kilted DEBUGINFOD_URLS=https://debuginfod.ubuntu.com /usr/bin/cmake --build /home/anatoly/ros2k_ws/build/xarm_sdk -- -j12 -l12
[0.506s] DEBUG:colcon.colcon_core.event_handler.log_command:Invoking command in '/home/anatoly/ros2k_ws/build/xarm_sdk': CMAKE_PREFIX_PATH=${CMAKE_PREFIX_PATH}:/home/anatoly/ros2k_ws/install/uf_ros_lib:/opt/ros/kilted DEBUGINFOD_URLS=https://debuginfod.ubuntu.com /usr/bin/cmake --install /home/anatoly/ros2k_ws/build/xarm_sdk
[0.547s] Level 1:colcon.colcon_core.environment:create_environment_scripts_only(xarm_sdk)
[0.548s] DEBUG:colcon.colcon_core.event_handler.log_command:Invoked command in '/home/anatoly/ros2k_ws/build/xarm_sdk' returned '0': CMAKE_PREFIX_PATH=${CMAKE_PREFIX_PATH}:/home/anatoly/ros2k_ws/install/uf_ros_lib:/opt/ros/kilted DEBUGINFOD_URLS=https://debuginfod.ubuntu.com /usr/bin/cmake --install /home/anatoly/ros2k_ws/build/xarm_sdk
[0.564s] Level 1:colcon.colcon_core.environment:checking '/home/anatoly/ros2k_ws/install/xarm_sdk' for CMake module files
[0.567s] Level 1:colcon.colcon_core.environment:checking '/home/anatoly/ros2k_ws/install/xarm_sdk' for CMake config files
[0.569s] Level 1:colcon.colcon_core.shell:create_environment_hook('xarm_sdk', 'cmake_prefix_path')
[0.569s] INFO:colcon.colcon_core.shell:Creating environment hook '/home/anatoly/ros2k_ws/install/xarm_sdk/share/xarm_sdk/hook/cmake_prefix_path.ps1'
[0.569s] INFO:colcon.colcon_core.shell:Creating environment descriptor '/home/anatoly/ros2k_ws/install/xarm_sdk/share/xarm_sdk/hook/cmake_prefix_path.dsv'
[0.570s] INFO:colcon.colcon_core.shell:Creating environment hook '/home/anatoly/ros2k_ws/install/xarm_sdk/share/xarm_sdk/hook/cmake_prefix_path.sh'
[0.571s] Level 1:colcon.colcon_core.environment:checking '/home/anatoly/ros2k_ws/install/xarm_sdk/lib'
[0.571s] Level 1:colcon.colcon_core.shell:create_environment_hook('xarm_sdk', 'ld_library_path_lib')
[0.571s] INFO:colcon.colcon_core.shell:Creating environment hook '/home/anatoly/ros2k_ws/install/xarm_sdk/share/xarm_sdk/hook/ld_library_path_lib.ps1'
[0.571s] INFO:colcon.colcon_core.shell:Creating environment descriptor '/home/anatoly/ros2k_ws/install/xarm_sdk/share/xarm_sdk/hook/ld_library_path_lib.dsv'
[0.572s] INFO:colcon.colcon_core.shell:Creating environment hook '/home/anatoly/ros2k_ws/install/xarm_sdk/share/xarm_sdk/hook/ld_library_path_lib.sh'
[0.572s] Level 1:colcon.colcon_core.environment:checking '/home/anatoly/ros2k_ws/install/xarm_sdk/bin'
[0.572s] Level 1:colcon.colcon_core.environment:checking '/home/anatoly/ros2k_ws/install/xarm_sdk/lib/pkgconfig/xarm_sdk.pc'
[0.572s] Level 1:colcon.colcon_core.environment:checking '/home/anatoly/ros2k_ws/install/xarm_sdk/lib/python3.12/site-packages'
[0.573s] Level 1:colcon.colcon_core.environment:checking '/home/anatoly/ros2k_ws/install/xarm_sdk/bin'
[0.573s] INFO:colcon.colcon_core.shell:Creating package script '/home/anatoly/ros2k_ws/install/xarm_sdk/share/xarm_sdk/package.ps1'
[0.575s] INFO:colcon.colcon_core.shell:Creating package descriptor '/home/anatoly/ros2k_ws/install/xarm_sdk/share/xarm_sdk/package.dsv'
[0.575s] INFO:colcon.colcon_core.shell:Creating package script '/home/anatoly/ros2k_ws/install/xarm_sdk/share/xarm_sdk/package.sh'
[0.576s] INFO:colcon.colcon_core.shell:Creating package script '/home/anatoly/ros2k_ws/install/xarm_sdk/share/xarm_sdk/package.bash'
[0.576s] INFO:colcon.colcon_core.shell:Creating package script '/home/anatoly/ros2k_ws/install/xarm_sdk/share/xarm_sdk/package.zsh'
[0.577s] Level 1:colcon.colcon_core.environment:create_file_with_runtime_dependencies(/home/anatoly/ros2k_ws/install/xarm_sdk/share/colcon-core/packages/xarm_sdk)
[0.578s] Level 1:colcon.colcon_core.environment:create_environment_scripts_only(xarm_sdk)
[0.578s] Level 1:colcon.colcon_core.environment:checking '/home/anatoly/ros2k_ws/install/xarm_sdk' for CMake module files
[0.578s] Level 1:colcon.colcon_core.environment:checking '/home/anatoly/ros2k_ws/install/xarm_sdk' for CMake config files
[0.579s] Level 1:colcon.colcon_core.shell:create_environment_hook('xarm_sdk', 'cmake_prefix_path')
[0.579s] INFO:colcon.colcon_core.shell:Creating environment hook '/home/anatoly/ros2k_ws/install/xarm_sdk/share/xarm_sdk/hook/cmake_prefix_path.ps1'
[0.579s] INFO:colcon.colcon_core.shell:Creating environment descriptor '/home/anatoly/ros2k_ws/install/xarm_sdk/share/xarm_sdk/hook/cmake_prefix_path.dsv'
[0.579s] INFO:colcon.colcon_core.shell:Creating environment hook '/home/anatoly/ros2k_ws/install/xarm_sdk/share/xarm_sdk/hook/cmake_prefix_path.sh'
[0.580s] Level 1:colcon.colcon_core.environment:checking '/home/anatoly/ros2k_ws/install/xarm_sdk/lib'
[0.580s] Level 1:colcon.colcon_core.shell:create_environment_hook('xarm_sdk', 'ld_library_path_lib')
[0.580s] INFO:colcon.colcon_core.shell:Creating environment hook '/home/anatoly/ros2k_ws/install/xarm_sdk/share/xarm_sdk/hook/ld_library_path_lib.ps1'
[0.580s] INFO:colcon.colcon_core.shell:Creating environment descriptor '/home/anatoly/ros2k_ws/install/xarm_sdk/share/xarm_sdk/hook/ld_library_path_lib.dsv'
[0.580s] INFO:colcon.colcon_core.shell:Creating environment hook '/home/anatoly/ros2k_ws/install/xarm_sdk/share/xarm_sdk/hook/ld_library_path_lib.sh'
[0.581s] Level 1:colcon.colcon_core.environment:checking '/home/anatoly/ros2k_ws/install/xarm_sdk/bin'
[0.581s] Level 1:colcon.colcon_core.environment:checking '/home/anatoly/ros2k_ws/install/xarm_sdk/lib/pkgconfig/xarm_sdk.pc'
[0.581s] Level 1:colcon.colcon_core.environment:checking '/home/anatoly/ros2k_ws/install/xarm_sdk/lib/python3.12/site-packages'
[0.581s] Level 1:colcon.colcon_core.environment:checking '/home/anatoly/ros2k_ws/install/xarm_sdk/bin'
[0.581s] INFO:colcon.colcon_core.shell:Creating package script '/home/anatoly/ros2k_ws/install/xarm_sdk/share/xarm_sdk/package.ps1'
[0.582s] INFO:colcon.colcon_core.shell:Creating package descriptor '/home/anatoly/ros2k_ws/install/xarm_sdk/share/xarm_sdk/package.dsv'
[0.582s] INFO:colcon.colcon_core.shell:Creating package script '/home/anatoly/ros2k_ws/install/xarm_sdk/share/xarm_sdk/package.sh'
[0.583s] INFO:colcon.colcon_core.shell:Creating package script '/home/anatoly/ros2k_ws/install/xarm_sdk/share/xarm_sdk/package.bash'
[0.583s] INFO:colcon.colcon_core.shell:Creating package script '/home/anatoly/ros2k_ws/install/xarm_sdk/share/xarm_sdk/package.zsh'
[0.583s] Level 1:colcon.colcon_core.environment:create_file_with_runtime_dependencies(/home/anatoly/ros2k_ws/install/xarm_sdk/share/colcon-core/packages/xarm_sdk)
[0.584s] Level 1:colcon.colcon_core.environment:create_environment_scripts_only(xarm_description)
[0.584s] Level 1:colcon.colcon_core.environment:checking '/home/anatoly/ros2k_ws/install/xarm_description' for CMake module files
[0.585s] DEBUG:colcon.colcon_core.event_handler.log_command:Invoked command in '/home/anatoly/ros2k_ws/build/xarm_description' returned '0': CMAKE_PREFIX_PATH=${CMAKE_PREFIX_PATH}:/home/anatoly/ros2k_ws/install/uf_ros_lib:/opt/ros/kilted DEBUGINFOD_URLS=https://debuginfod.ubuntu.com /usr/bin/cmake --install /home/anatoly/ros2k_ws/build/xarm_description
[0.585s] Level 1:colcon.colcon_core.environment:checking '/home/anatoly/ros2k_ws/install/xarm_description' for CMake config files
[0.588s] Level 1:colcon.colcon_core.shell:create_environment_hook('xarm_description', 'cmake_prefix_path')
[0.588s] INFO:colcon.colcon_core.shell:Creating environment hook '/home/anatoly/ros2k_ws/install/xarm_description/share/xarm_description/hook/cmake_prefix_path.ps1'
[0.589s] INFO:colcon.colcon_core.shell:Creating environment descriptor '/home/anatoly/ros2k_ws/install/xarm_description/share/xarm_description/hook/cmake_prefix_path.dsv'
[0.589s] INFO:colcon.colcon_core.shell:Creating environment hook '/home/anatoly/ros2k_ws/install/xarm_description/share/xarm_description/hook/cmake_prefix_path.sh'
[0.589s] Level 1:colcon.colcon_core.environment:checking '/home/anatoly/ros2k_ws/install/xarm_description/bin'
[0.590s] Level 1:colcon.colcon_core.environment:checking '/home/anatoly/ros2k_ws/install/xarm_description/lib/pkgconfig/xarm_description.pc'
[0.590s] Level 1:colcon.colcon_core.environment:checking '/home/anatoly/ros2k_ws/install/xarm_description/lib/python3.12/site-packages'
[0.590s] Level 1:colcon.colcon_core.environment:checking '/home/anatoly/ros2k_ws/install/xarm_description/bin'
[0.590s] INFO:colcon.colcon_core.shell:Creating package script '/home/anatoly/ros2k_ws/install/xarm_description/share/xarm_description/package.ps1'
[0.591s] INFO:colcon.colcon_core.shell:Creating package descriptor '/home/anatoly/ros2k_ws/install/xarm_description/share/xarm_description/package.dsv'
[0.591s] INFO:colcon.colcon_core.shell:Creating package script '/home/anatoly/ros2k_ws/install/xarm_description/share/xarm_description/package.sh'
[0.591s] INFO:colcon.colcon_core.shell:Creating package script '/home/anatoly/ros2k_ws/install/xarm_description/share/xarm_description/package.bash'
[0.591s] INFO:colcon.colcon_core.shell:Creating package script '/home/anatoly/ros2k_ws/install/xarm_description/share/xarm_description/package.zsh'
[0.592s] Level 1:colcon.colcon_core.environment:create_file_with_runtime_dependencies(/home/anatoly/ros2k_ws/install/xarm_description/share/colcon-core/packages/xarm_description)
[0.592s] Level 1:colcon.colcon_core.environment:create_environment_scripts_only(xarm_description)
[0.592s] Level 1:colcon.colcon_core.environment:checking '/home/anatoly/ros2k_ws/install/xarm_description' for CMake module files
[0.593s] Level 1:colcon.colcon_core.environment:checking '/home/anatoly/ros2k_ws/install/xarm_description' for CMake config files
[0.595s] Level 1:colcon.colcon_core.shell:create_environment_hook('xarm_description', 'cmake_prefix_path')
[0.595s] INFO:colcon.colcon_core.shell:Creating environment hook '/home/anatoly/ros2k_ws/install/xarm_description/share/xarm_description/hook/cmake_prefix_path.ps1'
[0.595s] INFO:colcon.colcon_core.shell:Creating environment descriptor '/home/anatoly/ros2k_ws/install/xarm_description/share/xarm_description/hook/cmake_prefix_path.dsv'
[0.596s] INFO:colcon.colcon_core.shell:Creating environment hook '/home/anatoly/ros2k_ws/install/xarm_description/share/xarm_description/hook/cmake_prefix_path.sh'
[0.596s] Level 1:colcon.colcon_core.environment:checking '/home/anatoly/ros2k_ws/install/xarm_description/bin'
[0.596s] Level 1:colcon.colcon_core.environment:checking '/home/anatoly/ros2k_ws/install/xarm_description/lib/pkgconfig/xarm_description.pc'
[0.596s] Level 1:colcon.colcon_core.environment:checking '/home/anatoly/ros2k_ws/install/xarm_description/lib/python3.12/site-packages'
[0.597s] Level 1:colcon.colcon_core.environment:checking '/home/anatoly/ros2k_ws/install/xarm_description/bin'
[0.597s] INFO:colcon.colcon_core.shell:Creating package script '/home/anatoly/ros2k_ws/install/xarm_description/share/xarm_description/package.ps1'
[0.597s] INFO:colcon.colcon_core.shell:Creating package descriptor '/home/anatoly/ros2k_ws/install/xarm_description/share/xarm_description/package.dsv'
[0.597s] INFO:colcon.colcon_core.shell:Creating package script '/home/anatoly/ros2k_ws/install/xarm_description/share/xarm_description/package.sh'
[0.598s] INFO:colcon.colcon_core.shell:Creating package script '/home/anatoly/ros2k_ws/install/xarm_description/share/xarm_description/package.bash'
[0.598s] INFO:colcon.colcon_core.shell:Creating package script '/home/anatoly/ros2k_ws/install/xarm_description/share/xarm_description/package.zsh'
[0.598s] Level 1:colcon.colcon_core.environment:create_file_with_runtime_dependencies(/home/anatoly/ros2k_ws/install/xarm_description/share/colcon-core/packages/xarm_description)
[0.734s] DEBUG:colcon.colcon_core.event_handler.log_command:Invoked command in '/home/anatoly/ros2k_ws/build/xarm_msgs' returned '0': CMAKE_PREFIX_PATH=${CMAKE_PREFIX_PATH}:/home/anatoly/ros2k_ws/install/uf_ros_lib:/opt/ros/kilted DEBUGINFOD_URLS=https://debuginfod.ubuntu.com /usr/bin/cmake --build /home/anatoly/ros2k_ws/build/xarm_msgs -- -j12 -l12
[0.735s] DEBUG:colcon.colcon_core.event_handler.log_command:Invoking command in '/home/anatoly/ros2k_ws/build/xarm_msgs': CMAKE_PREFIX_PATH=${CMAKE_PREFIX_PATH}:/home/anatoly/ros2k_ws/install/uf_ros_lib:/opt/ros/kilted DEBUGINFOD_URLS=https://debuginfod.ubuntu.com /usr/bin/cmake --install /home/anatoly/ros2k_ws/build/xarm_msgs
[0.962s] Level 1:colcon.colcon_core.environment:create_environment_scripts_only(xarm_msgs)
[0.962s] Level 1:colcon.colcon_core.environment:checking '/home/anatoly/ros2k_ws/install/xarm_msgs' for CMake module files
[0.963s] DEBUG:colcon.colcon_core.event_handler.log_command:Invoked command in '/home/anatoly/ros2k_ws/build/xarm_msgs' returned '0': CMAKE_PREFIX_PATH=${CMAKE_PREFIX_PATH}:/home/anatoly/ros2k_ws/install/uf_ros_lib:/opt/ros/kilted DEBUGINFOD_URLS=https://debuginfod.ubuntu.com /usr/bin/cmake --install /home/anatoly/ros2k_ws/build/xarm_msgs
[0.963s] Level 1:colcon.colcon_core.environment:checking '/home/anatoly/ros2k_ws/install/xarm_msgs' for CMake config files
[0.965s] Level 1:colcon.colcon_core.shell:create_environment_hook('xarm_msgs', 'cmake_prefix_path')
[0.965s] INFO:colcon.colcon_core.shell:Creating environment hook '/home/anatoly/ros2k_ws/install/xarm_msgs/share/xarm_msgs/hook/cmake_prefix_path.ps1'
[0.966s] INFO:colcon.colcon_core.shell:Creating environment descriptor '/home/anatoly/ros2k_ws/install/xarm_msgs/share/xarm_msgs/hook/cmake_prefix_path.dsv'
[0.966s] INFO:colcon.colcon_core.shell:Creating environment hook '/home/anatoly/ros2k_ws/install/xarm_msgs/share/xarm_msgs/hook/cmake_prefix_path.sh'
[0.966s] Level 1:colcon.colcon_core.environment:checking '/home/anatoly/ros2k_ws/install/xarm_msgs/lib'
[0.966s] Level 1:colcon.colcon_core.shell:create_environment_hook('xarm_msgs', 'ld_library_path_lib')
[0.967s] INFO:colcon.colcon_core.shell:Creating environment hook '/home/anatoly/ros2k_ws/install/xarm_msgs/share/xarm_msgs/hook/ld_library_path_lib.ps1'
[0.967s] INFO:colcon.colcon_core.shell:Creating environment descriptor '/home/anatoly/ros2k_ws/install/xarm_msgs/share/xarm_msgs/hook/ld_library_path_lib.dsv'
[0.967s] INFO:colcon.colcon_core.shell:Creating environment hook '/home/anatoly/ros2k_ws/install/xarm_msgs/share/xarm_msgs/hook/ld_library_path_lib.sh'
[0.967s] Level 1:colcon.colcon_core.environment:checking '/home/anatoly/ros2k_ws/install/xarm_msgs/bin'
[0.968s] Level 1:colcon.colcon_core.environment:checking '/home/anatoly/ros2k_ws/install/xarm_msgs/lib/pkgconfig/xarm_msgs.pc'
[0.968s] Level 1:colcon.colcon_core.environment:checking '/home/anatoly/ros2k_ws/install/xarm_msgs/lib/python3.12/site-packages'
[0.968s] Level 1:colcon.colcon_core.shell:create_environment_hook('xarm_msgs', 'pythonpath')
[0.968s] INFO:colcon.colcon_core.shell:Creating environment hook '/home/anatoly/ros2k_ws/install/xarm_msgs/share/xarm_msgs/hook/pythonpath.ps1'
[0.968s] INFO:colcon.colcon_core.shell:Creating environment descriptor '/home/anatoly/ros2k_ws/install/xarm_msgs/share/xarm_msgs/hook/pythonpath.dsv'
[0.968s] INFO:colcon.colcon_core.shell:Creating environment hook '/home/anatoly/ros2k_ws/install/xarm_msgs/share/xarm_msgs/hook/pythonpath.sh'
[0.969s] Level 1:colcon.colcon_core.environment:checking '/home/anatoly/ros2k_ws/install/xarm_msgs/bin'
[0.969s] INFO:colcon.colcon_core.shell:Creating package script '/home/anatoly/ros2k_ws/install/xarm_msgs/share/xarm_msgs/package.ps1'
[0.970s] INFO:colcon.colcon_core.shell:Creating package descriptor '/home/anatoly/ros2k_ws/install/xarm_msgs/share/xarm_msgs/package.dsv'
[0.970s] INFO:colcon.colcon_core.shell:Creating package script '/home/anatoly/ros2k_ws/install/xarm_msgs/share/xarm_msgs/package.sh'
[0.970s] INFO:colcon.colcon_core.shell:Creating package script '/home/anatoly/ros2k_ws/install/xarm_msgs/share/xarm_msgs/package.bash'
[0.971s] INFO:colcon.colcon_core.shell:Creating package script '/home/anatoly/ros2k_ws/install/xarm_msgs/share/xarm_msgs/package.zsh'
[0.971s] Level 1:colcon.colcon_core.environment:create_file_with_runtime_dependencies(/home/anatoly/ros2k_ws/install/xarm_msgs/share/colcon-core/packages/xarm_msgs)
[0.971s] Level 1:colcon.colcon_core.environment:create_environment_scripts_only(xarm_msgs)
[0.971s] Level 1:colcon.colcon_core.environment:checking '/home/anatoly/ros2k_ws/install/xarm_msgs' for CMake module files
[0.972s] Level 1:colcon.colcon_core.environment:checking '/home/anatoly/ros2k_ws/install/xarm_msgs' for CMake config files
[0.973s] Level 1:colcon.colcon_core.shell:create_environment_hook('xarm_msgs', 'cmake_prefix_path')
[0.973s] INFO:colcon.colcon_core.shell:Creating environment hook '/home/anatoly/ros2k_ws/install/xarm_msgs/share/xarm_msgs/hook/cmake_prefix_path.ps1'
[0.974s] INFO:colcon.colcon_core.shell:Creating environment descriptor '/home/anatoly/ros2k_ws/install/xarm_msgs/share/xarm_msgs/hook/cmake_prefix_path.dsv'
[0.974s] INFO:colcon.colcon_core.shell:Creating environment hook '/home/anatoly/ros2k_ws/install/xarm_msgs/share/xarm_msgs/hook/cmake_prefix_path.sh'
[0.974s] Level 1:colcon.colcon_core.environment:checking '/home/anatoly/ros2k_ws/install/xarm_msgs/lib'
[0.974s] Level 1:colcon.colcon_core.shell:create_environment_hook('xarm_msgs', 'ld_library_path_lib')
[0.974s] INFO:colcon.colcon_core.shell:Creating environment hook '/home/anatoly/ros2k_ws/install/xarm_msgs/share/xarm_msgs/hook/ld_library_path_lib.ps1'
[0.975s] INFO:colcon.colcon_core.shell:Creating environment descriptor '/home/anatoly/ros2k_ws/install/xarm_msgs/share/xarm_msgs/hook/ld_library_path_lib.dsv'
[0.975s] INFO:colcon.colcon_core.shell:Creating environment hook '/home/anatoly/ros2k_ws/install/xarm_msgs/share/xarm_msgs/hook/ld_library_path_lib.sh'
[0.975s] Level 1:colcon.colcon_core.environment:checking '/home/anatoly/ros2k_ws/install/xarm_msgs/bin'
[0.975s] Level 1:colcon.colcon_core.environment:checking '/home/anatoly/ros2k_ws/install/xarm_msgs/lib/pkgconfig/xarm_msgs.pc'
[0.976s] Level 1:colcon.colcon_core.environment:checking '/home/anatoly/ros2k_ws/install/xarm_msgs/lib/python3.12/site-packages'
[0.976s] Level 1:colcon.colcon_core.shell:create_environment_hook('xarm_msgs', 'pythonpath')
[0.976s] INFO:colcon.colcon_core.shell:Creating environment hook '/home/anatoly/ros2k_ws/install/xarm_msgs/share/xarm_msgs/hook/pythonpath.ps1'
[0.976s] INFO:colcon.colcon_core.shell:Creating environment descriptor '/home/anatoly/ros2k_ws/install/xarm_msgs/share/xarm_msgs/hook/pythonpath.dsv'
[0.976s] INFO:colcon.colcon_core.shell:Creating environment hook '/home/anatoly/ros2k_ws/install/xarm_msgs/share/xarm_msgs/hook/pythonpath.sh'
[0.977s] Level 1:colcon.colcon_core.environment:checking '/home/anatoly/ros2k_ws/install/xarm_msgs/bin'
[0.977s] INFO:colcon.colcon_core.shell:Creating package script '/home/anatoly/ros2k_ws/install/xarm_msgs/share/xarm_msgs/package.ps1'
[0.977s] INFO:colcon.colcon_core.shell:Creating package descriptor '/home/anatoly/ros2k_ws/install/xarm_msgs/share/xarm_msgs/package.dsv'
[0.978s] INFO:colcon.colcon_core.shell:Creating package script '/home/anatoly/ros2k_ws/install/xarm_msgs/share/xarm_msgs/package.sh'
[0.978s] INFO:colcon.colcon_core.shell:Creating package script '/home/anatoly/ros2k_ws/install/xarm_msgs/share/xarm_msgs/package.bash'
[0.978s] INFO:colcon.colcon_core.shell:Creating package script '/home/anatoly/ros2k_ws/install/xarm_msgs/share/xarm_msgs/package.zsh'
[0.979s] Level 1:colcon.colcon_core.environment:create_file_with_runtime_dependencies(/home/anatoly/ros2k_ws/install/xarm_msgs/share/colcon-core/packages/xarm_msgs)
[0.979s] INFO:colcon.colcon_ros.task.ament_cmake.build:Building ROS package in '/home/anatoly/ros2k_ws/src/xarm_ros2/xarm_api' with build type 'ament_cmake'
[0.979s] INFO:colcon.colcon_cmake.task.cmake.build:Building CMake package in '/home/anatoly/ros2k_ws/src/xarm_ros2/xarm_api'
[0.979s] INFO:colcon.colcon_core.shell:Skip shell extension 'powershell' for command environment: Not usable outside of PowerShell
[0.979s] DEBUG:colcon.colcon_core.shell:Skip shell extension 'dsv' for command environment
[0.994s] DEBUG:colcon.colcon_core.event_handler.log_command:Invoking command in '/home/anatoly/ros2k_ws/build/xarm_api': CMAKE_PREFIX_PATH=/home/anatoly/ros2k_ws/install/xarm_sdk:/home/anatoly/ros2k_ws/install/xarm_msgs:/home/anatoly/ros2k_ws/install/xarm_description:/home/anatoly/ros2k_ws/install/xarm_moveit_servo:/home/anatoly/ros2k_ws/install/xarm_controller:/home/anatoly/ros2k_ws/install/xarm_api:/home/anatoly/ros2k_ws/install/xarm_planner:/home/anatoly/ros2k_ws/install/object_recognition_msgs:/home/anatoly/ros2k_ws/install/mbot_demo:/opt/ros/kilted/opt/gz_sim_vendor:/opt/ros/kilted/opt/gz_sensors_vendor:/opt/ros/kilted/opt/gz_physics_vendor:/opt/ros/kilted/opt/sdformat_vendor:/opt/ros/kilted/opt/gz_gui_vendor:/opt/ros/kilted/opt/gz_transport_vendor:/opt/ros/kilted/opt/gz_rendering_vendor:/opt/ros/kilted/opt/gz_plugin_vendor:/opt/ros/kilted/opt/gz_fuel_tools_vendor:/opt/ros/kilted/opt/gz_msgs_vendor:/opt/ros/kilted/opt/gz_common_vendor:/opt/ros/kilted/opt/gz_math_vendor:/opt/ros/kilted/opt/gz_utils_vendor:/opt/ros/kilted/opt/gz_tools_vendor:/opt/ros/kilted/opt/gz_ogre_next_vendor:/opt/ros/kilted/opt/gz_dartsim_vendor:/opt/ros/kilted/opt/gz_cmake_vendor:/home/anatoly/ros2k_ws/install/uf_ros_lib:/opt/ros/kilted DEBUGINFOD_URLS=https://debuginfod.ubuntu.com LD_LIBRARY_PATH=/home/anatoly/ros2k_ws/install/xarm_sdk/lib:/home/anatoly/ros2k_ws/install/xarm_msgs/lib:/home/anatoly/ros2k_ws/install/xarm_moveit_servo/lib:/home/anatoly/ros2k_ws/install/xarm_controller/lib:/home/anatoly/ros2k_ws/install/xarm_api/lib:/home/anatoly/ros2k_ws/install/xarm_planner/lib:/home/anatoly/ros2k_ws/install/object_recognition_msgs/lib:/opt/ros/kilted/opt/gz_sim_vendor/lib:/opt/ros/kilted/opt/gz_sensors_vendor/lib:/opt/ros/kilted/opt/gz_physics_vendor/lib:/opt/ros/kilted/opt/sdformat_vendor/lib:/opt/ros/kilted/opt/gz_gui_vendor/lib:/opt/ros/kilted/opt/gz_transport_vendor/lib:/opt/ros/kilted/opt/gz_rendering_vendor/lib:/opt/ros/kilted/opt/gz_plugin_vendor/lib:/opt/ros/kilted/opt/gz_fuel_tools_vendor/lib:/opt/ros/kilted/opt/gz_msgs_vendor/lib:/opt/ros/kilted/opt/gz_common_vendor/lib:/opt/ros/kilted/opt/gz_math_vendor/lib:/opt/ros/kilted/opt/gz_utils_vendor/lib:/opt/ros/kilted/opt/rviz_ogre_vendor/lib:/opt/ros/kilted/lib/x86_64-linux-gnu:/opt/ros/kilted/opt/gz_tools_vendor/lib:/opt/ros/kilted/opt/gz_ogre_next_vendor/lib:/opt/ros/kilted/opt/gz_dartsim_vendor/lib:/opt/ros/kilted/opt/gz_cmake_vendor/lib:/opt/ros/kilted/lib /usr/bin/cmake --build /home/anatoly/ros2k_ws/build/xarm_api -- -j12 -l12
[1.078s] DEBUG:colcon.colcon_core.task.python.build:Available setuptools commands: install_scripts, develop, symlink_data, editable_wheel, sdist, build, install_headers, install_egg_info, bdist, test, egg_info, setopt, compile_catalog, saveopts, build_ext, update_catalog, register, upload_docs, extract_messages, easy_install, build_py, install_data, bdist_rpm, init_catalog, bdist_dumb, build_clib, rotate, dist_info, install_lib, build_scripts, clean, check, install, alias, bdist_egg, upload
[1.114s] DEBUG:colcon.colcon_core.event_handler.log_command:Invoked command in '/home/anatoly/ros2k_ws/build/xarm_api' returned '0': CMAKE_PREFIX_PATH=/home/anatoly/ros2k_ws/install/xarm_sdk:/home/anatoly/ros2k_ws/install/xarm_msgs:/home/anatoly/ros2k_ws/install/xarm_description:/home/anatoly/ros2k_ws/install/xarm_moveit_servo:/home/anatoly/ros2k_ws/install/xarm_controller:/home/anatoly/ros2k_ws/install/xarm_api:/home/anatoly/ros2k_ws/install/xarm_planner:/home/anatoly/ros2k_ws/install/object_recognition_msgs:/home/anatoly/ros2k_ws/install/mbot_demo:/opt/ros/kilted/opt/gz_sim_vendor:/opt/ros/kilted/opt/gz_sensors_vendor:/opt/ros/kilted/opt/gz_physics_vendor:/opt/ros/kilted/opt/sdformat_vendor:/opt/ros/kilted/opt/gz_gui_vendor:/opt/ros/kilted/opt/gz_transport_vendor:/opt/ros/kilted/opt/gz_rendering_vendor:/opt/ros/kilted/opt/gz_plugin_vendor:/opt/ros/kilted/opt/gz_fuel_tools_vendor:/opt/ros/kilted/opt/gz_msgs_vendor:/opt/ros/kilted/opt/gz_common_vendor:/opt/ros/kilted/opt/gz_math_vendor:/opt/ros/kilted/opt/gz_utils_vendor:/opt/ros/kilted/opt/gz_tools_vendor:/opt/ros/kilted/opt/gz_ogre_next_vendor:/opt/ros/kilted/opt/gz_dartsim_vendor:/opt/ros/kilted/opt/gz_cmake_vendor:/home/anatoly/ros2k_ws/install/uf_ros_lib:/opt/ros/kilted DEBUGINFOD_URLS=https://debuginfod.ubuntu.com LD_LIBRARY_PATH=/home/anatoly/ros2k_ws/install/xarm_sdk/lib:/home/anatoly/ros2k_ws/install/xarm_msgs/lib:/home/anatoly/ros2k_ws/install/xarm_moveit_servo/lib:/home/anatoly/ros2k_ws/install/xarm_controller/lib:/home/anatoly/ros2k_ws/install/xarm_api/lib:/home/anatoly/ros2k_ws/install/xarm_planner/lib:/home/anatoly/ros2k_ws/install/object_recognition_msgs/lib:/opt/ros/kilted/opt/gz_sim_vendor/lib:/opt/ros/kilted/opt/gz_sensors_vendor/lib:/opt/ros/kilted/opt/gz_physics_vendor/lib:/opt/ros/kilted/opt/sdformat_vendor/lib:/opt/ros/kilted/opt/gz_gui_vendor/lib:/opt/ros/kilted/opt/gz_transport_vendor/lib:/opt/ros/kilted/opt/gz_rendering_vendor/lib:/opt/ros/kilted/opt/gz_plugin_vendor/lib:/opt/ros/kilted/opt/gz_fuel_tools_vendor/lib:/opt/ros/kilted/opt/gz_msgs_vendor/lib:/opt/ros/kilted/opt/gz_common_vendor/lib:/opt/ros/kilted/opt/gz_math_vendor/lib:/opt/ros/kilted/opt/gz_utils_vendor/lib:/opt/ros/kilted/opt/rviz_ogre_vendor/lib:/opt/ros/kilted/lib/x86_64-linux-gnu:/opt/ros/kilted/opt/gz_tools_vendor/lib:/opt/ros/kilted/opt/gz_ogre_next_vendor/lib:/opt/ros/kilted/opt/gz_dartsim_vendor/lib:/opt/ros/kilted/opt/gz_cmake_vendor/lib:/opt/ros/kilted/lib /usr/bin/cmake --build /home/anatoly/ros2k_ws/build/xarm_api -- -j12 -l12
[1.115s] DEBUG:colcon.colcon_core.event_handler.log_command:Invoking command in '/home/anatoly/ros2k_ws/build/xarm_api': CMAKE_PREFIX_PATH=/home/anatoly/ros2k_ws/install/xarm_sdk:/home/anatoly/ros2k_ws/install/xarm_msgs:/home/anatoly/ros2k_ws/install/xarm_description:/home/anatoly/ros2k_ws/install/xarm_moveit_servo:/home/anatoly/ros2k_ws/install/xarm_controller:/home/anatoly/ros2k_ws/install/xarm_api:/home/anatoly/ros2k_ws/install/xarm_planner:/home/anatoly/ros2k_ws/install/object_recognition_msgs:/home/anatoly/ros2k_ws/install/mbot_demo:/opt/ros/kilted/opt/gz_sim_vendor:/opt/ros/kilted/opt/gz_sensors_vendor:/opt/ros/kilted/opt/gz_physics_vendor:/opt/ros/kilted/opt/sdformat_vendor:/opt/ros/kilted/opt/gz_gui_vendor:/opt/ros/kilted/opt/gz_transport_vendor:/opt/ros/kilted/opt/gz_rendering_vendor:/opt/ros/kilted/opt/gz_plugin_vendor:/opt/ros/kilted/opt/gz_fuel_tools_vendor:/opt/ros/kilted/opt/gz_msgs_vendor:/opt/ros/kilted/opt/gz_common_vendor:/opt/ros/kilted/opt/gz_math_vendor:/opt/ros/kilted/opt/gz_utils_vendor:/opt/ros/kilted/opt/gz_tools_vendor:/opt/ros/kilted/opt/gz_ogre_next_vendor:/opt/ros/kilted/opt/gz_dartsim_vendor:/opt/ros/kilted/opt/gz_cmake_vendor:/home/anatoly/ros2k_ws/install/uf_ros_lib:/opt/ros/kilted DEBUGINFOD_URLS=https://debuginfod.ubuntu.com LD_LIBRARY_PATH=/home/anatoly/ros2k_ws/install/xarm_sdk/lib:/home/anatoly/ros2k_ws/install/xarm_msgs/lib:/home/anatoly/ros2k_ws/install/xarm_moveit_servo/lib:/home/anatoly/ros2k_ws/install/xarm_controller/lib:/home/anatoly/ros2k_ws/install/xarm_api/lib:/home/anatoly/ros2k_ws/install/xarm_planner/lib:/home/anatoly/ros2k_ws/install/object_recognition_msgs/lib:/opt/ros/kilted/opt/gz_sim_vendor/lib:/opt/ros/kilted/opt/gz_sensors_vendor/lib:/opt/ros/kilted/opt/gz_physics_vendor/lib:/opt/ros/kilted/opt/sdformat_vendor/lib:/opt/ros/kilted/opt/gz_gui_vendor/lib:/opt/ros/kilted/opt/gz_transport_vendor/lib:/opt/ros/kilted/opt/gz_rendering_vendor/lib:/opt/ros/kilted/opt/gz_plugin_vendor/lib:/opt/ros/kilted/opt/gz_fuel_tools_vendor/lib:/opt/ros/kilted/opt/gz_msgs_vendor/lib:/opt/ros/kilted/opt/gz_common_vendor/lib:/opt/ros/kilted/opt/gz_math_vendor/lib:/opt/ros/kilted/opt/gz_utils_vendor/lib:/opt/ros/kilted/opt/rviz_ogre_vendor/lib:/opt/ros/kilted/lib/x86_64-linux-gnu:/opt/ros/kilted/opt/gz_tools_vendor/lib:/opt/ros/kilted/opt/gz_ogre_next_vendor/lib:/opt/ros/kilted/opt/gz_dartsim_vendor/lib:/opt/ros/kilted/opt/gz_cmake_vendor/lib:/opt/ros/kilted/lib /usr/bin/cmake --install /home/anatoly/ros2k_ws/build/xarm_api
[1.145s] Level 1:colcon.colcon_core.environment:create_environment_scripts_only(xarm_api)
[1.145s] Level 1:colcon.colcon_core.environment:checking '/home/anatoly/ros2k_ws/install/xarm_api' for CMake module files
[1.146s] DEBUG:colcon.colcon_core.event_handler.log_command:Invoked command in '/home/anatoly/ros2k_ws/build/xarm_api' returned '0': CMAKE_PREFIX_PATH=/home/anatoly/ros2k_ws/install/xarm_sdk:/home/anatoly/ros2k_ws/install/xarm_msgs:/home/anatoly/ros2k_ws/install/xarm_description:/home/anatoly/ros2k_ws/install/xarm_moveit_servo:/home/anatoly/ros2k_ws/install/xarm_controller:/home/anatoly/ros2k_ws/install/xarm_api:/home/anatoly/ros2k_ws/install/xarm_planner:/home/anatoly/ros2k_ws/install/object_recognition_msgs:/home/anatoly/ros2k_ws/install/mbot_demo:/opt/ros/kilted/opt/gz_sim_vendor:/opt/ros/kilted/opt/gz_sensors_vendor:/opt/ros/kilted/opt/gz_physics_vendor:/opt/ros/kilted/opt/sdformat_vendor:/opt/ros/kilted/opt/gz_gui_vendor:/opt/ros/kilted/opt/gz_transport_vendor:/opt/ros/kilted/opt/gz_rendering_vendor:/opt/ros/kilted/opt/gz_plugin_vendor:/opt/ros/kilted/opt/gz_fuel_tools_vendor:/opt/ros/kilted/opt/gz_msgs_vendor:/opt/ros/kilted/opt/gz_common_vendor:/opt/ros/kilted/opt/gz_math_vendor:/opt/ros/kilted/opt/gz_utils_vendor:/opt/ros/kilted/opt/gz_tools_vendor:/opt/ros/kilted/opt/gz_ogre_next_vendor:/opt/ros/kilted/opt/gz_dartsim_vendor:/opt/ros/kilted/opt/gz_cmake_vendor:/home/anatoly/ros2k_ws/install/uf_ros_lib:/opt/ros/kilted DEBUGINFOD_URLS=https://debuginfod.ubuntu.com LD_LIBRARY_PATH=/home/anatoly/ros2k_ws/install/xarm_sdk/lib:/home/anatoly/ros2k_ws/install/xarm_msgs/lib:/home/anatoly/ros2k_ws/install/xarm_moveit_servo/lib:/home/anatoly/ros2k_ws/install/xarm_controller/lib:/home/anatoly/ros2k_ws/install/xarm_api/lib:/home/anatoly/ros2k_ws/install/xarm_planner/lib:/home/anatoly/ros2k_ws/install/object_recognition_msgs/lib:/opt/ros/kilted/opt/gz_sim_vendor/lib:/opt/ros/kilted/opt/gz_sensors_vendor/lib:/opt/ros/kilted/opt/gz_physics_vendor/lib:/opt/ros/kilted/opt/sdformat_vendor/lib:/opt/ros/kilted/opt/gz_gui_vendor/lib:/opt/ros/kilted/opt/gz_transport_vendor/lib:/opt/ros/kilted/opt/gz_rendering_vendor/lib:/opt/ros/kilted/opt/gz_plugin_vendor/lib:/opt/ros/kilted/opt/gz_fuel_tools_vendor/lib:/opt/ros/kilted/opt/gz_msgs_vendor/lib:/opt/ros/kilted/opt/gz_common_vendor/lib:/opt/ros/kilted/opt/gz_math_vendor/lib:/opt/ros/kilted/opt/gz_utils_vendor/lib:/opt/ros/kilted/opt/rviz_ogre_vendor/lib:/opt/ros/kilted/lib/x86_64-linux-gnu:/opt/ros/kilted/opt/gz_tools_vendor/lib:/opt/ros/kilted/opt/gz_ogre_next_vendor/lib:/opt/ros/kilted/opt/gz_dartsim_vendor/lib:/opt/ros/kilted/opt/gz_cmake_vendor/lib:/opt/ros/kilted/lib /usr/bin/cmake --install /home/anatoly/ros2k_ws/build/xarm_api
[1.146s] Level 1:colcon.colcon_core.environment:checking '/home/anatoly/ros2k_ws/install/xarm_api' for CMake config files
[1.146s] Level 1:colcon.colcon_core.shell:create_environment_hook('xarm_api', 'cmake_prefix_path')
[1.146s] INFO:colcon.colcon_core.shell:Creating environment hook '/home/anatoly/ros2k_ws/install/xarm_api/share/xarm_api/hook/cmake_prefix_path.ps1'
[1.147s] INFO:colcon.colcon_core.shell:Creating environment descriptor '/home/anatoly/ros2k_ws/install/xarm_api/share/xarm_api/hook/cmake_prefix_path.dsv'
[1.147s] INFO:colcon.colcon_core.shell:Creating environment hook '/home/anatoly/ros2k_ws/install/xarm_api/share/xarm_api/hook/cmake_prefix_path.sh'
[1.148s] Level 1:colcon.colcon_core.environment:checking '/home/anatoly/ros2k_ws/install/xarm_api/lib'
[1.148s] Level 1:colcon.colcon_core.shell:create_environment_hook('xarm_api', 'ld_library_path_lib')
[1.148s] INFO:colcon.colcon_core.shell:Creating environment hook '/home/anatoly/ros2k_ws/install/xarm_api/share/xarm_api/hook/ld_library_path_lib.ps1'
[1.148s] INFO:colcon.colcon_core.shell:Creating environment descriptor '/home/anatoly/ros2k_ws/install/xarm_api/share/xarm_api/hook/ld_library_path_lib.dsv'
[1.148s] INFO:colcon.colcon_core.shell:Creating environment hook '/home/anatoly/ros2k_ws/install/xarm_api/share/xarm_api/hook/ld_library_path_lib.sh'
[1.149s] Level 1:colcon.colcon_core.environment:checking '/home/anatoly/ros2k_ws/install/xarm_api/bin'
[1.149s] Level 1:colcon.colcon_core.environment:checking '/home/anatoly/ros2k_ws/install/xarm_api/lib/pkgconfig/xarm_api.pc'
[1.149s] Level 1:colcon.colcon_core.environment:checking '/home/anatoly/ros2k_ws/install/xarm_api/lib/python3.12/site-packages'
[1.149s] Level 1:colcon.colcon_core.environment:checking '/home/anatoly/ros2k_ws/install/xarm_api/bin'
[1.149s] INFO:colcon.colcon_core.shell:Creating package script '/home/anatoly/ros2k_ws/install/xarm_api/share/xarm_api/package.ps1'
[1.150s] INFO:colcon.colcon_core.shell:Creating package descriptor '/home/anatoly/ros2k_ws/install/xarm_api/share/xarm_api/package.dsv'
[1.164s] INFO:colcon.colcon_core.shell:Creating package script '/home/anatoly/ros2k_ws/install/xarm_api/share/xarm_api/package.sh'
[1.164s] INFO:colcon.colcon_core.shell:Creating package script '/home/anatoly/ros2k_ws/install/xarm_api/share/xarm_api/package.bash'
[1.165s] INFO:colcon.colcon_core.shell:Creating package script '/home/anatoly/ros2k_ws/install/xarm_api/share/xarm_api/package.zsh'
[1.165s] Level 1:colcon.colcon_core.environment:create_file_with_runtime_dependencies(/home/anatoly/ros2k_ws/install/xarm_api/share/colcon-core/packages/xarm_api)
[1.165s] Level 1:colcon.colcon_core.environment:create_environment_scripts_only(xarm_api)
[1.165s] Level 1:colcon.colcon_core.environment:checking '/home/anatoly/ros2k_ws/install/xarm_api' for CMake module files
[1.166s] Level 1:colcon.colcon_core.environment:checking '/home/anatoly/ros2k_ws/install/xarm_api' for CMake config files
[1.166s] Level 1:colcon.colcon_core.shell:create_environment_hook('xarm_api', 'cmake_prefix_path')
[1.166s] INFO:colcon.colcon_core.shell:Creating environment hook '/home/anatoly/ros2k_ws/install/xarm_api/share/xarm_api/hook/cmake_prefix_path.ps1'
[1.167s] INFO:colcon.colcon_core.shell:Creating environment descriptor '/home/anatoly/ros2k_ws/install/xarm_api/share/xarm_api/hook/cmake_prefix_path.dsv'
[1.167s] INFO:colcon.colcon_core.shell:Creating environment hook '/home/anatoly/ros2k_ws/install/xarm_api/share/xarm_api/hook/cmake_prefix_path.sh'
[1.167s] Level 1:colcon.colcon_core.environment:checking '/home/anatoly/ros2k_ws/install/xarm_api/lib'
[1.167s] Level 1:colcon.colcon_core.shell:create_environment_hook('xarm_api', 'ld_library_path_lib')
[1.167s] INFO:colcon.colcon_core.shell:Creating environment hook '/home/anatoly/ros2k_ws/install/xarm_api/share/xarm_api/hook/ld_library_path_lib.ps1'
[1.168s] INFO:colcon.colcon_core.shell:Creating environment descriptor '/home/anatoly/ros2k_ws/install/xarm_api/share/xarm_api/hook/ld_library_path_lib.dsv'
[1.168s] INFO:colcon.colcon_core.shell:Creating environment hook '/home/anatoly/ros2k_ws/install/xarm_api/share/xarm_api/hook/ld_library_path_lib.sh'
[1.168s] Level 1:colcon.colcon_core.environment:checking '/home/anatoly/ros2k_ws/install/xarm_api/bin'
[1.168s] Level 1:colcon.colcon_core.environment:checking '/home/anatoly/ros2k_ws/install/xarm_api/lib/pkgconfig/xarm_api.pc'
[1.168s] Level 1:colcon.colcon_core.environment:checking '/home/anatoly/ros2k_ws/install/xarm_api/lib/python3.12/site-packages'
[1.169s] Level 1:colcon.colcon_core.environment:checking '/home/anatoly/ros2k_ws/install/xarm_api/bin'
[1.169s] INFO:colcon.colcon_core.shell:Creating package script '/home/anatoly/ros2k_ws/install/xarm_api/share/xarm_api/package.ps1'
[1.169s] INFO:colcon.colcon_core.shell:Creating package descriptor '/home/anatoly/ros2k_ws/install/xarm_api/share/xarm_api/package.dsv'
[1.170s] INFO:colcon.colcon_core.shell:Creating package script '/home/anatoly/ros2k_ws/install/xarm_api/share/xarm_api/package.sh'
[1.170s] INFO:colcon.colcon_core.shell:Creating package script '/home/anatoly/ros2k_ws/install/xarm_api/share/xarm_api/package.bash'
[1.170s] INFO:colcon.colcon_core.shell:Creating package script '/home/anatoly/ros2k_ws/install/xarm_api/share/xarm_api/package.zsh'
[1.171s] Level 1:colcon.colcon_core.environment:create_file_with_runtime_dependencies(/home/anatoly/ros2k_ws/install/xarm_api/share/colcon-core/packages/xarm_api)
[1.171s] INFO:colcon.colcon_ros.task.ament_cmake.build:Building ROS package in '/home/anatoly/ros2k_ws/src/xarm_ros2/xarm_controller' with build type 'ament_cmake'
[1.171s] INFO:colcon.colcon_cmake.task.cmake.build:Building CMake package in '/home/anatoly/ros2k_ws/src/xarm_ros2/xarm_controller'
[1.171s] INFO:colcon.colcon_core.shell:Skip shell extension 'powershell' for command environment: Not usable outside of PowerShell
[1.171s] DEBUG:colcon.colcon_core.shell:Skip shell extension 'dsv' for command environment
[1.188s] DEBUG:colcon.colcon_core.event_handler.log_command:Invoking command in '/home/anatoly/ros2k_ws/build/xarm_controller': CMAKE_PREFIX_PATH=/home/anatoly/ros2k_ws/install/xarm_api:/home/anatoly/ros2k_ws/install/xarm_sdk:/home/anatoly/ros2k_ws/install/xarm_msgs:/home/anatoly/ros2k_ws/install/xarm_description:/home/anatoly/ros2k_ws/install/xarm_moveit_servo:/home/anatoly/ros2k_ws/install/xarm_controller:/home/anatoly/ros2k_ws/install/xarm_planner:/home/anatoly/ros2k_ws/install/object_recognition_msgs:/home/anatoly/ros2k_ws/install/mbot_demo:/opt/ros/kilted/opt/gz_sim_vendor:/opt/ros/kilted/opt/gz_sensors_vendor:/opt/ros/kilted/opt/gz_physics_vendor:/opt/ros/kilted/opt/sdformat_vendor:/opt/ros/kilted/opt/gz_gui_vendor:/opt/ros/kilted/opt/gz_transport_vendor:/opt/ros/kilted/opt/gz_rendering_vendor:/opt/ros/kilted/opt/gz_plugin_vendor:/opt/ros/kilted/opt/gz_fuel_tools_vendor:/opt/ros/kilted/opt/gz_msgs_vendor:/opt/ros/kilted/opt/gz_common_vendor:/opt/ros/kilted/opt/gz_math_vendor:/opt/ros/kilted/opt/gz_utils_vendor:/opt/ros/kilted/opt/gz_tools_vendor:/opt/ros/kilted/opt/gz_ogre_next_vendor:/opt/ros/kilted/opt/gz_dartsim_vendor:/opt/ros/kilted/opt/gz_cmake_vendor:/home/anatoly/ros2k_ws/install/uf_ros_lib:/opt/ros/kilted DEBUGINFOD_URLS=https://debuginfod.ubuntu.com LD_LIBRARY_PATH=/home/anatoly/ros2k_ws/install/xarm_api/lib:/home/anatoly/ros2k_ws/install/xarm_sdk/lib:/home/anatoly/ros2k_ws/install/xarm_msgs/lib:/home/anatoly/ros2k_ws/install/xarm_moveit_servo/lib:/home/anatoly/ros2k_ws/install/xarm_controller/lib:/home/anatoly/ros2k_ws/install/xarm_planner/lib:/home/anatoly/ros2k_ws/install/object_recognition_msgs/lib:/opt/ros/kilted/opt/gz_sim_vendor/lib:/opt/ros/kilted/opt/gz_sensors_vendor/lib:/opt/ros/kilted/opt/gz_physics_vendor/lib:/opt/ros/kilted/opt/sdformat_vendor/lib:/opt/ros/kilted/opt/gz_gui_vendor/lib:/opt/ros/kilted/opt/gz_transport_vendor/lib:/opt/ros/kilted/opt/gz_rendering_vendor/lib:/opt/ros/kilted/opt/gz_plugin_vendor/lib:/opt/ros/kilted/opt/gz_fuel_tools_vendor/lib:/opt/ros/kilted/opt/gz_msgs_vendor/lib:/opt/ros/kilted/opt/gz_common_vendor/lib:/opt/ros/kilted/opt/gz_math_vendor/lib:/opt/ros/kilted/opt/gz_utils_vendor/lib:/opt/ros/kilted/opt/rviz_ogre_vendor/lib:/opt/ros/kilted/lib/x86_64-linux-gnu:/opt/ros/kilted/opt/gz_tools_vendor/lib:/opt/ros/kilted/opt/gz_ogre_next_vendor/lib:/opt/ros/kilted/opt/gz_dartsim_vendor/lib:/opt/ros/kilted/opt/gz_cmake_vendor/lib:/opt/ros/kilted/lib /usr/bin/cmake --build /home/anatoly/ros2k_ws/build/xarm_controller -- -j12 -l12
[1.278s] DEBUG:colcon.colcon_core.event_handler.log_command:Invoked command in '/home/anatoly/ros2k_ws/build/xarm_controller' returned '0': CMAKE_PREFIX_PATH=/home/anatoly/ros2k_ws/install/xarm_api:/home/anatoly/ros2k_ws/install/xarm_sdk:/home/anatoly/ros2k_ws/install/xarm_msgs:/home/anatoly/ros2k_ws/install/xarm_description:/home/anatoly/ros2k_ws/install/xarm_moveit_servo:/home/anatoly/ros2k_ws/install/xarm_controller:/home/anatoly/ros2k_ws/install/xarm_planner:/home/anatoly/ros2k_ws/install/object_recognition_msgs:/home/anatoly/ros2k_ws/install/mbot_demo:/opt/ros/kilted/opt/gz_sim_vendor:/opt/ros/kilted/opt/gz_sensors_vendor:/opt/ros/kilted/opt/gz_physics_vendor:/opt/ros/kilted/opt/sdformat_vendor:/opt/ros/kilted/opt/gz_gui_vendor:/opt/ros/kilted/opt/gz_transport_vendor:/opt/ros/kilted/opt/gz_rendering_vendor:/opt/ros/kilted/opt/gz_plugin_vendor:/opt/ros/kilted/opt/gz_fuel_tools_vendor:/opt/ros/kilted/opt/gz_msgs_vendor:/opt/ros/kilted/opt/gz_common_vendor:/opt/ros/kilted/opt/gz_math_vendor:/opt/ros/kilted/opt/gz_utils_vendor:/opt/ros/kilted/opt/gz_tools_vendor:/opt/ros/kilted/opt/gz_ogre_next_vendor:/opt/ros/kilted/opt/gz_dartsim_vendor:/opt/ros/kilted/opt/gz_cmake_vendor:/home/anatoly/ros2k_ws/install/uf_ros_lib:/opt/ros/kilted DEBUGINFOD_URLS=https://debuginfod.ubuntu.com LD_LIBRARY_PATH=/home/anatoly/ros2k_ws/install/xarm_api/lib:/home/anatoly/ros2k_ws/install/xarm_sdk/lib:/home/anatoly/ros2k_ws/install/xarm_msgs/lib:/home/anatoly/ros2k_ws/install/xarm_moveit_servo/lib:/home/anatoly/ros2k_ws/install/xarm_controller/lib:/home/anatoly/ros2k_ws/install/xarm_planner/lib:/home/anatoly/ros2k_ws/install/object_recognition_msgs/lib:/opt/ros/kilted/opt/gz_sim_vendor/lib:/opt/ros/kilted/opt/gz_sensors_vendor/lib:/opt/ros/kilted/opt/gz_physics_vendor/lib:/opt/ros/kilted/opt/sdformat_vendor/lib:/opt/ros/kilted/opt/gz_gui_vendor/lib:/opt/ros/kilted/opt/gz_transport_vendor/lib:/opt/ros/kilted/opt/gz_rendering_vendor/lib:/opt/ros/kilted/opt/gz_plugin_vendor/lib:/opt/ros/kilted/opt/gz_fuel_tools_vendor/lib:/opt/ros/kilted/opt/gz_msgs_vendor/lib:/opt/ros/kilted/opt/gz_common_vendor/lib:/opt/ros/kilted/opt/gz_math_vendor/lib:/opt/ros/kilted/opt/gz_utils_vendor/lib:/opt/ros/kilted/opt/rviz_ogre_vendor/lib:/opt/ros/kilted/lib/x86_64-linux-gnu:/opt/ros/kilted/opt/gz_tools_vendor/lib:/opt/ros/kilted/opt/gz_ogre_next_vendor/lib:/opt/ros/kilted/opt/gz_dartsim_vendor/lib:/opt/ros/kilted/opt/gz_cmake_vendor/lib:/opt/ros/kilted/lib /usr/bin/cmake --build /home/anatoly/ros2k_ws/build/xarm_controller -- -j12 -l12
[1.279s] DEBUG:colcon.colcon_core.event_handler.log_command:Invoking command in '/home/anatoly/ros2k_ws/build/xarm_controller': CMAKE_PREFIX_PATH=/home/anatoly/ros2k_ws/install/xarm_api:/home/anatoly/ros2k_ws/install/xarm_sdk:/home/anatoly/ros2k_ws/install/xarm_msgs:/home/anatoly/ros2k_ws/install/xarm_description:/home/anatoly/ros2k_ws/install/xarm_moveit_servo:/home/anatoly/ros2k_ws/install/xarm_controller:/home/anatoly/ros2k_ws/install/xarm_planner:/home/anatoly/ros2k_ws/install/object_recognition_msgs:/home/anatoly/ros2k_ws/install/mbot_demo:/opt/ros/kilted/opt/gz_sim_vendor:/opt/ros/kilted/opt/gz_sensors_vendor:/opt/ros/kilted/opt/gz_physics_vendor:/opt/ros/kilted/opt/sdformat_vendor:/opt/ros/kilted/opt/gz_gui_vendor:/opt/ros/kilted/opt/gz_transport_vendor:/opt/ros/kilted/opt/gz_rendering_vendor:/opt/ros/kilted/opt/gz_plugin_vendor:/opt/ros/kilted/opt/gz_fuel_tools_vendor:/opt/ros/kilted/opt/gz_msgs_vendor:/opt/ros/kilted/opt/gz_common_vendor:/opt/ros/kilted/opt/gz_math_vendor:/opt/ros/kilted/opt/gz_utils_vendor:/opt/ros/kilted/opt/gz_tools_vendor:/opt/ros/kilted/opt/gz_ogre_next_vendor:/opt/ros/kilted/opt/gz_dartsim_vendor:/opt/ros/kilted/opt/gz_cmake_vendor:/home/anatoly/ros2k_ws/install/uf_ros_lib:/opt/ros/kilted DEBUGINFOD_URLS=https://debuginfod.ubuntu.com LD_LIBRARY_PATH=/home/anatoly/ros2k_ws/install/xarm_api/lib:/home/anatoly/ros2k_ws/install/xarm_sdk/lib:/home/anatoly/ros2k_ws/install/xarm_msgs/lib:/home/anatoly/ros2k_ws/install/xarm_moveit_servo/lib:/home/anatoly/ros2k_ws/install/xarm_controller/lib:/home/anatoly/ros2k_ws/install/xarm_planner/lib:/home/anatoly/ros2k_ws/install/object_recognition_msgs/lib:/opt/ros/kilted/opt/gz_sim_vendor/lib:/opt/ros/kilted/opt/gz_sensors_vendor/lib:/opt/ros/kilted/opt/gz_physics_vendor/lib:/opt/ros/kilted/opt/sdformat_vendor/lib:/opt/ros/kilted/opt/gz_gui_vendor/lib:/opt/ros/kilted/opt/gz_transport_vendor/lib:/opt/ros/kilted/opt/gz_rendering_vendor/lib:/opt/ros/kilted/opt/gz_plugin_vendor/lib:/opt/ros/kilted/opt/gz_fuel_tools_vendor/lib:/opt/ros/kilted/opt/gz_msgs_vendor/lib:/opt/ros/kilted/opt/gz_common_vendor/lib:/opt/ros/kilted/opt/gz_math_vendor/lib:/opt/ros/kilted/opt/gz_utils_vendor/lib:/opt/ros/kilted/opt/rviz_ogre_vendor/lib:/opt/ros/kilted/lib/x86_64-linux-gnu:/opt/ros/kilted/opt/gz_tools_vendor/lib:/opt/ros/kilted/opt/gz_ogre_next_vendor/lib:/opt/ros/kilted/opt/gz_dartsim_vendor/lib:/opt/ros/kilted/opt/gz_cmake_vendor/lib:/opt/ros/kilted/lib /usr/bin/cmake --install /home/anatoly/ros2k_ws/build/xarm_controller
[1.312s] Level 1:colcon.colcon_core.environment:create_environment_scripts_only(xarm_controller)
[1.312s] Level 1:colcon.colcon_core.environment:checking '/home/anatoly/ros2k_ws/install/xarm_controller' for CMake module files
[1.312s] DEBUG:colcon.colcon_core.event_handler.log_command:Invoked command in '/home/anatoly/ros2k_ws/build/xarm_controller' returned '0': CMAKE_PREFIX_PATH=/home/anatoly/ros2k_ws/install/xarm_api:/home/anatoly/ros2k_ws/install/xarm_sdk:/home/anatoly/ros2k_ws/install/xarm_msgs:/home/anatoly/ros2k_ws/install/xarm_description:/home/anatoly/ros2k_ws/install/xarm_moveit_servo:/home/anatoly/ros2k_ws/install/xarm_controller:/home/anatoly/ros2k_ws/install/xarm_planner:/home/anatoly/ros2k_ws/install/object_recognition_msgs:/home/anatoly/ros2k_ws/install/mbot_demo:/opt/ros/kilted/opt/gz_sim_vendor:/opt/ros/kilted/opt/gz_sensors_vendor:/opt/ros/kilted/opt/gz_physics_vendor:/opt/ros/kilted/opt/sdformat_vendor:/opt/ros/kilted/opt/gz_gui_vendor:/opt/ros/kilted/opt/gz_transport_vendor:/opt/ros/kilted/opt/gz_rendering_vendor:/opt/ros/kilted/opt/gz_plugin_vendor:/opt/ros/kilted/opt/gz_fuel_tools_vendor:/opt/ros/kilted/opt/gz_msgs_vendor:/opt/ros/kilted/opt/gz_common_vendor:/opt/ros/kilted/opt/gz_math_vendor:/opt/ros/kilted/opt/gz_utils_vendor:/opt/ros/kilted/opt/gz_tools_vendor:/opt/ros/kilted/opt/gz_ogre_next_vendor:/opt/ros/kilted/opt/gz_dartsim_vendor:/opt/ros/kilted/opt/gz_cmake_vendor:/home/anatoly/ros2k_ws/install/uf_ros_lib:/opt/ros/kilted DEBUGINFOD_URLS=https://debuginfod.ubuntu.com LD_LIBRARY_PATH=/home/anatoly/ros2k_ws/install/xarm_api/lib:/home/anatoly/ros2k_ws/install/xarm_sdk/lib:/home/anatoly/ros2k_ws/install/xarm_msgs/lib:/home/anatoly/ros2k_ws/install/xarm_moveit_servo/lib:/home/anatoly/ros2k_ws/install/xarm_controller/lib:/home/anatoly/ros2k_ws/install/xarm_planner/lib:/home/anatoly/ros2k_ws/install/object_recognition_msgs/lib:/opt/ros/kilted/opt/gz_sim_vendor/lib:/opt/ros/kilted/opt/gz_sensors_vendor/lib:/opt/ros/kilted/opt/gz_physics_vendor/lib:/opt/ros/kilted/opt/sdformat_vendor/lib:/opt/ros/kilted/opt/gz_gui_vendor/lib:/opt/ros/kilted/opt/gz_transport_vendor/lib:/opt/ros/kilted/opt/gz_rendering_vendor/lib:/opt/ros/kilted/opt/gz_plugin_vendor/lib:/opt/ros/kilted/opt/gz_fuel_tools_vendor/lib:/opt/ros/kilted/opt/gz_msgs_vendor/lib:/opt/ros/kilted/opt/gz_common_vendor/lib:/opt/ros/kilted/opt/gz_math_vendor/lib:/opt/ros/kilted/opt/gz_utils_vendor/lib:/opt/ros/kilted/opt/rviz_ogre_vendor/lib:/opt/ros/kilted/lib/x86_64-linux-gnu:/opt/ros/kilted/opt/gz_tools_vendor/lib:/opt/ros/kilted/opt/gz_ogre_next_vendor/lib:/opt/ros/kilted/opt/gz_dartsim_vendor/lib:/opt/ros/kilted/opt/gz_cmake_vendor/lib:/opt/ros/kilted/lib /usr/bin/cmake --install /home/anatoly/ros2k_ws/build/xarm_controller
[1.313s] Level 1:colcon.colcon_core.environment:checking '/home/anatoly/ros2k_ws/install/xarm_controller' for CMake config files
[1.313s] Level 1:colcon.colcon_core.shell:create_environment_hook('xarm_controller', 'cmake_prefix_path')
[1.313s] INFO:colcon.colcon_core.shell:Creating environment hook '/home/anatoly/ros2k_ws/install/xarm_controller/share/xarm_controller/hook/cmake_prefix_path.ps1'
[1.314s] INFO:colcon.colcon_core.shell:Creating environment descriptor '/home/anatoly/ros2k_ws/install/xarm_controller/share/xarm_controller/hook/cmake_prefix_path.dsv'
[1.314s] INFO:colcon.colcon_core.shell:Creating environment hook '/home/anatoly/ros2k_ws/install/xarm_controller/share/xarm_controller/hook/cmake_prefix_path.sh'
[1.314s] Level 1:colcon.colcon_core.environment:checking '/home/anatoly/ros2k_ws/install/xarm_controller/lib'
[1.315s] Level 1:colcon.colcon_core.shell:create_environment_hook('xarm_controller', 'ld_library_path_lib')
[1.315s] INFO:colcon.colcon_core.shell:Creating environment hook '/home/anatoly/ros2k_ws/install/xarm_controller/share/xarm_controller/hook/ld_library_path_lib.ps1'
[1.315s] INFO:colcon.colcon_core.shell:Creating environment descriptor '/home/anatoly/ros2k_ws/install/xarm_controller/share/xarm_controller/hook/ld_library_path_lib.dsv'
[1.315s] INFO:colcon.colcon_core.shell:Creating environment hook '/home/anatoly/ros2k_ws/install/xarm_controller/share/xarm_controller/hook/ld_library_path_lib.sh'
[1.315s] Level 1:colcon.colcon_core.environment:checking '/home/anatoly/ros2k_ws/install/xarm_controller/bin'
[1.315s] Level 1:colcon.colcon_core.environment:checking '/home/anatoly/ros2k_ws/install/xarm_controller/lib/pkgconfig/xarm_controller.pc'
[1.316s] Level 1:colcon.colcon_core.environment:checking '/home/anatoly/ros2k_ws/install/xarm_controller/lib/python3.12/site-packages'
[1.316s] Level 1:colcon.colcon_core.environment:checking '/home/anatoly/ros2k_ws/install/xarm_controller/bin'
[1.316s] INFO:colcon.colcon_core.shell:Creating package script '/home/anatoly/ros2k_ws/install/xarm_controller/share/xarm_controller/package.ps1'
[1.317s] INFO:colcon.colcon_core.shell:Creating package descriptor '/home/anatoly/ros2k_ws/install/xarm_controller/share/xarm_controller/package.dsv'
[1.317s] INFO:colcon.colcon_core.shell:Creating package script '/home/anatoly/ros2k_ws/install/xarm_controller/share/xarm_controller/package.sh'
[1.317s] INFO:colcon.colcon_core.shell:Creating package script '/home/anatoly/ros2k_ws/install/xarm_controller/share/xarm_controller/package.bash'
[1.317s] INFO:colcon.colcon_core.shell:Creating package script '/home/anatoly/ros2k_ws/install/xarm_controller/share/xarm_controller/package.zsh'
[1.318s] Level 1:colcon.colcon_core.environment:create_file_with_runtime_dependencies(/home/anatoly/ros2k_ws/install/xarm_controller/share/colcon-core/packages/xarm_controller)
[1.318s] Level 1:colcon.colcon_core.environment:create_environment_scripts_only(xarm_controller)
[1.318s] Level 1:colcon.colcon_core.environment:checking '/home/anatoly/ros2k_ws/install/xarm_controller' for CMake module files
[1.319s] Level 1:colcon.colcon_core.environment:checking '/home/anatoly/ros2k_ws/install/xarm_controller' for CMake config files
[1.319s] Level 1:colcon.colcon_core.shell:create_environment_hook('xarm_controller', 'cmake_prefix_path')
[1.319s] INFO:colcon.colcon_core.shell:Creating environment hook '/home/anatoly/ros2k_ws/install/xarm_controller/share/xarm_controller/hook/cmake_prefix_path.ps1'
[1.320s] INFO:colcon.colcon_core.shell:Creating environment descriptor '/home/anatoly/ros2k_ws/install/xarm_controller/share/xarm_controller/hook/cmake_prefix_path.dsv'
[1.320s] INFO:colcon.colcon_core.shell:Creating environment hook '/home/anatoly/ros2k_ws/install/xarm_controller/share/xarm_controller/hook/cmake_prefix_path.sh'
[1.320s] Level 1:colcon.colcon_core.environment:checking '/home/anatoly/ros2k_ws/install/xarm_controller/lib'
[1.320s] Level 1:colcon.colcon_core.shell:create_environment_hook('xarm_controller', 'ld_library_path_lib')
[1.321s] INFO:colcon.colcon_core.shell:Creating environment hook '/home/anatoly/ros2k_ws/install/xarm_controller/share/xarm_controller/hook/ld_library_path_lib.ps1'
[1.321s] INFO:colcon.colcon_core.shell:Creating environment descriptor '/home/anatoly/ros2k_ws/install/xarm_controller/share/xarm_controller/hook/ld_library_path_lib.dsv'
[1.321s] INFO:colcon.colcon_core.shell:Creating environment hook '/home/anatoly/ros2k_ws/install/xarm_controller/share/xarm_controller/hook/ld_library_path_lib.sh'
[1.321s] Level 1:colcon.colcon_core.environment:checking '/home/anatoly/ros2k_ws/install/xarm_controller/bin'
[1.321s] Level 1:colcon.colcon_core.environment:checking '/home/anatoly/ros2k_ws/install/xarm_controller/lib/pkgconfig/xarm_controller.pc'
[1.322s] Level 1:colcon.colcon_core.environment:checking '/home/anatoly/ros2k_ws/install/xarm_controller/lib/python3.12/site-packages'
[1.322s] Level 1:colcon.colcon_core.environment:checking '/home/anatoly/ros2k_ws/install/xarm_controller/bin'
[1.322s] INFO:colcon.colcon_core.shell:Creating package script '/home/anatoly/ros2k_ws/install/xarm_controller/share/xarm_controller/package.ps1'
[1.323s] INFO:colcon.colcon_core.shell:Creating package descriptor '/home/anatoly/ros2k_ws/install/xarm_controller/share/xarm_controller/package.dsv'
[1.323s] INFO:colcon.colcon_core.shell:Creating package script '/home/anatoly/ros2k_ws/install/xarm_controller/share/xarm_controller/package.sh'
[1.323s] INFO:colcon.colcon_core.shell:Creating package script '/home/anatoly/ros2k_ws/install/xarm_controller/share/xarm_controller/package.bash'
[1.323s] INFO:colcon.colcon_core.shell:Creating package script '/home/anatoly/ros2k_ws/install/xarm_controller/share/xarm_controller/package.zsh'
[1.324s] Level 1:colcon.colcon_core.environment:create_file_with_runtime_dependencies(/home/anatoly/ros2k_ws/install/xarm_controller/share/colcon-core/packages/xarm_controller)
[1.396s] DEBUG:colcon.colcon_core.task.python.build:Available setuptools 'develop' options: --site-dirs, --install-dir, --always-copy, --record, --no-find-links, --zip-ok, --local-snapshots-ok, --optimize, --index-url, --multi-version, --exclude-scripts, --version, --verbose, --help, --script-dir, --always-unzip, --find-links, --user, --egg-path, --allow-hosts, --dry-run, --editable, --upgrade, --prefix, --no-deps, --force-installation-into-system-dir, --no-user-cfg, --quiet, --uninstall, --install-layout, --build-directory
[1.397s] DEBUG:colcon.colcon_core.event_handler.log_command:Invoking command in '/home/anatoly/ros2k_ws/build/uf_ros_lib': DEBUGINFOD_URLS=https://debuginfod.ubuntu.com PYTHONPATH=/home/anatoly/ros2k_ws/build/uf_ros_lib/prefix_override:/usr/lib/python3/dist-packages/colcon_core/task/python/colcon_distutils_commands:/home/anatoly/ros2k_ws/install/uf_ros_lib/lib/python3.12/site-packages:${PYTHONPATH} /usr/bin/python3 -W ignore:setup.py install is deprecated -W ignore:easy_install command is deprecated setup.py develop --editable --build-directory /home/anatoly/ros2k_ws/build/uf_ros_lib/build --no-deps symlink_data
[1.999s] Level 1:colcon.colcon_core.shell:create_environment_hook('uf_ros_lib', 'pythonpath_develop')
[1.999s] INFO:colcon.colcon_core.shell:Creating environment hook '/home/anatoly/ros2k_ws/build/uf_ros_lib/share/uf_ros_lib/hook/pythonpath_develop.ps1'
[2.000s] DEBUG:colcon.colcon_core.event_handler.log_command:Invoked command in '/home/anatoly/ros2k_ws/build/uf_ros_lib' returned '0': DEBUGINFOD_URLS=https://debuginfod.ubuntu.com PYTHONPATH=/home/anatoly/ros2k_ws/build/uf_ros_lib/prefix_override:/usr/lib/python3/dist-packages/colcon_core/task/python/colcon_distutils_commands:/home/anatoly/ros2k_ws/install/uf_ros_lib/lib/python3.12/site-packages:${PYTHONPATH} /usr/bin/python3 -W ignore:setup.py install is deprecated -W ignore:easy_install command is deprecated setup.py develop --editable --build-directory /home/anatoly/ros2k_ws/build/uf_ros_lib/build --no-deps symlink_data
[2.000s] INFO:colcon.colcon_core.shell:Creating environment descriptor '/home/anatoly/ros2k_ws/build/uf_ros_lib/share/uf_ros_lib/hook/pythonpath_develop.dsv'
[2.000s] INFO:colcon.colcon_core.shell:Creating environment hook '/home/anatoly/ros2k_ws/build/uf_ros_lib/share/uf_ros_lib/hook/pythonpath_develop.sh'
[2.001s] Level 1:colcon.colcon_core.environment:checking '/home/anatoly/ros2k_ws/install/uf_ros_lib' for CMake module files
[2.001s] Level 1:colcon.colcon_core.environment:checking '/home/anatoly/ros2k_ws/install/uf_ros_lib' for CMake config files
[2.001s] Level 1:colcon.colcon_core.environment:checking '/home/anatoly/ros2k_ws/install/uf_ros_lib/lib'
[2.001s] Level 1:colcon.colcon_core.environment:checking '/home/anatoly/ros2k_ws/install/uf_ros_lib/bin'
[2.001s] Level 1:colcon.colcon_core.environment:checking '/home/anatoly/ros2k_ws/install/uf_ros_lib/lib/pkgconfig/uf_ros_lib.pc'
[2.002s] Level 1:colcon.colcon_core.environment:checking '/home/anatoly/ros2k_ws/install/uf_ros_lib/lib/python3.12/site-packages'
[2.002s] Level 1:colcon.colcon_core.shell:create_environment_hook('uf_ros_lib', 'pythonpath')
[2.002s] INFO:colcon.colcon_core.shell:Creating environment hook '/home/anatoly/ros2k_ws/install/uf_ros_lib/share/uf_ros_lib/hook/pythonpath.ps1'
[2.002s] INFO:colcon.colcon_core.shell:Creating environment descriptor '/home/anatoly/ros2k_ws/install/uf_ros_lib/share/uf_ros_lib/hook/pythonpath.dsv'
[2.002s] INFO:colcon.colcon_core.shell:Creating environment hook '/home/anatoly/ros2k_ws/install/uf_ros_lib/share/uf_ros_lib/hook/pythonpath.sh'
[2.003s] Level 1:colcon.colcon_core.environment:checking '/home/anatoly/ros2k_ws/install/uf_ros_lib/bin'
[2.003s] Level 1:colcon.colcon_core.environment:create_environment_scripts_only(uf_ros_lib)
[2.003s] INFO:colcon.colcon_core.shell:Creating package script '/home/anatoly/ros2k_ws/install/uf_ros_lib/share/uf_ros_lib/package.ps1'
[2.004s] INFO:colcon.colcon_core.shell:Creating package descriptor '/home/anatoly/ros2k_ws/install/uf_ros_lib/share/uf_ros_lib/package.dsv'
[2.004s] INFO:colcon.colcon_core.shell:Creating package script '/home/anatoly/ros2k_ws/install/uf_ros_lib/share/uf_ros_lib/package.sh'
[2.004s] INFO:colcon.colcon_core.shell:Creating package script '/home/anatoly/ros2k_ws/install/uf_ros_lib/share/uf_ros_lib/package.bash'
[2.004s] INFO:colcon.colcon_core.shell:Creating package script '/home/anatoly/ros2k_ws/install/uf_ros_lib/share/uf_ros_lib/package.zsh'
[2.005s] Level 1:colcon.colcon_core.environment:create_file_with_runtime_dependencies(/home/anatoly/ros2k_ws/install/uf_ros_lib/share/colcon-core/packages/uf_ros_lib)
[2.005s] INFO:colcon.colcon_ros.task.ament_cmake.build:Building ROS package in '/home/anatoly/ros2k_ws/src/xarm_ros2/xarm_moveit_config' with build type 'ament_cmake'
[2.005s] INFO:colcon.colcon_cmake.task.cmake.build:Building CMake package in '/home/anatoly/ros2k_ws/src/xarm_ros2/xarm_moveit_config'
[2.005s] INFO:colcon.colcon_core.shell:Skip shell extension 'powershell' for command environment: Not usable outside of PowerShell
[2.005s] DEBUG:colcon.colcon_core.shell:Skip shell extension 'dsv' for command environment
[2.025s] DEBUG:colcon.colcon_core.event_handler.log_command:Invoking command in '/home/anatoly/ros2k_ws/build/xarm_moveit_config': AMENT_PREFIX_PATH=/home/anatoly/ros2k_ws/install/uf_ros_lib:/home/anatoly/ros2k_ws/install/xarm_moveit_servo:/home/anatoly/ros2k_ws/install/xarm_controller:/home/anatoly/ros2k_ws/install/xarm_api:/home/anatoly/ros2k_ws/install/xarm_sdk:/home/anatoly/ros2k_ws/install/xarm_planner:/home/anatoly/ros2k_ws/install/xarm_msgs:/home/anatoly/ros2k_ws/install/xarm_description:/home/anatoly/ros2k_ws/install/object_recognition_msgs:/home/anatoly/ros2k_ws/install/mbot_demo:/opt/ros/kilted CMAKE_PREFIX_PATH=/home/anatoly/ros2k_ws/install/xarm_controller:/home/anatoly/ros2k_ws/install/xarm_api:/home/anatoly/ros2k_ws/install/xarm_sdk:/home/anatoly/ros2k_ws/install/xarm_msgs:/home/anatoly/ros2k_ws/install/xarm_description:/home/anatoly/ros2k_ws/install/xarm_moveit_servo:/home/anatoly/ros2k_ws/install/xarm_planner:/home/anatoly/ros2k_ws/install/object_recognition_msgs:/home/anatoly/ros2k_ws/install/mbot_demo:/opt/ros/kilted/opt/gz_sim_vendor:/opt/ros/kilted/opt/gz_sensors_vendor:/opt/ros/kilted/opt/gz_physics_vendor:/opt/ros/kilted/opt/sdformat_vendor:/opt/ros/kilted/opt/gz_gui_vendor:/opt/ros/kilted/opt/gz_transport_vendor:/opt/ros/kilted/opt/gz_rendering_vendor:/opt/ros/kilted/opt/gz_plugin_vendor:/opt/ros/kilted/opt/gz_fuel_tools_vendor:/opt/ros/kilted/opt/gz_msgs_vendor:/opt/ros/kilted/opt/gz_common_vendor:/opt/ros/kilted/opt/gz_math_vendor:/opt/ros/kilted/opt/gz_utils_vendor:/opt/ros/kilted/opt/gz_tools_vendor:/opt/ros/kilted/opt/gz_ogre_next_vendor:/opt/ros/kilted/opt/gz_dartsim_vendor:/opt/ros/kilted/opt/gz_cmake_vendor:/home/anatoly/ros2k_ws/install/uf_ros_lib:/opt/ros/kilted DEBUGINFOD_URLS=https://debuginfod.ubuntu.com LD_LIBRARY_PATH=/home/anatoly/ros2k_ws/install/xarm_controller/lib:/home/anatoly/ros2k_ws/install/xarm_api/lib:/home/anatoly/ros2k_ws/install/xarm_sdk/lib:/home/anatoly/ros2k_ws/install/xarm_msgs/lib:/home/anatoly/ros2k_ws/install/xarm_moveit_servo/lib:/home/anatoly/ros2k_ws/install/xarm_planner/lib:/home/anatoly/ros2k_ws/install/object_recognition_msgs/lib:/opt/ros/kilted/opt/gz_sim_vendor/lib:/opt/ros/kilted/opt/gz_sensors_vendor/lib:/opt/ros/kilted/opt/gz_physics_vendor/lib:/opt/ros/kilted/opt/sdformat_vendor/lib:/opt/ros/kilted/opt/gz_gui_vendor/lib:/opt/ros/kilted/opt/gz_transport_vendor/lib:/opt/ros/kilted/opt/gz_rendering_vendor/lib:/opt/ros/kilted/opt/gz_plugin_vendor/lib:/opt/ros/kilted/opt/gz_fuel_tools_vendor/lib:/opt/ros/kilted/opt/gz_msgs_vendor/lib:/opt/ros/kilted/opt/gz_common_vendor/lib:/opt/ros/kilted/opt/gz_math_vendor/lib:/opt/ros/kilted/opt/gz_utils_vendor/lib:/opt/ros/kilted/opt/rviz_ogre_vendor/lib:/opt/ros/kilted/lib/x86_64-linux-gnu:/opt/ros/kilted/opt/gz_tools_vendor/lib:/opt/ros/kilted/opt/gz_ogre_next_vendor/lib:/opt/ros/kilted/opt/gz_dartsim_vendor/lib:/opt/ros/kilted/opt/gz_cmake_vendor/lib:/opt/ros/kilted/lib /usr/bin/cmake --build /home/anatoly/ros2k_ws/build/xarm_moveit_config -- -j12 -l12
[2.069s] DEBUG:colcon.colcon_core.event_handler.log_command:Invoked command in '/home/anatoly/ros2k_ws/build/xarm_moveit_config' returned '0': AMENT_PREFIX_PATH=/home/anatoly/ros2k_ws/install/uf_ros_lib:/home/anatoly/ros2k_ws/install/xarm_moveit_servo:/home/anatoly/ros2k_ws/install/xarm_controller:/home/anatoly/ros2k_ws/install/xarm_api:/home/anatoly/ros2k_ws/install/xarm_sdk:/home/anatoly/ros2k_ws/install/xarm_planner:/home/anatoly/ros2k_ws/install/xarm_msgs:/home/anatoly/ros2k_ws/install/xarm_description:/home/anatoly/ros2k_ws/install/object_recognition_msgs:/home/anatoly/ros2k_ws/install/mbot_demo:/opt/ros/kilted CMAKE_PREFIX_PATH=/home/anatoly/ros2k_ws/install/xarm_controller:/home/anatoly/ros2k_ws/install/xarm_api:/home/anatoly/ros2k_ws/install/xarm_sdk:/home/anatoly/ros2k_ws/install/xarm_msgs:/home/anatoly/ros2k_ws/install/xarm_description:/home/anatoly/ros2k_ws/install/xarm_moveit_servo:/home/anatoly/ros2k_ws/install/xarm_planner:/home/anatoly/ros2k_ws/install/object_recognition_msgs:/home/anatoly/ros2k_ws/install/mbot_demo:/opt/ros/kilted/opt/gz_sim_vendor:/opt/ros/kilted/opt/gz_sensors_vendor:/opt/ros/kilted/opt/gz_physics_vendor:/opt/ros/kilted/opt/sdformat_vendor:/opt/ros/kilted/opt/gz_gui_vendor:/opt/ros/kilted/opt/gz_transport_vendor:/opt/ros/kilted/opt/gz_rendering_vendor:/opt/ros/kilted/opt/gz_plugin_vendor:/opt/ros/kilted/opt/gz_fuel_tools_vendor:/opt/ros/kilted/opt/gz_msgs_vendor:/opt/ros/kilted/opt/gz_common_vendor:/opt/ros/kilted/opt/gz_math_vendor:/opt/ros/kilted/opt/gz_utils_vendor:/opt/ros/kilted/opt/gz_tools_vendor:/opt/ros/kilted/opt/gz_ogre_next_vendor:/opt/ros/kilted/opt/gz_dartsim_vendor:/opt/ros/kilted/opt/gz_cmake_vendor:/home/anatoly/ros2k_ws/install/uf_ros_lib:/opt/ros/kilted DEBUGINFOD_URLS=https://debuginfod.ubuntu.com LD_LIBRARY_PATH=/home/anatoly/ros2k_ws/install/xarm_controller/lib:/home/anatoly/ros2k_ws/install/xarm_api/lib:/home/anatoly/ros2k_ws/install/xarm_sdk/lib:/home/anatoly/ros2k_ws/install/xarm_msgs/lib:/home/anatoly/ros2k_ws/install/xarm_moveit_servo/lib:/home/anatoly/ros2k_ws/install/xarm_planner/lib:/home/anatoly/ros2k_ws/install/object_recognition_msgs/lib:/opt/ros/kilted/opt/gz_sim_vendor/lib:/opt/ros/kilted/opt/gz_sensors_vendor/lib:/opt/ros/kilted/opt/gz_physics_vendor/lib:/opt/ros/kilted/opt/sdformat_vendor/lib:/opt/ros/kilted/opt/gz_gui_vendor/lib:/opt/ros/kilted/opt/gz_transport_vendor/lib:/opt/ros/kilted/opt/gz_rendering_vendor/lib:/opt/ros/kilted/opt/gz_plugin_vendor/lib:/opt/ros/kilted/opt/gz_fuel_tools_vendor/lib:/opt/ros/kilted/opt/gz_msgs_vendor/lib:/opt/ros/kilted/opt/gz_common_vendor/lib:/opt/ros/kilted/opt/gz_math_vendor/lib:/opt/ros/kilted/opt/gz_utils_vendor/lib:/opt/ros/kilted/opt/rviz_ogre_vendor/lib:/opt/ros/kilted/lib/x86_64-linux-gnu:/opt/ros/kilted/opt/gz_tools_vendor/lib:/opt/ros/kilted/opt/gz_ogre_next_vendor/lib:/opt/ros/kilted/opt/gz_dartsim_vendor/lib:/opt/ros/kilted/opt/gz_cmake_vendor/lib:/opt/ros/kilted/lib /usr/bin/cmake --build /home/anatoly/ros2k_ws/build/xarm_moveit_config -- -j12 -l12
[2.070s] DEBUG:colcon.colcon_core.event_handler.log_command:Invoking command in '/home/anatoly/ros2k_ws/build/xarm_moveit_config': AMENT_PREFIX_PATH=/home/anatoly/ros2k_ws/install/uf_ros_lib:/home/anatoly/ros2k_ws/install/xarm_moveit_servo:/home/anatoly/ros2k_ws/install/xarm_controller:/home/anatoly/ros2k_ws/install/xarm_api:/home/anatoly/ros2k_ws/install/xarm_sdk:/home/anatoly/ros2k_ws/install/xarm_planner:/home/anatoly/ros2k_ws/install/xarm_msgs:/home/anatoly/ros2k_ws/install/xarm_description:/home/anatoly/ros2k_ws/install/object_recognition_msgs:/home/anatoly/ros2k_ws/install/mbot_demo:/opt/ros/kilted CMAKE_PREFIX_PATH=/home/anatoly/ros2k_ws/install/xarm_controller:/home/anatoly/ros2k_ws/install/xarm_api:/home/anatoly/ros2k_ws/install/xarm_sdk:/home/anatoly/ros2k_ws/install/xarm_msgs:/home/anatoly/ros2k_ws/install/xarm_description:/home/anatoly/ros2k_ws/install/xarm_moveit_servo:/home/anatoly/ros2k_ws/install/xarm_planner:/home/anatoly/ros2k_ws/install/object_recognition_msgs:/home/anatoly/ros2k_ws/install/mbot_demo:/opt/ros/kilted/opt/gz_sim_vendor:/opt/ros/kilted/opt/gz_sensors_vendor:/opt/ros/kilted/opt/gz_physics_vendor:/opt/ros/kilted/opt/sdformat_vendor:/opt/ros/kilted/opt/gz_gui_vendor:/opt/ros/kilted/opt/gz_transport_vendor:/opt/ros/kilted/opt/gz_rendering_vendor:/opt/ros/kilted/opt/gz_plugin_vendor:/opt/ros/kilted/opt/gz_fuel_tools_vendor:/opt/ros/kilted/opt/gz_msgs_vendor:/opt/ros/kilted/opt/gz_common_vendor:/opt/ros/kilted/opt/gz_math_vendor:/opt/ros/kilted/opt/gz_utils_vendor:/opt/ros/kilted/opt/gz_tools_vendor:/opt/ros/kilted/opt/gz_ogre_next_vendor:/opt/ros/kilted/opt/gz_dartsim_vendor:/opt/ros/kilted/opt/gz_cmake_vendor:/home/anatoly/ros2k_ws/install/uf_ros_lib:/opt/ros/kilted DEBUGINFOD_URLS=https://debuginfod.ubuntu.com LD_LIBRARY_PATH=/home/anatoly/ros2k_ws/install/xarm_controller/lib:/home/anatoly/ros2k_ws/install/xarm_api/lib:/home/anatoly/ros2k_ws/install/xarm_sdk/lib:/home/anatoly/ros2k_ws/install/xarm_msgs/lib:/home/anatoly/ros2k_ws/install/xarm_moveit_servo/lib:/home/anatoly/ros2k_ws/install/xarm_planner/lib:/home/anatoly/ros2k_ws/install/object_recognition_msgs/lib:/opt/ros/kilted/opt/gz_sim_vendor/lib:/opt/ros/kilted/opt/gz_sensors_vendor/lib:/opt/ros/kilted/opt/gz_physics_vendor/lib:/opt/ros/kilted/opt/sdformat_vendor/lib:/opt/ros/kilted/opt/gz_gui_vendor/lib:/opt/ros/kilted/opt/gz_transport_vendor/lib:/opt/ros/kilted/opt/gz_rendering_vendor/lib:/opt/ros/kilted/opt/gz_plugin_vendor/lib:/opt/ros/kilted/opt/gz_fuel_tools_vendor/lib:/opt/ros/kilted/opt/gz_msgs_vendor/lib:/opt/ros/kilted/opt/gz_common_vendor/lib:/opt/ros/kilted/opt/gz_math_vendor/lib:/opt/ros/kilted/opt/gz_utils_vendor/lib:/opt/ros/kilted/opt/rviz_ogre_vendor/lib:/opt/ros/kilted/lib/x86_64-linux-gnu:/opt/ros/kilted/opt/gz_tools_vendor/lib:/opt/ros/kilted/opt/gz_ogre_next_vendor/lib:/opt/ros/kilted/opt/gz_dartsim_vendor/lib:/opt/ros/kilted/opt/gz_cmake_vendor/lib:/opt/ros/kilted/lib /usr/bin/cmake --install /home/anatoly/ros2k_ws/build/xarm_moveit_config
[2.109s] Level 1:colcon.colcon_core.environment:create_environment_scripts_only(xarm_moveit_config)
[2.109s] Level 1:colcon.colcon_core.environment:checking '/home/anatoly/ros2k_ws/install/xarm_moveit_config' for CMake module files
[2.110s] DEBUG:colcon.colcon_core.event_handler.log_command:Invoked command in '/home/anatoly/ros2k_ws/build/xarm_moveit_config' returned '0': AMENT_PREFIX_PATH=/home/anatoly/ros2k_ws/install/uf_ros_lib:/home/anatoly/ros2k_ws/install/xarm_moveit_servo:/home/anatoly/ros2k_ws/install/xarm_controller:/home/anatoly/ros2k_ws/install/xarm_api:/home/anatoly/ros2k_ws/install/xarm_sdk:/home/anatoly/ros2k_ws/install/xarm_planner:/home/anatoly/ros2k_ws/install/xarm_msgs:/home/anatoly/ros2k_ws/install/xarm_description:/home/anatoly/ros2k_ws/install/object_recognition_msgs:/home/anatoly/ros2k_ws/install/mbot_demo:/opt/ros/kilted CMAKE_PREFIX_PATH=/home/anatoly/ros2k_ws/install/xarm_controller:/home/anatoly/ros2k_ws/install/xarm_api:/home/anatoly/ros2k_ws/install/xarm_sdk:/home/anatoly/ros2k_ws/install/xarm_msgs:/home/anatoly/ros2k_ws/install/xarm_description:/home/anatoly/ros2k_ws/install/xarm_moveit_servo:/home/anatoly/ros2k_ws/install/xarm_planner:/home/anatoly/ros2k_ws/install/object_recognition_msgs:/home/anatoly/ros2k_ws/install/mbot_demo:/opt/ros/kilted/opt/gz_sim_vendor:/opt/ros/kilted/opt/gz_sensors_vendor:/opt/ros/kilted/opt/gz_physics_vendor:/opt/ros/kilted/opt/sdformat_vendor:/opt/ros/kilted/opt/gz_gui_vendor:/opt/ros/kilted/opt/gz_transport_vendor:/opt/ros/kilted/opt/gz_rendering_vendor:/opt/ros/kilted/opt/gz_plugin_vendor:/opt/ros/kilted/opt/gz_fuel_tools_vendor:/opt/ros/kilted/opt/gz_msgs_vendor:/opt/ros/kilted/opt/gz_common_vendor:/opt/ros/kilted/opt/gz_math_vendor:/opt/ros/kilted/opt/gz_utils_vendor:/opt/ros/kilted/opt/gz_tools_vendor:/opt/ros/kilted/opt/gz_ogre_next_vendor:/opt/ros/kilted/opt/gz_dartsim_vendor:/opt/ros/kilted/opt/gz_cmake_vendor:/home/anatoly/ros2k_ws/install/uf_ros_lib:/opt/ros/kilted DEBUGINFOD_URLS=https://debuginfod.ubuntu.com LD_LIBRARY_PATH=/home/anatoly/ros2k_ws/install/xarm_controller/lib:/home/anatoly/ros2k_ws/install/xarm_api/lib:/home/anatoly/ros2k_ws/install/xarm_sdk/lib:/home/anatoly/ros2k_ws/install/xarm_msgs/lib:/home/anatoly/ros2k_ws/install/xarm_moveit_servo/lib:/home/anatoly/ros2k_ws/install/xarm_planner/lib:/home/anatoly/ros2k_ws/install/object_recognition_msgs/lib:/opt/ros/kilted/opt/gz_sim_vendor/lib:/opt/ros/kilted/opt/gz_sensors_vendor/lib:/opt/ros/kilted/opt/gz_physics_vendor/lib:/opt/ros/kilted/opt/sdformat_vendor/lib:/opt/ros/kilted/opt/gz_gui_vendor/lib:/opt/ros/kilted/opt/gz_transport_vendor/lib:/opt/ros/kilted/opt/gz_rendering_vendor/lib:/opt/ros/kilted/opt/gz_plugin_vendor/lib:/opt/ros/kilted/opt/gz_fuel_tools_vendor/lib:/opt/ros/kilted/opt/gz_msgs_vendor/lib:/opt/ros/kilted/opt/gz_common_vendor/lib:/opt/ros/kilted/opt/gz_math_vendor/lib:/opt/ros/kilted/opt/gz_utils_vendor/lib:/opt/ros/kilted/opt/rviz_ogre_vendor/lib:/opt/ros/kilted/lib/x86_64-linux-gnu:/opt/ros/kilted/opt/gz_tools_vendor/lib:/opt/ros/kilted/opt/gz_ogre_next_vendor/lib:/opt/ros/kilted/opt/gz_dartsim_vendor/lib:/opt/ros/kilted/opt/gz_cmake_vendor/lib:/opt/ros/kilted/lib /usr/bin/cmake --install /home/anatoly/ros2k_ws/build/xarm_moveit_config
[2.110s] Level 1:colcon.colcon_core.environment:checking '/home/anatoly/ros2k_ws/install/xarm_moveit_config' for CMake config files
[2.111s] Level 1:colcon.colcon_core.shell:create_environment_hook('xarm_moveit_config', 'cmake_prefix_path')
[2.111s] INFO:colcon.colcon_core.shell:Creating environment hook '/home/anatoly/ros2k_ws/install/xarm_moveit_config/share/xarm_moveit_config/hook/cmake_prefix_path.ps1'
[2.112s] INFO:colcon.colcon_core.shell:Creating environment descriptor '/home/anatoly/ros2k_ws/install/xarm_moveit_config/share/xarm_moveit_config/hook/cmake_prefix_path.dsv'
[2.112s] INFO:colcon.colcon_core.shell:Creating environment hook '/home/anatoly/ros2k_ws/install/xarm_moveit_config/share/xarm_moveit_config/hook/cmake_prefix_path.sh'
[2.113s] Level 1:colcon.colcon_core.environment:checking '/home/anatoly/ros2k_ws/install/xarm_moveit_config/bin'
[2.113s] Level 1:colcon.colcon_core.environment:checking '/home/anatoly/ros2k_ws/install/xarm_moveit_config/lib/pkgconfig/xarm_moveit_config.pc'
[2.113s] Level 1:colcon.colcon_core.environment:checking '/home/anatoly/ros2k_ws/install/xarm_moveit_config/lib/python3.12/site-packages'
[2.113s] Level 1:colcon.colcon_core.environment:checking '/home/anatoly/ros2k_ws/install/xarm_moveit_config/bin'
[2.113s] INFO:colcon.colcon_core.shell:Creating package script '/home/anatoly/ros2k_ws/install/xarm_moveit_config/share/xarm_moveit_config/package.ps1'
[2.114s] INFO:colcon.colcon_core.shell:Creating package descriptor '/home/anatoly/ros2k_ws/install/xarm_moveit_config/share/xarm_moveit_config/package.dsv'
[2.114s] INFO:colcon.colcon_core.shell:Creating package script '/home/anatoly/ros2k_ws/install/xarm_moveit_config/share/xarm_moveit_config/package.sh'
[2.114s] INFO:colcon.colcon_core.shell:Creating package script '/home/anatoly/ros2k_ws/install/xarm_moveit_config/share/xarm_moveit_config/package.bash'
[2.115s] INFO:colcon.colcon_core.shell:Creating package script '/home/anatoly/ros2k_ws/install/xarm_moveit_config/share/xarm_moveit_config/package.zsh'
[2.115s] Level 1:colcon.colcon_core.environment:create_file_with_runtime_dependencies(/home/anatoly/ros2k_ws/install/xarm_moveit_config/share/colcon-core/packages/xarm_moveit_config)
[2.115s] Level 1:colcon.colcon_core.environment:create_environment_scripts_only(xarm_moveit_config)
[2.115s] Level 1:colcon.colcon_core.environment:checking '/home/anatoly/ros2k_ws/install/xarm_moveit_config' for CMake module files
[2.116s] Level 1:colcon.colcon_core.environment:checking '/home/anatoly/ros2k_ws/install/xarm_moveit_config' for CMake config files
[2.117s] Level 1:colcon.colcon_core.shell:create_environment_hook('xarm_moveit_config', 'cmake_prefix_path')
[2.117s] INFO:colcon.colcon_core.shell:Creating environment hook '/home/anatoly/ros2k_ws/install/xarm_moveit_config/share/xarm_moveit_config/hook/cmake_prefix_path.ps1'
[2.118s] INFO:colcon.colcon_core.shell:Creating environment descriptor '/home/anatoly/ros2k_ws/install/xarm_moveit_config/share/xarm_moveit_config/hook/cmake_prefix_path.dsv'
[2.118s] INFO:colcon.colcon_core.shell:Creating environment hook '/home/anatoly/ros2k_ws/install/xarm_moveit_config/share/xarm_moveit_config/hook/cmake_prefix_path.sh'
[2.118s] Level 1:colcon.colcon_core.environment:checking '/home/anatoly/ros2k_ws/install/xarm_moveit_config/bin'
[2.118s] Level 1:colcon.colcon_core.environment:checking '/home/anatoly/ros2k_ws/install/xarm_moveit_config/lib/pkgconfig/xarm_moveit_config.pc'
[2.118s] Level 1:colcon.colcon_core.environment:checking '/home/anatoly/ros2k_ws/install/xarm_moveit_config/lib/python3.12/site-packages'
[2.119s] Level 1:colcon.colcon_core.environment:checking '/home/anatoly/ros2k_ws/install/xarm_moveit_config/bin'
[2.119s] INFO:colcon.colcon_core.shell:Creating package script '/home/anatoly/ros2k_ws/install/xarm_moveit_config/share/xarm_moveit_config/package.ps1'
[2.119s] INFO:colcon.colcon_core.shell:Creating package descriptor '/home/anatoly/ros2k_ws/install/xarm_moveit_config/share/xarm_moveit_config/package.dsv'
[2.120s] INFO:colcon.colcon_core.shell:Creating package script '/home/anatoly/ros2k_ws/install/xarm_moveit_config/share/xarm_moveit_config/package.sh'
[2.120s] INFO:colcon.colcon_core.shell:Creating package script '/home/anatoly/ros2k_ws/install/xarm_moveit_config/share/xarm_moveit_config/package.bash'
[2.120s] INFO:colcon.colcon_core.shell:Creating package script '/home/anatoly/ros2k_ws/install/xarm_moveit_config/share/xarm_moveit_config/package.zsh'
[2.121s] Level 1:colcon.colcon_core.environment:create_file_with_runtime_dependencies(/home/anatoly/ros2k_ws/install/xarm_moveit_config/share/colcon-core/packages/xarm_moveit_config)
[2.121s] DEBUG:colcon.colcon_parallel_executor.executor.parallel:closing loop
[2.121s] DEBUG:colcon.colcon_parallel_executor.executor.parallel:loop closed
[2.121s] DEBUG:colcon.colcon_parallel_executor.executor.parallel:run_until_complete finished with '0'
[2.121s] DEBUG:colcon.colcon_core.event_reactor:joining thread
[2.126s] INFO:colcon.colcon_core.plugin_system:Skipping extension 'colcon_notification.desktop_notification.terminal_notifier': Not used on non-Darwin systems
[2.126s] INFO:colcon.colcon_core.plugin_system:Skipping extension 'colcon_notification.desktop_notification.win32': Not used on non-Windows systems
[2.126s] INFO:colcon.colcon_notification.desktop_notification:Sending desktop notification using 'notify2'
[2.137s] DEBUG:colcon.colcon_core.event_reactor:joined thread
[2.137s] INFO:colcon.colcon_core.shell:Creating prefix script '/home/anatoly/ros2k_ws/install/local_setup.ps1'
[2.138s] INFO:colcon.colcon_core.shell:Creating prefix util module '/home/anatoly/ros2k_ws/install/_local_setup_util_ps1.py'
[2.139s] INFO:colcon.colcon_core.shell:Creating prefix chain script '/home/anatoly/ros2k_ws/install/setup.ps1'
[2.140s] INFO:colcon.colcon_core.shell:Creating prefix script '/home/anatoly/ros2k_ws/install/local_setup.sh'
[2.140s] INFO:colcon.colcon_core.shell:Creating prefix util module '/home/anatoly/ros2k_ws/install/_local_setup_util_sh.py'
[2.141s] INFO:colcon.colcon_core.shell:Creating prefix chain script '/home/anatoly/ros2k_ws/install/setup.sh'
[2.142s] INFO:colcon.colcon_core.shell:Creating prefix script '/home/anatoly/ros2k_ws/install/local_setup.bash'
[2.143s] INFO:colcon.colcon_core.shell:Creating prefix chain script '/home/anatoly/ros2k_ws/install/setup.bash'
[2.144s] INFO:colcon.colcon_core.shell:Creating prefix script '/home/anatoly/ros2k_ws/install/local_setup.zsh'
[2.144s] INFO:colcon.colcon_core.shell:Creating prefix chain script '/home/anatoly/ros2k_ws/install/setup.zsh'
