[0.092s] DEBUG:colcon:Command line arguments: ['/usr/bin/colcon', 'build', '--symlink-install', '--cmake-args', '-DCMAKE_BUILD_TYPE=Release', '--event-handlers', 'console_direct+', '--packages-skip', 'realsense_gazebo_plugin', 'xarm_gazebo', 'd435i_xarm_setup', 'xarm_moveit_config']
[0.092s] DEBUG:colcon:Parsed command line arguments: Namespace(log_base=None, log_level=None, verb_name='build', build_base='build', install_base='install', merge_install=False, symlink_install=True, test_result_base=None, continue_on_error=False, executor='parallel', parallel_workers=12, event_handlers=['console_direct+'], ignore_user_meta=False, metas=['./colcon.meta'], base_paths=['.'], packages_ignore=None, packages_ignore_regex=None, paths=None, packages_up_to=None, packages_up_to_regex=None, packages_above=None, packages_above_and_dependencies=None, packages_above_depth=None, packages_select_by_dep=None, packages_skip_by_dep=None, packages_skip_up_to=None, packages_select_build_failed=False, packages_skip_build_finished=False, packages_select_test_failures=False, packages_skip_test_passed=False, packages_select=None, packages_skip=['realsense_gazebo_plugin', 'xarm_gazebo', 'd435i_xarm_setup', 'xarm_moveit_config'], packages_select_regex=None, packages_skip_regex=None, packages_start=None, packages_end=None, allow_overriding=[], cmake_args=['-DCMAKE_BUILD_TYPE=Release'], cmake_target=None, cmake_target_skip_unavailable=False, cmake_clean_cache=False, cmake_clean_first=False, cmake_force_configure=False, ament_cmake_args=None, catkin_cmake_args=None, catkin_skip_building_tests=False, mixin_files=None, mixin=None, verb_parser=<colcon_mixin.mixin.mixin_argument.MixinArgumentDecorator object at 0x7c701fca5190>, verb_extension=<colcon_core.verb.build.BuildVerb object at 0x7c701fca4f50>, main=<bound method BuildVerb.main of <colcon_core.verb.build.BuildVerb object at 0x7c701fca4f50>>, mixin_verb=('build',))
[0.125s] Level 1:colcon.colcon_core.package_discovery:discover_packages(colcon_meta) check parameters
[0.125s] Level 1:colcon.colcon_core.package_discovery:discover_packages(recursive) check parameters
[0.125s] Level 1:colcon.colcon_core.package_discovery:discover_packages(ignore) check parameters
[0.125s] Level 1:colcon.colcon_core.package_discovery:discover_packages(path) check parameters
[0.125s] Level 1:colcon.colcon_core.package_discovery:discover_packages(colcon_meta) discover
[0.125s] Level 1:colcon.colcon_core.package_discovery:discover_packages(recursive) discover
[0.125s] INFO:colcon.colcon_core.package_discovery:Crawling recursively for packages in '/home/anatoly/ros2k_ws'
[0.125s] Level 1:colcon.colcon_core.package_identification:_identify(.) by extensions ['ignore', 'ignore_ament_install']
[0.125s] Level 1:colcon.colcon_core.package_identification:_identify(.) by extension 'ignore'
[0.125s] Level 1:colcon.colcon_core.package_identification:_identify(.) by extension 'ignore_ament_install'
[0.125s] Level 1:colcon.colcon_core.package_identification:_identify(.) by extensions ['colcon_pkg']
[0.125s] Level 1:colcon.colcon_core.package_identification:_identify(.) by extension 'colcon_pkg'
[0.125s] Level 1:colcon.colcon_core.package_identification:_identify(.) by extensions ['colcon_meta']
[0.125s] Level 1:colcon.colcon_core.package_identification:_identify(.) by extension 'colcon_meta'
[0.125s] Level 1:colcon.colcon_core.package_identification:_identify(.) by extensions ['ros']
[0.125s] Level 1:colcon.colcon_core.package_identification:_identify(.) by extension 'ros'
[0.146s] Level 1:colcon.colcon_core.package_identification:_identify(.) by extensions ['cmake', 'python']
[0.147s] Level 1:colcon.colcon_core.package_identification:_identify(.) by extension 'cmake'
[0.147s] Level 1:colcon.colcon_core.package_identification:_identify(.) by extension 'python'
[0.147s] Level 1:colcon.colcon_core.package_identification:_identify(.) by extensions ['python_setup_py']
[0.147s] Level 1:colcon.colcon_core.package_identification:_identify(.) by extension 'python_setup_py'
[0.147s] Level 1:colcon.colcon_core.package_identification:_identify(build) by extensions ['ignore', 'ignore_ament_install']
[0.147s] Level 1:colcon.colcon_core.package_identification:_identify(build) by extension 'ignore'
[0.147s] Level 1:colcon.colcon_core.package_identification:_identify(build) ignored
[0.147s] Level 1:colcon.colcon_core.package_identification:_identify(install) by extensions ['ignore', 'ignore_ament_install']
[0.147s] Level 1:colcon.colcon_core.package_identification:_identify(install) by extension 'ignore'
[0.147s] Level 1:colcon.colcon_core.package_identification:_identify(install) ignored
[0.147s] Level 1:colcon.colcon_core.package_identification:_identify(log) by extensions ['ignore', 'ignore_ament_install']
[0.147s] Level 1:colcon.colcon_core.package_identification:_identify(log) by extension 'ignore'
[0.147s] Level 1:colcon.colcon_core.package_identification:_identify(log) ignored
[0.147s] Level 1:colcon.colcon_core.package_identification:_identify(src) by extensions ['ignore', 'ignore_ament_install']
[0.147s] Level 1:colcon.colcon_core.package_identification:_identify(src) by extension 'ignore'
[0.147s] Level 1:colcon.colcon_core.package_identification:_identify(src) by extension 'ignore_ament_install'
[0.147s] Level 1:colcon.colcon_core.package_identification:_identify(src) by extensions ['colcon_pkg']
[0.147s] Level 1:colcon.colcon_core.package_identification:_identify(src) by extension 'colcon_pkg'
[0.147s] Level 1:colcon.colcon_core.package_identification:_identify(src) by extensions ['colcon_meta']
[0.147s] Level 1:colcon.colcon_core.package_identification:_identify(src) by extension 'colcon_meta'
[0.148s] Level 1:colcon.colcon_core.package_identification:_identify(src) by extensions ['ros']
[0.148s] Level 1:colcon.colcon_core.package_identification:_identify(src) by extension 'ros'
[0.148s] Level 1:colcon.colcon_core.package_identification:_identify(src) by extensions ['cmake', 'python']
[0.148s] Level 1:colcon.colcon_core.package_identification:_identify(src) by extension 'cmake'
[0.148s] Level 1:colcon.colcon_core.package_identification:_identify(src) by extension 'python'
[0.148s] Level 1:colcon.colcon_core.package_identification:_identify(src) by extensions ['python_setup_py']
[0.148s] Level 1:colcon.colcon_core.package_identification:_identify(src) by extension 'python_setup_py'
[0.148s] Level 1:colcon.colcon_core.package_identification:_identify(src/object_recognition_msgs) by extensions ['ignore', 'ignore_ament_install']
[0.148s] Level 1:colcon.colcon_core.package_identification:_identify(src/object_recognition_msgs) by extension 'ignore'
[0.148s] Level 1:colcon.colcon_core.package_identification:_identify(src/object_recognition_msgs) by extension 'ignore_ament_install'
[0.148s] Level 1:colcon.colcon_core.package_identification:_identify(src/object_recognition_msgs) by extensions ['colcon_pkg']
[0.148s] Level 1:colcon.colcon_core.package_identification:_identify(src/object_recognition_msgs) by extension 'colcon_pkg'
[0.148s] Level 1:colcon.colcon_core.package_identification:_identify(src/object_recognition_msgs) by extensions ['colcon_meta']
[0.148s] Level 1:colcon.colcon_core.package_identification:_identify(src/object_recognition_msgs) by extension 'colcon_meta'
[0.148s] Level 1:colcon.colcon_core.package_identification:_identify(src/object_recognition_msgs) by extensions ['ros']
[0.148s] Level 1:colcon.colcon_core.package_identification:_identify(src/object_recognition_msgs) by extension 'ros'
[0.150s] DEBUG:colcon.colcon_core.package_identification:Package 'src/object_recognition_msgs' with type 'ros.ament_cmake' and name 'object_recognition_msgs'
[0.150s] Level 1:colcon.colcon_core.package_identification:_identify(src/xarm_ros2) by extensions ['ignore', 'ignore_ament_install']
[0.150s] Level 1:colcon.colcon_core.package_identification:_identify(src/xarm_ros2) by extension 'ignore'
[0.150s] Level 1:colcon.colcon_core.package_identification:_identify(src/xarm_ros2) by extension 'ignore_ament_install'
[0.150s] Level 1:colcon.colcon_core.package_identification:_identify(src/xarm_ros2) by extensions ['colcon_pkg']
[0.150s] Level 1:colcon.colcon_core.package_identification:_identify(src/xarm_ros2) by extension 'colcon_pkg'
[0.150s] Level 1:colcon.colcon_core.package_identification:_identify(src/xarm_ros2) by extensions ['colcon_meta']
[0.150s] Level 1:colcon.colcon_core.package_identification:_identify(src/xarm_ros2) by extension 'colcon_meta'
[0.150s] Level 1:colcon.colcon_core.package_identification:_identify(src/xarm_ros2) by extensions ['ros']
[0.151s] Level 1:colcon.colcon_core.package_identification:_identify(src/xarm_ros2) by extension 'ros'
[0.151s] Level 1:colcon.colcon_core.package_identification:_identify(src/xarm_ros2) by extensions ['cmake', 'python']
[0.151s] Level 1:colcon.colcon_core.package_identification:_identify(src/xarm_ros2) by extension 'cmake'
[0.151s] Level 1:colcon.colcon_core.package_identification:_identify(src/xarm_ros2) by extension 'python'
[0.151s] Level 1:colcon.colcon_core.package_identification:_identify(src/xarm_ros2) by extensions ['python_setup_py']
[0.151s] Level 1:colcon.colcon_core.package_identification:_identify(src/xarm_ros2) by extension 'python_setup_py'
[0.151s] Level 1:colcon.colcon_core.package_identification:_identify(src/xarm_ros2/demo) by extensions ['ignore', 'ignore_ament_install']
[0.151s] Level 1:colcon.colcon_core.package_identification:_identify(src/xarm_ros2/demo) by extension 'ignore'
[0.151s] Level 1:colcon.colcon_core.package_identification:_identify(src/xarm_ros2/demo) by extension 'ignore_ament_install'
[0.151s] Level 1:colcon.colcon_core.package_identification:_identify(src/xarm_ros2/demo) by extensions ['colcon_pkg']
[0.151s] Level 1:colcon.colcon_core.package_identification:_identify(src/xarm_ros2/demo) by extension 'colcon_pkg'
[0.151s] Level 1:colcon.colcon_core.package_identification:_identify(src/xarm_ros2/demo) by extensions ['colcon_meta']
[0.151s] Level 1:colcon.colcon_core.package_identification:_identify(src/xarm_ros2/demo) by extension 'colcon_meta'
[0.151s] Level 1:colcon.colcon_core.package_identification:_identify(src/xarm_ros2/demo) by extensions ['ros']
[0.151s] Level 1:colcon.colcon_core.package_identification:_identify(src/xarm_ros2/demo) by extension 'ros'
[0.151s] Level 1:colcon.colcon_core.package_identification:_identify(src/xarm_ros2/demo) by extensions ['cmake', 'python']
[0.151s] Level 1:colcon.colcon_core.package_identification:_identify(src/xarm_ros2/demo) by extension 'cmake'
[0.151s] Level 1:colcon.colcon_core.package_identification:_identify(src/xarm_ros2/demo) by extension 'python'
[0.151s] Level 1:colcon.colcon_core.package_identification:_identify(src/xarm_ros2/demo) by extensions ['python_setup_py']
[0.151s] Level 1:colcon.colcon_core.package_identification:_identify(src/xarm_ros2/demo) by extension 'python_setup_py'
[0.151s] Level 1:colcon.colcon_core.package_identification:_identify(src/xarm_ros2/demo/mbot_demo) by extensions ['ignore', 'ignore_ament_install']
[0.151s] Level 1:colcon.colcon_core.package_identification:_identify(src/xarm_ros2/demo/mbot_demo) by extension 'ignore'
[0.151s] Level 1:colcon.colcon_core.package_identification:_identify(src/xarm_ros2/demo/mbot_demo) by extension 'ignore_ament_install'
[0.151s] Level 1:colcon.colcon_core.package_identification:_identify(src/xarm_ros2/demo/mbot_demo) by extensions ['colcon_pkg']
[0.151s] Level 1:colcon.colcon_core.package_identification:_identify(src/xarm_ros2/demo/mbot_demo) by extension 'colcon_pkg'
[0.152s] Level 1:colcon.colcon_core.package_identification:_identify(src/xarm_ros2/demo/mbot_demo) by extensions ['colcon_meta']
[0.152s] Level 1:colcon.colcon_core.package_identification:_identify(src/xarm_ros2/demo/mbot_demo) by extension 'colcon_meta'
[0.152s] Level 1:colcon.colcon_core.package_identification:_identify(src/xarm_ros2/demo/mbot_demo) by extensions ['ros']
[0.152s] Level 1:colcon.colcon_core.package_identification:_identify(src/xarm_ros2/demo/mbot_demo) by extension 'ros'
[0.152s] DEBUG:colcon.colcon_core.package_identification:Package 'src/xarm_ros2/demo/mbot_demo' with type 'ros.ament_cmake' and name 'mbot_demo'
[0.152s] Level 1:colcon.colcon_core.package_identification:_identify(src/xarm_ros2/thirdparty) by extensions ['ignore', 'ignore_ament_install']
[0.152s] Level 1:colcon.colcon_core.package_identification:_identify(src/xarm_ros2/thirdparty) by extension 'ignore'
[0.152s] Level 1:colcon.colcon_core.package_identification:_identify(src/xarm_ros2/thirdparty) by extension 'ignore_ament_install'
[0.152s] Level 1:colcon.colcon_core.package_identification:_identify(src/xarm_ros2/thirdparty) by extensions ['colcon_pkg']
[0.152s] Level 1:colcon.colcon_core.package_identification:_identify(src/xarm_ros2/thirdparty) by extension 'colcon_pkg'
[0.152s] Level 1:colcon.colcon_core.package_identification:_identify(src/xarm_ros2/thirdparty) by extensions ['colcon_meta']
[0.152s] Level 1:colcon.colcon_core.package_identification:_identify(src/xarm_ros2/thirdparty) by extension 'colcon_meta'
[0.152s] Level 1:colcon.colcon_core.package_identification:_identify(src/xarm_ros2/thirdparty) by extensions ['ros']
[0.152s] Level 1:colcon.colcon_core.package_identification:_identify(src/xarm_ros2/thirdparty) by extension 'ros'
[0.152s] Level 1:colcon.colcon_core.package_identification:_identify(src/xarm_ros2/thirdparty) by extensions ['cmake', 'python']
[0.152s] Level 1:colcon.colcon_core.package_identification:_identify(src/xarm_ros2/thirdparty) by extension 'cmake'
[0.152s] Level 1:colcon.colcon_core.package_identification:_identify(src/xarm_ros2/thirdparty) by extension 'python'
[0.153s] Level 1:colcon.colcon_core.package_identification:_identify(src/xarm_ros2/thirdparty) by extensions ['python_setup_py']
[0.153s] Level 1:colcon.colcon_core.package_identification:_identify(src/xarm_ros2/thirdparty) by extension 'python_setup_py'
[0.153s] Level 1:colcon.colcon_core.package_identification:_identify(src/xarm_ros2/thirdparty/realsense_gazebo_plugin) by extensions ['ignore', 'ignore_ament_install']
[0.153s] Level 1:colcon.colcon_core.package_identification:_identify(src/xarm_ros2/thirdparty/realsense_gazebo_plugin) by extension 'ignore'
[0.153s] Level 1:colcon.colcon_core.package_identification:_identify(src/xarm_ros2/thirdparty/realsense_gazebo_plugin) by extension 'ignore_ament_install'
[0.153s] Level 1:colcon.colcon_core.package_identification:_identify(src/xarm_ros2/thirdparty/realsense_gazebo_plugin) by extensions ['colcon_pkg']
[0.153s] Level 1:colcon.colcon_core.package_identification:_identify(src/xarm_ros2/thirdparty/realsense_gazebo_plugin) by extension 'colcon_pkg'
[0.153s] Level 1:colcon.colcon_core.package_identification:_identify(src/xarm_ros2/thirdparty/realsense_gazebo_plugin) by extensions ['colcon_meta']
[0.153s] Level 1:colcon.colcon_core.package_identification:_identify(src/xarm_ros2/thirdparty/realsense_gazebo_plugin) by extension 'colcon_meta'
[0.153s] Level 1:colcon.colcon_core.package_identification:_identify(src/xarm_ros2/thirdparty/realsense_gazebo_plugin) by extensions ['ros']
[0.153s] Level 1:colcon.colcon_core.package_identification:_identify(src/xarm_ros2/thirdparty/realsense_gazebo_plugin) by extension 'ros'
[0.154s] DEBUG:colcon.colcon_core.package_identification:Package 'src/xarm_ros2/thirdparty/realsense_gazebo_plugin' with type 'ros.ament_cmake' and name 'realsense_gazebo_plugin'
[0.154s] Level 1:colcon.colcon_core.package_identification:_identify(src/xarm_ros2/uf_ros_lib) by extensions ['ignore', 'ignore_ament_install']
[0.154s] Level 1:colcon.colcon_core.package_identification:_identify(src/xarm_ros2/uf_ros_lib) by extension 'ignore'
[0.154s] Level 1:colcon.colcon_core.package_identification:_identify(src/xarm_ros2/uf_ros_lib) by extension 'ignore_ament_install'
[0.154s] Level 1:colcon.colcon_core.package_identification:_identify(src/xarm_ros2/uf_ros_lib) by extensions ['colcon_pkg']
[0.154s] Level 1:colcon.colcon_core.package_identification:_identify(src/xarm_ros2/uf_ros_lib) by extension 'colcon_pkg'
[0.154s] Level 1:colcon.colcon_core.package_identification:_identify(src/xarm_ros2/uf_ros_lib) by extensions ['colcon_meta']
[0.154s] Level 1:colcon.colcon_core.package_identification:_identify(src/xarm_ros2/uf_ros_lib) by extension 'colcon_meta'
[0.154s] Level 1:colcon.colcon_core.package_identification:_identify(src/xarm_ros2/uf_ros_lib) by extensions ['ros']
[0.154s] Level 1:colcon.colcon_core.package_identification:_identify(src/xarm_ros2/uf_ros_lib) by extension 'ros'
[0.154s] DEBUG:colcon.colcon_core.package_identification:Package 'src/xarm_ros2/uf_ros_lib' with type 'ros.ament_python' and name 'uf_ros_lib'
[0.154s] Level 1:colcon.colcon_core.package_identification:_identify(src/xarm_ros2/xarm_api) by extensions ['ignore', 'ignore_ament_install']
[0.154s] Level 1:colcon.colcon_core.package_identification:_identify(src/xarm_ros2/xarm_api) by extension 'ignore'
[0.155s] Level 1:colcon.colcon_core.package_identification:_identify(src/xarm_ros2/xarm_api) by extension 'ignore_ament_install'
[0.155s] Level 1:colcon.colcon_core.package_identification:_identify(src/xarm_ros2/xarm_api) by extensions ['colcon_pkg']
[0.155s] Level 1:colcon.colcon_core.package_identification:_identify(src/xarm_ros2/xarm_api) by extension 'colcon_pkg'
[0.155s] Level 1:colcon.colcon_core.package_identification:_identify(src/xarm_ros2/xarm_api) by extensions ['colcon_meta']
[0.155s] Level 1:colcon.colcon_core.package_identification:_identify(src/xarm_ros2/xarm_api) by extension 'colcon_meta'
[0.155s] Level 1:colcon.colcon_core.package_identification:_identify(src/xarm_ros2/xarm_api) by extensions ['ros']
[0.155s] Level 1:colcon.colcon_core.package_identification:_identify(src/xarm_ros2/xarm_api) by extension 'ros'
[0.155s] DEBUG:colcon.colcon_core.package_identification:Package 'src/xarm_ros2/xarm_api' with type 'ros.ament_cmake' and name 'xarm_api'
[0.156s] Level 1:colcon.colcon_core.package_identification:_identify(src/xarm_ros2/xarm_controller) by extensions ['ignore', 'ignore_ament_install']
[0.156s] Level 1:colcon.colcon_core.package_identification:_identify(src/xarm_ros2/xarm_controller) by extension 'ignore'
[0.156s] Level 1:colcon.colcon_core.package_identification:_identify(src/xarm_ros2/xarm_controller) by extension 'ignore_ament_install'
[0.156s] Level 1:colcon.colcon_core.package_identification:_identify(src/xarm_ros2/xarm_controller) by extensions ['colcon_pkg']
[0.156s] Level 1:colcon.colcon_core.package_identification:_identify(src/xarm_ros2/xarm_controller) by extension 'colcon_pkg'
[0.156s] Level 1:colcon.colcon_core.package_identification:_identify(src/xarm_ros2/xarm_controller) by extensions ['colcon_meta']
[0.156s] Level 1:colcon.colcon_core.package_identification:_identify(src/xarm_ros2/xarm_controller) by extension 'colcon_meta'
[0.156s] Level 1:colcon.colcon_core.package_identification:_identify(src/xarm_ros2/xarm_controller) by extensions ['ros']
[0.156s] Level 1:colcon.colcon_core.package_identification:_identify(src/xarm_ros2/xarm_controller) by extension 'ros'
[0.157s] DEBUG:colcon.colcon_core.package_identification:Package 'src/xarm_ros2/xarm_controller' with type 'ros.ament_cmake' and name 'xarm_controller'
[0.157s] Level 1:colcon.colcon_core.package_identification:_identify(src/xarm_ros2/xarm_description) by extensions ['ignore', 'ignore_ament_install']
[0.157s] Level 1:colcon.colcon_core.package_identification:_identify(src/xarm_ros2/xarm_description) by extension 'ignore'
[0.157s] Level 1:colcon.colcon_core.package_identification:_identify(src/xarm_ros2/xarm_description) by extension 'ignore_ament_install'
[0.157s] Level 1:colcon.colcon_core.package_identification:_identify(src/xarm_ros2/xarm_description) by extensions ['colcon_pkg']
[0.157s] Level 1:colcon.colcon_core.package_identification:_identify(src/xarm_ros2/xarm_description) by extension 'colcon_pkg'
[0.157s] Level 1:colcon.colcon_core.package_identification:_identify(src/xarm_ros2/xarm_description) by extensions ['colcon_meta']
[0.157s] Level 1:colcon.colcon_core.package_identification:_identify(src/xarm_ros2/xarm_description) by extension 'colcon_meta'
[0.157s] Level 1:colcon.colcon_core.package_identification:_identify(src/xarm_ros2/xarm_description) by extensions ['ros']
[0.157s] Level 1:colcon.colcon_core.package_identification:_identify(src/xarm_ros2/xarm_description) by extension 'ros'
[0.158s] DEBUG:colcon.colcon_core.package_identification:Package 'src/xarm_ros2/xarm_description' with type 'ros.ament_cmake' and name 'xarm_description'
[0.158s] Level 1:colcon.colcon_core.package_identification:_identify(src/xarm_ros2/xarm_gazebo) by extensions ['ignore', 'ignore_ament_install']
[0.158s] Level 1:colcon.colcon_core.package_identification:_identify(src/xarm_ros2/xarm_gazebo) by extension 'ignore'
[0.158s] Level 1:colcon.colcon_core.package_identification:_identify(src/xarm_ros2/xarm_gazebo) by extension 'ignore_ament_install'
[0.158s] Level 1:colcon.colcon_core.package_identification:_identify(src/xarm_ros2/xarm_gazebo) by extensions ['colcon_pkg']
[0.158s] Level 1:colcon.colcon_core.package_identification:_identify(src/xarm_ros2/xarm_gazebo) by extension 'colcon_pkg'
[0.158s] Level 1:colcon.colcon_core.package_identification:_identify(src/xarm_ros2/xarm_gazebo) by extensions ['colcon_meta']
[0.158s] Level 1:colcon.colcon_core.package_identification:_identify(src/xarm_ros2/xarm_gazebo) by extension 'colcon_meta'
[0.158s] Level 1:colcon.colcon_core.package_identification:_identify(src/xarm_ros2/xarm_gazebo) by extensions ['ros']
[0.158s] Level 1:colcon.colcon_core.package_identification:_identify(src/xarm_ros2/xarm_gazebo) by extension 'ros'
[0.159s] DEBUG:colcon.colcon_core.package_identification:Package 'src/xarm_ros2/xarm_gazebo' with type 'ros.ament_cmake' and name 'xarm_gazebo'
[0.159s] Level 1:colcon.colcon_core.package_identification:_identify(src/xarm_ros2/xarm_moveit_config) by extensions ['ignore', 'ignore_ament_install']
[0.159s] Level 1:colcon.colcon_core.package_identification:_identify(src/xarm_ros2/xarm_moveit_config) by extension 'ignore'
[0.159s] Level 1:colcon.colcon_core.package_identification:_identify(src/xarm_ros2/xarm_moveit_config) by extension 'ignore_ament_install'
[0.159s] Level 1:colcon.colcon_core.package_identification:_identify(src/xarm_ros2/xarm_moveit_config) by extensions ['colcon_pkg']
[0.159s] Level 1:colcon.colcon_core.package_identification:_identify(src/xarm_ros2/xarm_moveit_config) by extension 'colcon_pkg'
[0.159s] Level 1:colcon.colcon_core.package_identification:_identify(src/xarm_ros2/xarm_moveit_config) by extensions ['colcon_meta']
[0.159s] Level 1:colcon.colcon_core.package_identification:_identify(src/xarm_ros2/xarm_moveit_config) by extension 'colcon_meta'
[0.159s] Level 1:colcon.colcon_core.package_identification:_identify(src/xarm_ros2/xarm_moveit_config) by extensions ['ros']
[0.159s] Level 1:colcon.colcon_core.package_identification:_identify(src/xarm_ros2/xarm_moveit_config) by extension 'ros'
[0.160s] DEBUG:colcon.colcon_core.package_identification:Package 'src/xarm_ros2/xarm_moveit_config' with type 'ros.ament_cmake' and name 'xarm_moveit_config'
[0.160s] Level 1:colcon.colcon_core.package_identification:_identify(src/xarm_ros2/xarm_moveit_servo) by extensions ['ignore', 'ignore_ament_install']
[0.160s] Level 1:colcon.colcon_core.package_identification:_identify(src/xarm_ros2/xarm_moveit_servo) by extension 'ignore'
[0.160s] Level 1:colcon.colcon_core.package_identification:_identify(src/xarm_ros2/xarm_moveit_servo) by extension 'ignore_ament_install'
[0.160s] Level 1:colcon.colcon_core.package_identification:_identify(src/xarm_ros2/xarm_moveit_servo) by extensions ['colcon_pkg']
[0.160s] Level 1:colcon.colcon_core.package_identification:_identify(src/xarm_ros2/xarm_moveit_servo) by extension 'colcon_pkg'
[0.160s] Level 1:colcon.colcon_core.package_identification:_identify(src/xarm_ros2/xarm_moveit_servo) by extensions ['colcon_meta']
[0.160s] Level 1:colcon.colcon_core.package_identification:_identify(src/xarm_ros2/xarm_moveit_servo) by extension 'colcon_meta'
[0.160s] Level 1:colcon.colcon_core.package_identification:_identify(src/xarm_ros2/xarm_moveit_servo) by extensions ['ros']
[0.160s] Level 1:colcon.colcon_core.package_identification:_identify(src/xarm_ros2/xarm_moveit_servo) by extension 'ros'
[0.161s] DEBUG:colcon.colcon_core.package_identification:Package 'src/xarm_ros2/xarm_moveit_servo' with type 'ros.ament_cmake' and name 'xarm_moveit_servo'
[0.161s] Level 1:colcon.colcon_core.package_identification:_identify(src/xarm_ros2/xarm_msgs) by extensions ['ignore', 'ignore_ament_install']
[0.161s] Level 1:colcon.colcon_core.package_identification:_identify(src/xarm_ros2/xarm_msgs) by extension 'ignore'
[0.161s] Level 1:colcon.colcon_core.package_identification:_identify(src/xarm_ros2/xarm_msgs) by extension 'ignore_ament_install'
[0.161s] Level 1:colcon.colcon_core.package_identification:_identify(src/xarm_ros2/xarm_msgs) by extensions ['colcon_pkg']
[0.161s] Level 1:colcon.colcon_core.package_identification:_identify(src/xarm_ros2/xarm_msgs) by extension 'colcon_pkg'
[0.161s] Level 1:colcon.colcon_core.package_identification:_identify(src/xarm_ros2/xarm_msgs) by extensions ['colcon_meta']
[0.161s] Level 1:colcon.colcon_core.package_identification:_identify(src/xarm_ros2/xarm_msgs) by extension 'colcon_meta'
[0.161s] Level 1:colcon.colcon_core.package_identification:_identify(src/xarm_ros2/xarm_msgs) by extensions ['ros']
[0.161s] Level 1:colcon.colcon_core.package_identification:_identify(src/xarm_ros2/xarm_msgs) by extension 'ros'
[0.162s] DEBUG:colcon.colcon_core.package_identification:Package 'src/xarm_ros2/xarm_msgs' with type 'ros.ament_cmake' and name 'xarm_msgs'
[0.162s] Level 1:colcon.colcon_core.package_identification:_identify(src/xarm_ros2/xarm_planner) by extensions ['ignore', 'ignore_ament_install']
[0.162s] Level 1:colcon.colcon_core.package_identification:_identify(src/xarm_ros2/xarm_planner) by extension 'ignore'
[0.162s] Level 1:colcon.colcon_core.package_identification:_identify(src/xarm_ros2/xarm_planner) by extension 'ignore_ament_install'
[0.162s] Level 1:colcon.colcon_core.package_identification:_identify(src/xarm_ros2/xarm_planner) by extensions ['colcon_pkg']
[0.162s] Level 1:colcon.colcon_core.package_identification:_identify(src/xarm_ros2/xarm_planner) by extension 'colcon_pkg'
[0.162s] Level 1:colcon.colcon_core.package_identification:_identify(src/xarm_ros2/xarm_planner) by extensions ['colcon_meta']
[0.162s] Level 1:colcon.colcon_core.package_identification:_identify(src/xarm_ros2/xarm_planner) by extension 'colcon_meta'
[0.162s] Level 1:colcon.colcon_core.package_identification:_identify(src/xarm_ros2/xarm_planner) by extensions ['ros']
[0.162s] Level 1:colcon.colcon_core.package_identification:_identify(src/xarm_ros2/xarm_planner) by extension 'ros'
[0.163s] DEBUG:colcon.colcon_core.package_identification:Package 'src/xarm_ros2/xarm_planner' with type 'ros.ament_cmake' and name 'xarm_planner'
[0.163s] Level 1:colcon.colcon_core.package_identification:_identify(src/xarm_ros2/xarm_sdk) by extensions ['ignore', 'ignore_ament_install']
[0.163s] Level 1:colcon.colcon_core.package_identification:_identify(src/xarm_ros2/xarm_sdk) by extension 'ignore'
[0.163s] Level 1:colcon.colcon_core.package_identification:_identify(src/xarm_ros2/xarm_sdk) by extension 'ignore_ament_install'
[0.163s] Level 1:colcon.colcon_core.package_identification:_identify(src/xarm_ros2/xarm_sdk) by extensions ['colcon_pkg']
[0.163s] Level 1:colcon.colcon_core.package_identification:_identify(src/xarm_ros2/xarm_sdk) by extension 'colcon_pkg'
[0.163s] Level 1:colcon.colcon_core.package_identification:_identify(src/xarm_ros2/xarm_sdk) by extensions ['colcon_meta']
[0.163s] Level 1:colcon.colcon_core.package_identification:_identify(src/xarm_ros2/xarm_sdk) by extension 'colcon_meta'
[0.163s] Level 1:colcon.colcon_core.package_identification:_identify(src/xarm_ros2/xarm_sdk) by extensions ['ros']
[0.163s] Level 1:colcon.colcon_core.package_identification:_identify(src/xarm_ros2/xarm_sdk) by extension 'ros'
[0.163s] DEBUG:colcon.colcon_core.package_identification:Package 'src/xarm_ros2/xarm_sdk' with type 'ros.ament_cmake' and name 'xarm_sdk'
[0.164s] Level 1:colcon.colcon_core.package_identification:_identify(src/xarm_ros2/xarm_vision) by extensions ['ignore', 'ignore_ament_install']
[0.164s] Level 1:colcon.colcon_core.package_identification:_identify(src/xarm_ros2/xarm_vision) by extension 'ignore'
[0.164s] Level 1:colcon.colcon_core.package_identification:_identify(src/xarm_ros2/xarm_vision) by extension 'ignore_ament_install'
[0.164s] Level 1:colcon.colcon_core.package_identification:_identify(src/xarm_ros2/xarm_vision) by extensions ['colcon_pkg']
[0.164s] Level 1:colcon.colcon_core.package_identification:_identify(src/xarm_ros2/xarm_vision) by extension 'colcon_pkg'
[0.164s] Level 1:colcon.colcon_core.package_identification:_identify(src/xarm_ros2/xarm_vision) by extensions ['colcon_meta']
[0.164s] Level 1:colcon.colcon_core.package_identification:_identify(src/xarm_ros2/xarm_vision) by extension 'colcon_meta'
[0.164s] Level 1:colcon.colcon_core.package_identification:_identify(src/xarm_ros2/xarm_vision) by extensions ['ros']
[0.164s] Level 1:colcon.colcon_core.package_identification:_identify(src/xarm_ros2/xarm_vision) by extension 'ros'
[0.164s] Level 1:colcon.colcon_core.package_identification:_identify(src/xarm_ros2/xarm_vision) by extensions ['cmake', 'python']
[0.164s] Level 1:colcon.colcon_core.package_identification:_identify(src/xarm_ros2/xarm_vision) by extension 'cmake'
[0.164s] Level 1:colcon.colcon_core.package_identification:_identify(src/xarm_ros2/xarm_vision) by extension 'python'
[0.164s] Level 1:colcon.colcon_core.package_identification:_identify(src/xarm_ros2/xarm_vision) by extensions ['python_setup_py']
[0.164s] Level 1:colcon.colcon_core.package_identification:_identify(src/xarm_ros2/xarm_vision) by extension 'python_setup_py'
[0.164s] Level 1:colcon.colcon_core.package_identification:_identify(src/xarm_ros2/xarm_vision/d435i_xarm_setup) by extensions ['ignore', 'ignore_ament_install']
[0.164s] Level 1:colcon.colcon_core.package_identification:_identify(src/xarm_ros2/xarm_vision/d435i_xarm_setup) by extension 'ignore'
[0.164s] Level 1:colcon.colcon_core.package_identification:_identify(src/xarm_ros2/xarm_vision/d435i_xarm_setup) by extension 'ignore_ament_install'
[0.164s] Level 1:colcon.colcon_core.package_identification:_identify(src/xarm_ros2/xarm_vision/d435i_xarm_setup) by extensions ['colcon_pkg']
[0.164s] Level 1:colcon.colcon_core.package_identification:_identify(src/xarm_ros2/xarm_vision/d435i_xarm_setup) by extension 'colcon_pkg'
[0.164s] Level 1:colcon.colcon_core.package_identification:_identify(src/xarm_ros2/xarm_vision/d435i_xarm_setup) by extensions ['colcon_meta']
[0.164s] Level 1:colcon.colcon_core.package_identification:_identify(src/xarm_ros2/xarm_vision/d435i_xarm_setup) by extension 'colcon_meta'
[0.164s] Level 1:colcon.colcon_core.package_identification:_identify(src/xarm_ros2/xarm_vision/d435i_xarm_setup) by extensions ['ros']
[0.164s] Level 1:colcon.colcon_core.package_identification:_identify(src/xarm_ros2/xarm_vision/d435i_xarm_setup) by extension 'ros'
[0.165s] DEBUG:colcon.colcon_core.package_identification:Package 'src/xarm_ros2/xarm_vision/d435i_xarm_setup' with type 'ros.ament_cmake' and name 'd435i_xarm_setup'
[0.165s] Level 1:colcon.colcon_core.package_discovery:discover_packages(recursive) using defaults
[0.165s] Level 1:colcon.colcon_core.package_discovery:discover_packages(ignore) discover
[0.165s] Level 1:colcon.colcon_core.package_discovery:discover_packages(ignore) using defaults
[0.165s] Level 1:colcon.colcon_core.package_discovery:discover_packages(path) discover
[0.165s] Level 1:colcon.colcon_core.package_discovery:discover_packages(path) using defaults
[0.186s] INFO:colcon.colcon_core.package_selection:Skipping package 'realsense_gazebo_plugin' in 'src/xarm_ros2/thirdparty/realsense_gazebo_plugin'
[0.186s] INFO:colcon.colcon_core.package_selection:Skipping package 'd435i_xarm_setup' in 'src/xarm_ros2/xarm_vision/d435i_xarm_setup'
[0.186s] INFO:colcon.colcon_core.package_selection:Skipping package 'xarm_gazebo' in 'src/xarm_ros2/xarm_gazebo'
[0.187s] INFO:colcon.colcon_core.package_selection:Skipping package 'xarm_moveit_config' in 'src/xarm_ros2/xarm_moveit_config'
[0.187s] Level 1:colcon.colcon_core.package_discovery:discover_packages(prefix_path) check parameters
[0.187s] Level 1:colcon.colcon_core.package_discovery:discover_packages(prefix_path) discover
[0.189s] DEBUG:colcon.colcon_installed_package_information.package_discovery:Found 340 installed packages in /opt/ros/kilted
[0.190s] Level 1:colcon.colcon_core.package_discovery:discover_packages(prefix_path) using defaults
[0.232s] Level 5:colcon.colcon_core.verb:set package 'mbot_demo' build argument 'cmake_args' from command line to '['-DCMAKE_BUILD_TYPE=Release']'
[0.232s] Level 5:colcon.colcon_core.verb:set package 'mbot_demo' build argument 'cmake_target' from command line to 'None'
[0.232s] Level 5:colcon.colcon_core.verb:set package 'mbot_demo' build argument 'cmake_target_skip_unavailable' from command line to 'False'
[0.232s] Level 5:colcon.colcon_core.verb:set package 'mbot_demo' build argument 'cmake_clean_cache' from command line to 'False'
[0.232s] Level 5:colcon.colcon_core.verb:set package 'mbot_demo' build argument 'cmake_clean_first' from command line to 'False'
[0.232s] Level 5:colcon.colcon_core.verb:set package 'mbot_demo' build argument 'cmake_force_configure' from command line to 'False'
[0.232s] Level 5:colcon.colcon_core.verb:set package 'mbot_demo' build argument 'ament_cmake_args' from command line to 'None'
[0.232s] Level 5:colcon.colcon_core.verb:set package 'mbot_demo' build argument 'catkin_cmake_args' from command line to 'None'
[0.232s] Level 5:colcon.colcon_core.verb:set package 'mbot_demo' build argument 'catkin_skip_building_tests' from command line to 'False'
[0.232s] DEBUG:colcon.colcon_core.verb:Building package 'mbot_demo' with the following arguments: {'ament_cmake_args': None, 'build_base': '/home/anatoly/ros2k_ws/build/mbot_demo', 'catkin_cmake_args': None, 'catkin_skip_building_tests': False, 'cmake_args': ['-DCMAKE_BUILD_TYPE=Release'], 'cmake_clean_cache': False, 'cmake_clean_first': False, 'cmake_force_configure': False, 'cmake_target': None, 'cmake_target_skip_unavailable': False, 'install_base': '/home/anatoly/ros2k_ws/install/mbot_demo', 'merge_install': False, 'path': '/home/anatoly/ros2k_ws/src/xarm_ros2/demo/mbot_demo', 'symlink_install': True, 'test_result_base': None}
[0.232s] Level 5:colcon.colcon_core.verb:set package 'object_recognition_msgs' build argument 'cmake_args' from command line to '['-DCMAKE_BUILD_TYPE=Release']'
[0.232s] Level 5:colcon.colcon_core.verb:set package 'object_recognition_msgs' build argument 'cmake_target' from command line to 'None'
[0.232s] Level 5:colcon.colcon_core.verb:set package 'object_recognition_msgs' build argument 'cmake_target_skip_unavailable' from command line to 'False'
[0.232s] Level 5:colcon.colcon_core.verb:set package 'object_recognition_msgs' build argument 'cmake_clean_cache' from command line to 'False'
[0.232s] Level 5:colcon.colcon_core.verb:set package 'object_recognition_msgs' build argument 'cmake_clean_first' from command line to 'False'
[0.232s] Level 5:colcon.colcon_core.verb:set package 'object_recognition_msgs' build argument 'cmake_force_configure' from command line to 'False'
[0.232s] Level 5:colcon.colcon_core.verb:set package 'object_recognition_msgs' build argument 'ament_cmake_args' from command line to 'None'
[0.232s] Level 5:colcon.colcon_core.verb:set package 'object_recognition_msgs' build argument 'catkin_cmake_args' from command line to 'None'
[0.232s] Level 5:colcon.colcon_core.verb:set package 'object_recognition_msgs' build argument 'catkin_skip_building_tests' from command line to 'False'
[0.232s] DEBUG:colcon.colcon_core.verb:Building package 'object_recognition_msgs' with the following arguments: {'ament_cmake_args': None, 'build_base': '/home/anatoly/ros2k_ws/build/object_recognition_msgs', 'catkin_cmake_args': None, 'catkin_skip_building_tests': False, 'cmake_args': ['-DCMAKE_BUILD_TYPE=Release'], 'cmake_clean_cache': False, 'cmake_clean_first': False, 'cmake_force_configure': False, 'cmake_target': None, 'cmake_target_skip_unavailable': False, 'install_base': '/home/anatoly/ros2k_ws/install/object_recognition_msgs', 'merge_install': False, 'path': '/home/anatoly/ros2k_ws/src/object_recognition_msgs', 'symlink_install': True, 'test_result_base': None}
[0.233s] Level 5:colcon.colcon_core.verb:set package 'uf_ros_lib' build argument 'cmake_args' from command line to '['-DCMAKE_BUILD_TYPE=Release']'
[0.233s] Level 5:colcon.colcon_core.verb:set package 'uf_ros_lib' build argument 'cmake_target' from command line to 'None'
[0.233s] Level 5:colcon.colcon_core.verb:set package 'uf_ros_lib' build argument 'cmake_target_skip_unavailable' from command line to 'False'
[0.233s] Level 5:colcon.colcon_core.verb:set package 'uf_ros_lib' build argument 'cmake_clean_cache' from command line to 'False'
[0.233s] Level 5:colcon.colcon_core.verb:set package 'uf_ros_lib' build argument 'cmake_clean_first' from command line to 'False'
[0.233s] Level 5:colcon.colcon_core.verb:set package 'uf_ros_lib' build argument 'cmake_force_configure' from command line to 'False'
[0.233s] Level 5:colcon.colcon_core.verb:set package 'uf_ros_lib' build argument 'ament_cmake_args' from command line to 'None'
[0.233s] Level 5:colcon.colcon_core.verb:set package 'uf_ros_lib' build argument 'catkin_cmake_args' from command line to 'None'
[0.233s] Level 5:colcon.colcon_core.verb:set package 'uf_ros_lib' build argument 'catkin_skip_building_tests' from command line to 'False'
[0.233s] DEBUG:colcon.colcon_core.verb:Building package 'uf_ros_lib' with the following arguments: {'ament_cmake_args': None, 'build_base': '/home/anatoly/ros2k_ws/build/uf_ros_lib', 'catkin_cmake_args': None, 'catkin_skip_building_tests': False, 'cmake_args': ['-DCMAKE_BUILD_TYPE=Release'], 'cmake_clean_cache': False, 'cmake_clean_first': False, 'cmake_force_configure': False, 'cmake_target': None, 'cmake_target_skip_unavailable': False, 'install_base': '/home/anatoly/ros2k_ws/install/uf_ros_lib', 'merge_install': False, 'path': '/home/anatoly/ros2k_ws/src/xarm_ros2/uf_ros_lib', 'symlink_install': True, 'test_result_base': None}
[0.233s] Level 5:colcon.colcon_core.verb:set package 'xarm_description' build argument 'cmake_args' from command line to '['-DCMAKE_BUILD_TYPE=Release']'
[0.233s] Level 5:colcon.colcon_core.verb:set package 'xarm_description' build argument 'cmake_target' from command line to 'None'
[0.233s] Level 5:colcon.colcon_core.verb:set package 'xarm_description' build argument 'cmake_target_skip_unavailable' from command line to 'False'
[0.233s] Level 5:colcon.colcon_core.verb:set package 'xarm_description' build argument 'cmake_clean_cache' from command line to 'False'
[0.233s] Level 5:colcon.colcon_core.verb:set package 'xarm_description' build argument 'cmake_clean_first' from command line to 'False'
[0.233s] Level 5:colcon.colcon_core.verb:set package 'xarm_description' build argument 'cmake_force_configure' from command line to 'False'
[0.233s] Level 5:colcon.colcon_core.verb:set package 'xarm_description' build argument 'ament_cmake_args' from command line to 'None'
[0.233s] Level 5:colcon.colcon_core.verb:set package 'xarm_description' build argument 'catkin_cmake_args' from command line to 'None'
[0.233s] Level 5:colcon.colcon_core.verb:set package 'xarm_description' build argument 'catkin_skip_building_tests' from command line to 'False'
[0.233s] DEBUG:colcon.colcon_core.verb:Building package 'xarm_description' with the following arguments: {'ament_cmake_args': None, 'build_base': '/home/anatoly/ros2k_ws/build/xarm_description', 'catkin_cmake_args': None, 'catkin_skip_building_tests': False, 'cmake_args': ['-DCMAKE_BUILD_TYPE=Release'], 'cmake_clean_cache': False, 'cmake_clean_first': False, 'cmake_force_configure': False, 'cmake_target': None, 'cmake_target_skip_unavailable': False, 'install_base': '/home/anatoly/ros2k_ws/install/xarm_description', 'merge_install': False, 'path': '/home/anatoly/ros2k_ws/src/xarm_ros2/xarm_description', 'symlink_install': True, 'test_result_base': None}
[0.233s] Level 5:colcon.colcon_core.verb:set package 'xarm_msgs' build argument 'cmake_args' from command line to '['-DCMAKE_BUILD_TYPE=Release']'
[0.233s] Level 5:colcon.colcon_core.verb:set package 'xarm_msgs' build argument 'cmake_target' from command line to 'None'
[0.233s] Level 5:colcon.colcon_core.verb:set package 'xarm_msgs' build argument 'cmake_target_skip_unavailable' from command line to 'False'
[0.233s] Level 5:colcon.colcon_core.verb:set package 'xarm_msgs' build argument 'cmake_clean_cache' from command line to 'False'
[0.233s] Level 5:colcon.colcon_core.verb:set package 'xarm_msgs' build argument 'cmake_clean_first' from command line to 'False'
[0.233s] Level 5:colcon.colcon_core.verb:set package 'xarm_msgs' build argument 'cmake_force_configure' from command line to 'False'
[0.233s] Level 5:colcon.colcon_core.verb:set package 'xarm_msgs' build argument 'ament_cmake_args' from command line to 'None'
[0.233s] Level 5:colcon.colcon_core.verb:set package 'xarm_msgs' build argument 'catkin_cmake_args' from command line to 'None'
[0.233s] Level 5:colcon.colcon_core.verb:set package 'xarm_msgs' build argument 'catkin_skip_building_tests' from command line to 'False'
[0.233s] DEBUG:colcon.colcon_core.verb:Building package 'xarm_msgs' with the following arguments: {'ament_cmake_args': None, 'build_base': '/home/anatoly/ros2k_ws/build/xarm_msgs', 'catkin_cmake_args': None, 'catkin_skip_building_tests': False, 'cmake_args': ['-DCMAKE_BUILD_TYPE=Release'], 'cmake_clean_cache': False, 'cmake_clean_first': False, 'cmake_force_configure': False, 'cmake_target': None, 'cmake_target_skip_unavailable': False, 'install_base': '/home/anatoly/ros2k_ws/install/xarm_msgs', 'merge_install': False, 'path': '/home/anatoly/ros2k_ws/src/xarm_ros2/xarm_msgs', 'symlink_install': True, 'test_result_base': None}
[0.234s] Level 5:colcon.colcon_core.verb:set package 'xarm_sdk' build argument 'cmake_args' from command line to '['-DCMAKE_BUILD_TYPE=Release']'
[0.234s] Level 5:colcon.colcon_core.verb:set package 'xarm_sdk' build argument 'cmake_target' from command line to 'None'
[0.234s] Level 5:colcon.colcon_core.verb:set package 'xarm_sdk' build argument 'cmake_target_skip_unavailable' from command line to 'False'
[0.234s] Level 5:colcon.colcon_core.verb:set package 'xarm_sdk' build argument 'cmake_clean_cache' from command line to 'False'
[0.234s] Level 5:colcon.colcon_core.verb:set package 'xarm_sdk' build argument 'cmake_clean_first' from command line to 'False'
[0.234s] Level 5:colcon.colcon_core.verb:set package 'xarm_sdk' build argument 'cmake_force_configure' from command line to 'False'
[0.234s] Level 5:colcon.colcon_core.verb:set package 'xarm_sdk' build argument 'ament_cmake_args' from command line to 'None'
[0.234s] Level 5:colcon.colcon_core.verb:set package 'xarm_sdk' build argument 'catkin_cmake_args' from command line to 'None'
[0.234s] Level 5:colcon.colcon_core.verb:set package 'xarm_sdk' build argument 'catkin_skip_building_tests' from command line to 'False'
[0.234s] DEBUG:colcon.colcon_core.verb:Building package 'xarm_sdk' with the following arguments: {'ament_cmake_args': None, 'build_base': '/home/anatoly/ros2k_ws/build/xarm_sdk', 'catkin_cmake_args': None, 'catkin_skip_building_tests': False, 'cmake_args': ['-DCMAKE_BUILD_TYPE=Release'], 'cmake_clean_cache': False, 'cmake_clean_first': False, 'cmake_force_configure': False, 'cmake_target': None, 'cmake_target_skip_unavailable': False, 'install_base': '/home/anatoly/ros2k_ws/install/xarm_sdk', 'merge_install': False, 'path': '/home/anatoly/ros2k_ws/src/xarm_ros2/xarm_sdk', 'symlink_install': True, 'test_result_base': None}
[0.234s] Level 5:colcon.colcon_core.verb:set package 'xarm_api' build argument 'cmake_args' from command line to '['-DCMAKE_BUILD_TYPE=Release']'
[0.234s] Level 5:colcon.colcon_core.verb:set package 'xarm_api' build argument 'cmake_target' from command line to 'None'
[0.234s] Level 5:colcon.colcon_core.verb:set package 'xarm_api' build argument 'cmake_target_skip_unavailable' from command line to 'False'
[0.234s] Level 5:colcon.colcon_core.verb:set package 'xarm_api' build argument 'cmake_clean_cache' from command line to 'False'
[0.234s] Level 5:colcon.colcon_core.verb:set package 'xarm_api' build argument 'cmake_clean_first' from command line to 'False'
[0.234s] Level 5:colcon.colcon_core.verb:set package 'xarm_api' build argument 'cmake_force_configure' from command line to 'False'
[0.234s] Level 5:colcon.colcon_core.verb:set package 'xarm_api' build argument 'ament_cmake_args' from command line to 'None'
[0.234s] Level 5:colcon.colcon_core.verb:set package 'xarm_api' build argument 'catkin_cmake_args' from command line to 'None'
[0.234s] Level 5:colcon.colcon_core.verb:set package 'xarm_api' build argument 'catkin_skip_building_tests' from command line to 'False'
[0.234s] DEBUG:colcon.colcon_core.verb:Building package 'xarm_api' with the following arguments: {'ament_cmake_args': None, 'build_base': '/home/anatoly/ros2k_ws/build/xarm_api', 'catkin_cmake_args': None, 'catkin_skip_building_tests': False, 'cmake_args': ['-DCMAKE_BUILD_TYPE=Release'], 'cmake_clean_cache': False, 'cmake_clean_first': False, 'cmake_force_configure': False, 'cmake_target': None, 'cmake_target_skip_unavailable': False, 'install_base': '/home/anatoly/ros2k_ws/install/xarm_api', 'merge_install': False, 'path': '/home/anatoly/ros2k_ws/src/xarm_ros2/xarm_api', 'symlink_install': True, 'test_result_base': None}
[0.234s] Level 5:colcon.colcon_core.verb:set package 'xarm_controller' build argument 'cmake_args' from command line to '['-DCMAKE_BUILD_TYPE=Release']'
[0.234s] Level 5:colcon.colcon_core.verb:set package 'xarm_controller' build argument 'cmake_target' from command line to 'None'
[0.234s] Level 5:colcon.colcon_core.verb:set package 'xarm_controller' build argument 'cmake_target_skip_unavailable' from command line to 'False'
[0.234s] Level 5:colcon.colcon_core.verb:set package 'xarm_controller' build argument 'cmake_clean_cache' from command line to 'False'
[0.234s] Level 5:colcon.colcon_core.verb:set package 'xarm_controller' build argument 'cmake_clean_first' from command line to 'False'
[0.234s] Level 5:colcon.colcon_core.verb:set package 'xarm_controller' build argument 'cmake_force_configure' from command line to 'False'
[0.234s] Level 5:colcon.colcon_core.verb:set package 'xarm_controller' build argument 'ament_cmake_args' from command line to 'None'
[0.234s] Level 5:colcon.colcon_core.verb:set package 'xarm_controller' build argument 'catkin_cmake_args' from command line to 'None'
[0.234s] Level 5:colcon.colcon_core.verb:set package 'xarm_controller' build argument 'catkin_skip_building_tests' from command line to 'False'
[0.235s] DEBUG:colcon.colcon_core.verb:Building package 'xarm_controller' with the following arguments: {'ament_cmake_args': None, 'build_base': '/home/anatoly/ros2k_ws/build/xarm_controller', 'catkin_cmake_args': None, 'catkin_skip_building_tests': False, 'cmake_args': ['-DCMAKE_BUILD_TYPE=Release'], 'cmake_clean_cache': False, 'cmake_clean_first': False, 'cmake_force_configure': False, 'cmake_target': None, 'cmake_target_skip_unavailable': False, 'install_base': '/home/anatoly/ros2k_ws/install/xarm_controller', 'merge_install': False, 'path': '/home/anatoly/ros2k_ws/src/xarm_ros2/xarm_controller', 'symlink_install': True, 'test_result_base': None}
[0.235s] Level 5:colcon.colcon_core.verb:set package 'xarm_moveit_servo' build argument 'cmake_args' from command line to '['-DCMAKE_BUILD_TYPE=Release']'
[0.235s] Level 5:colcon.colcon_core.verb:set package 'xarm_moveit_servo' build argument 'cmake_target' from command line to 'None'
[0.235s] Level 5:colcon.colcon_core.verb:set package 'xarm_moveit_servo' build argument 'cmake_target_skip_unavailable' from command line to 'False'
[0.235s] Level 5:colcon.colcon_core.verb:set package 'xarm_moveit_servo' build argument 'cmake_clean_cache' from command line to 'False'
[0.235s] Level 5:colcon.colcon_core.verb:set package 'xarm_moveit_servo' build argument 'cmake_clean_first' from command line to 'False'
[0.235s] Level 5:colcon.colcon_core.verb:set package 'xarm_moveit_servo' build argument 'cmake_force_configure' from command line to 'False'
[0.235s] Level 5:colcon.colcon_core.verb:set package 'xarm_moveit_servo' build argument 'ament_cmake_args' from command line to 'None'
[0.235s] Level 5:colcon.colcon_core.verb:set package 'xarm_moveit_servo' build argument 'catkin_cmake_args' from command line to 'None'
[0.235s] Level 5:colcon.colcon_core.verb:set package 'xarm_moveit_servo' build argument 'catkin_skip_building_tests' from command line to 'False'
[0.235s] DEBUG:colcon.colcon_core.verb:Building package 'xarm_moveit_servo' with the following arguments: {'ament_cmake_args': None, 'build_base': '/home/anatoly/ros2k_ws/build/xarm_moveit_servo', 'catkin_cmake_args': None, 'catkin_skip_building_tests': False, 'cmake_args': ['-DCMAKE_BUILD_TYPE=Release'], 'cmake_clean_cache': False, 'cmake_clean_first': False, 'cmake_force_configure': False, 'cmake_target': None, 'cmake_target_skip_unavailable': False, 'install_base': '/home/anatoly/ros2k_ws/install/xarm_moveit_servo', 'merge_install': False, 'path': '/home/anatoly/ros2k_ws/src/xarm_ros2/xarm_moveit_servo', 'symlink_install': True, 'test_result_base': None}
[0.235s] Level 5:colcon.colcon_core.verb:set package 'xarm_planner' build argument 'cmake_args' from command line to '['-DCMAKE_BUILD_TYPE=Release']'
[0.235s] Level 5:colcon.colcon_core.verb:set package 'xarm_planner' build argument 'cmake_target' from command line to 'None'
[0.235s] Level 5:colcon.colcon_core.verb:set package 'xarm_planner' build argument 'cmake_target_skip_unavailable' from command line to 'False'
[0.235s] Level 5:colcon.colcon_core.verb:set package 'xarm_planner' build argument 'cmake_clean_cache' from command line to 'False'
[0.235s] Level 5:colcon.colcon_core.verb:set package 'xarm_planner' build argument 'cmake_clean_first' from command line to 'False'
[0.235s] Level 5:colcon.colcon_core.verb:set package 'xarm_planner' build argument 'cmake_force_configure' from command line to 'False'
[0.235s] Level 5:colcon.colcon_core.verb:set package 'xarm_planner' build argument 'ament_cmake_args' from command line to 'None'
[0.235s] Level 5:colcon.colcon_core.verb:set package 'xarm_planner' build argument 'catkin_cmake_args' from command line to 'None'
[0.235s] Level 5:colcon.colcon_core.verb:set package 'xarm_planner' build argument 'catkin_skip_building_tests' from command line to 'False'
[0.235s] DEBUG:colcon.colcon_core.verb:Building package 'xarm_planner' with the following arguments: {'ament_cmake_args': None, 'build_base': '/home/anatoly/ros2k_ws/build/xarm_planner', 'catkin_cmake_args': None, 'catkin_skip_building_tests': False, 'cmake_args': ['-DCMAKE_BUILD_TYPE=Release'], 'cmake_clean_cache': False, 'cmake_clean_first': False, 'cmake_force_configure': False, 'cmake_target': None, 'cmake_target_skip_unavailable': False, 'install_base': '/home/anatoly/ros2k_ws/install/xarm_planner', 'merge_install': False, 'path': '/home/anatoly/ros2k_ws/src/xarm_ros2/xarm_planner', 'symlink_install': True, 'test_result_base': None}
[0.235s] INFO:colcon.colcon_core.executor:Executing jobs using 'parallel' executor
[0.236s] DEBUG:colcon.colcon_parallel_executor.executor.parallel:run_until_complete
[0.236s] INFO:colcon.colcon_ros.task.ament_cmake.build:Building ROS package in '/home/anatoly/ros2k_ws/src/xarm_ros2/xarm_description' with build type 'ament_cmake'
[0.236s] INFO:colcon.colcon_cmake.task.cmake.build:Building CMake package in '/home/anatoly/ros2k_ws/src/xarm_ros2/xarm_description'
[0.238s] INFO:colcon.colcon_core.plugin_system:Skipping extension 'colcon_core.shell.bat': Not used on non-Windows systems
[0.238s] INFO:colcon.colcon_core.shell:Skip shell extension 'powershell' for command environment: Not usable outside of PowerShell
[0.238s] DEBUG:colcon.colcon_core.shell:Skip shell extension 'dsv' for command environment
[0.242s] INFO:colcon.colcon_ros.task.ament_cmake.build:Building ROS package in '/home/anatoly/ros2k_ws/src/xarm_ros2/xarm_msgs' with build type 'ament_cmake'
[0.242s] INFO:colcon.colcon_cmake.task.cmake.build:Building CMake package in '/home/anatoly/ros2k_ws/src/xarm_ros2/xarm_msgs'
[0.242s] INFO:colcon.colcon_core.shell:Skip shell extension 'powershell' for command environment: Not usable outside of PowerShell
[0.242s] DEBUG:colcon.colcon_core.shell:Skip shell extension 'dsv' for command environment
[0.246s] INFO:colcon.colcon_ros.task.ament_cmake.build:Building ROS package in '/home/anatoly/ros2k_ws/src/xarm_ros2/xarm_sdk' with build type 'ament_cmake'
[0.246s] INFO:colcon.colcon_cmake.task.cmake.build:Building CMake package in '/home/anatoly/ros2k_ws/src/xarm_ros2/xarm_sdk'
[0.246s] INFO:colcon.colcon_core.shell:Skip shell extension 'powershell' for command environment: Not usable outside of PowerShell
[0.247s] DEBUG:colcon.colcon_core.shell:Skip shell extension 'dsv' for command environment
[0.250s] INFO:colcon.colcon_ros.task.ament_python.build:Building ROS package in '/home/anatoly/ros2k_ws/src/xarm_ros2/uf_ros_lib' with build type 'ament_python'
[0.250s] Level 1:colcon.colcon_core.shell:create_environment_hook('uf_ros_lib', 'ament_prefix_path')
[0.251s] INFO:colcon.colcon_core.shell:Creating environment hook '/home/anatoly/ros2k_ws/install/uf_ros_lib/share/uf_ros_lib/hook/ament_prefix_path.ps1'
[0.251s] INFO:colcon.colcon_core.shell:Creating environment descriptor '/home/anatoly/ros2k_ws/install/uf_ros_lib/share/uf_ros_lib/hook/ament_prefix_path.dsv'
[0.252s] INFO:colcon.colcon_core.shell:Creating environment hook '/home/anatoly/ros2k_ws/install/uf_ros_lib/share/uf_ros_lib/hook/ament_prefix_path.sh'
[0.252s] INFO:colcon.colcon_core.shell:Skip shell extension 'powershell' for command environment: Not usable outside of PowerShell
[0.252s] DEBUG:colcon.colcon_core.shell:Skip shell extension 'dsv' for command environment
[0.255s] INFO:colcon.colcon_ros.task.ament_cmake.build:Building ROS package in '/home/anatoly/ros2k_ws/src/xarm_ros2/demo/mbot_demo' with build type 'ament_cmake'
[0.255s] INFO:colcon.colcon_cmake.task.cmake.build:Building CMake package in '/home/anatoly/ros2k_ws/src/xarm_ros2/demo/mbot_demo'
[0.255s] INFO:colcon.colcon_core.shell:Skip shell extension 'powershell' for command environment: Not usable outside of PowerShell
[0.255s] DEBUG:colcon.colcon_core.shell:Skip shell extension 'dsv' for command environment
[0.257s] INFO:colcon.colcon_ros.task.ament_cmake.build:Building ROS package in '/home/anatoly/ros2k_ws/src/object_recognition_msgs' with build type 'ament_cmake'
[0.257s] INFO:colcon.colcon_cmake.task.cmake.build:Building CMake package in '/home/anatoly/ros2k_ws/src/object_recognition_msgs'
[0.257s] INFO:colcon.colcon_core.shell:Skip shell extension 'powershell' for command environment: Not usable outside of PowerShell
[0.257s] DEBUG:colcon.colcon_core.shell:Skip shell extension 'dsv' for command environment
[0.264s] DEBUG:colcon.colcon_core.event_handler.log_command:Invoking command in '/home/anatoly/ros2k_ws/build/xarm_description': CMAKE_PREFIX_PATH=${CMAKE_PREFIX_PATH}:/opt/ros/kilted DEBUGINFOD_URLS=https://debuginfod.ubuntu.com /usr/bin/cmake --build /home/anatoly/ros2k_ws/build/xarm_description -- -j12 -l12
[0.265s] DEBUG:colcon.colcon_core.event_handler.log_command:Invoking command in '/home/anatoly/ros2k_ws/build/xarm_msgs': CMAKE_PREFIX_PATH=${CMAKE_PREFIX_PATH}:/opt/ros/kilted DEBUGINFOD_URLS=https://debuginfod.ubuntu.com /usr/bin/cmake --build /home/anatoly/ros2k_ws/build/xarm_msgs -- -j12 -l12
[0.267s] DEBUG:colcon.colcon_core.event_handler.log_command:Invoking command in '/home/anatoly/ros2k_ws/build/xarm_sdk': CMAKE_PREFIX_PATH=${CMAKE_PREFIX_PATH}:/opt/ros/kilted DEBUGINFOD_URLS=https://debuginfod.ubuntu.com /usr/bin/cmake --build /home/anatoly/ros2k_ws/build/xarm_sdk -- -j12 -l12
[0.463s] INFO:colcon.colcon_core.task.python.build:Building Python package in '/home/anatoly/ros2k_ws/src/xarm_ros2/uf_ros_lib'
[0.463s] INFO:colcon.colcon_core.shell:Skip shell extension 'powershell' for command environment: Not usable outside of PowerShell
[0.463s] DEBUG:colcon.colcon_core.shell:Skip shell extension 'dsv' for command environment
[0.469s] DEBUG:colcon.colcon_core.event_handler.log_command:Invoking command in '/home/anatoly/ros2k_ws/build/mbot_demo': CMAKE_PREFIX_PATH=${CMAKE_PREFIX_PATH}:/opt/ros/kilted DEBUGINFOD_URLS=https://debuginfod.ubuntu.com /usr/bin/cmake --build /home/anatoly/ros2k_ws/build/mbot_demo -- -j12 -l12
[0.477s] DEBUG:colcon.colcon_core.event_handler.log_command:Invoked command in '/home/anatoly/ros2k_ws/build/xarm_description' returned '0': CMAKE_PREFIX_PATH=${CMAKE_PREFIX_PATH}:/opt/ros/kilted DEBUGINFOD_URLS=https://debuginfod.ubuntu.com /usr/bin/cmake --build /home/anatoly/ros2k_ws/build/xarm_description -- -j12 -l12
[0.492s] DEBUG:colcon.colcon_core.event_handler.log_command:Invoking command in '/home/anatoly/ros2k_ws/build/xarm_description': CMAKE_PREFIX_PATH=${CMAKE_PREFIX_PATH}:/opt/ros/kilted DEBUGINFOD_URLS=https://debuginfod.ubuntu.com /usr/bin/cmake --install /home/anatoly/ros2k_ws/build/xarm_description
[0.494s] DEBUG:colcon.colcon_core.event_handler.log_command:Invoked command in '/home/anatoly/ros2k_ws/build/xarm_sdk' returned '0': CMAKE_PREFIX_PATH=${CMAKE_PREFIX_PATH}:/opt/ros/kilted DEBUGINFOD_URLS=https://debuginfod.ubuntu.com /usr/bin/cmake --build /home/anatoly/ros2k_ws/build/xarm_sdk -- -j12 -l12
[0.494s] DEBUG:colcon.colcon_core.event_handler.log_command:Invoking command in '/home/anatoly/ros2k_ws/build/xarm_sdk': CMAKE_PREFIX_PATH=${CMAKE_PREFIX_PATH}:/opt/ros/kilted DEBUGINFOD_URLS=https://debuginfod.ubuntu.com /usr/bin/cmake --install /home/anatoly/ros2k_ws/build/xarm_sdk
[0.496s] DEBUG:colcon.colcon_core.event_handler.log_command:Invoking command in '/home/anatoly/ros2k_ws/build/object_recognition_msgs': CMAKE_PREFIX_PATH=${CMAKE_PREFIX_PATH}:/opt/ros/kilted DEBUGINFOD_URLS=https://debuginfod.ubuntu.com /usr/bin/cmake --build /home/anatoly/ros2k_ws/build/object_recognition_msgs -- -j12 -l12
[0.534s] Level 1:colcon.colcon_core.environment:create_environment_scripts_only(xarm_sdk)
[0.541s] DEBUG:colcon.colcon_core.event_handler.log_command:Invoked command in '/home/anatoly/ros2k_ws/build/xarm_sdk' returned '0': CMAKE_PREFIX_PATH=${CMAKE_PREFIX_PATH}:/opt/ros/kilted DEBUGINFOD_URLS=https://debuginfod.ubuntu.com /usr/bin/cmake --install /home/anatoly/ros2k_ws/build/xarm_sdk
[0.543s] Level 1:colcon.colcon_core.environment:checking '/home/anatoly/ros2k_ws/install/xarm_sdk' for CMake module files
[0.545s] Level 1:colcon.colcon_core.environment:checking '/home/anatoly/ros2k_ws/install/xarm_sdk' for CMake config files
[0.545s] Level 1:colcon.colcon_core.shell:create_environment_hook('xarm_sdk', 'cmake_prefix_path')
[0.546s] INFO:colcon.colcon_core.shell:Creating environment hook '/home/anatoly/ros2k_ws/install/xarm_sdk/share/xarm_sdk/hook/cmake_prefix_path.ps1'
[0.547s] INFO:colcon.colcon_core.shell:Creating environment descriptor '/home/anatoly/ros2k_ws/install/xarm_sdk/share/xarm_sdk/hook/cmake_prefix_path.dsv'
[0.548s] INFO:colcon.colcon_core.shell:Creating environment hook '/home/anatoly/ros2k_ws/install/xarm_sdk/share/xarm_sdk/hook/cmake_prefix_path.sh'
[0.550s] Level 1:colcon.colcon_core.environment:checking '/home/anatoly/ros2k_ws/install/xarm_sdk/lib'
[0.550s] Level 1:colcon.colcon_core.shell:create_environment_hook('xarm_sdk', 'ld_library_path_lib')
[0.550s] INFO:colcon.colcon_core.shell:Creating environment hook '/home/anatoly/ros2k_ws/install/xarm_sdk/share/xarm_sdk/hook/ld_library_path_lib.ps1'
[0.551s] INFO:colcon.colcon_core.shell:Creating environment descriptor '/home/anatoly/ros2k_ws/install/xarm_sdk/share/xarm_sdk/hook/ld_library_path_lib.dsv'
[0.551s] INFO:colcon.colcon_core.shell:Creating environment hook '/home/anatoly/ros2k_ws/install/xarm_sdk/share/xarm_sdk/hook/ld_library_path_lib.sh'
[0.552s] Level 1:colcon.colcon_core.environment:checking '/home/anatoly/ros2k_ws/install/xarm_sdk/bin'
[0.552s] Level 1:colcon.colcon_core.environment:checking '/home/anatoly/ros2k_ws/install/xarm_sdk/lib/pkgconfig/xarm_sdk.pc'
[0.553s] Level 1:colcon.colcon_core.environment:checking '/home/anatoly/ros2k_ws/install/xarm_sdk/lib/python3.12/site-packages'
[0.553s] Level 1:colcon.colcon_core.environment:checking '/home/anatoly/ros2k_ws/install/xarm_sdk/bin'
[0.554s] INFO:colcon.colcon_core.shell:Creating package script '/home/anatoly/ros2k_ws/install/xarm_sdk/share/xarm_sdk/package.ps1'
[0.557s] INFO:colcon.colcon_core.shell:Creating package descriptor '/home/anatoly/ros2k_ws/install/xarm_sdk/share/xarm_sdk/package.dsv'
[0.557s] INFO:colcon.colcon_core.shell:Creating package script '/home/anatoly/ros2k_ws/install/xarm_sdk/share/xarm_sdk/package.sh'
[0.558s] INFO:colcon.colcon_core.shell:Creating package script '/home/anatoly/ros2k_ws/install/xarm_sdk/share/xarm_sdk/package.bash'
[0.563s] INFO:colcon.colcon_core.shell:Creating package script '/home/anatoly/ros2k_ws/install/xarm_sdk/share/xarm_sdk/package.zsh'
[0.564s] Level 1:colcon.colcon_core.environment:create_file_with_runtime_dependencies(/home/anatoly/ros2k_ws/install/xarm_sdk/share/colcon-core/packages/xarm_sdk)
[0.565s] Level 1:colcon.colcon_core.environment:create_environment_scripts_only(xarm_sdk)
[0.565s] Level 1:colcon.colcon_core.environment:checking '/home/anatoly/ros2k_ws/install/xarm_sdk' for CMake module files
[0.566s] Level 1:colcon.colcon_core.environment:checking '/home/anatoly/ros2k_ws/install/xarm_sdk' for CMake config files
[0.567s] Level 1:colcon.colcon_core.shell:create_environment_hook('xarm_sdk', 'cmake_prefix_path')
[0.567s] INFO:colcon.colcon_core.shell:Creating environment hook '/home/anatoly/ros2k_ws/install/xarm_sdk/share/xarm_sdk/hook/cmake_prefix_path.ps1'
[0.568s] INFO:colcon.colcon_core.shell:Creating environment descriptor '/home/anatoly/ros2k_ws/install/xarm_sdk/share/xarm_sdk/hook/cmake_prefix_path.dsv'
[0.569s] INFO:colcon.colcon_core.shell:Creating environment hook '/home/anatoly/ros2k_ws/install/xarm_sdk/share/xarm_sdk/hook/cmake_prefix_path.sh'
[0.569s] Level 1:colcon.colcon_core.environment:checking '/home/anatoly/ros2k_ws/install/xarm_sdk/lib'
[0.569s] Level 1:colcon.colcon_core.shell:create_environment_hook('xarm_sdk', 'ld_library_path_lib')
[0.569s] INFO:colcon.colcon_core.shell:Creating environment hook '/home/anatoly/ros2k_ws/install/xarm_sdk/share/xarm_sdk/hook/ld_library_path_lib.ps1'
[0.572s] INFO:colcon.colcon_core.shell:Creating environment descriptor '/home/anatoly/ros2k_ws/install/xarm_sdk/share/xarm_sdk/hook/ld_library_path_lib.dsv'
[0.574s] INFO:colcon.colcon_core.shell:Creating environment hook '/home/anatoly/ros2k_ws/install/xarm_sdk/share/xarm_sdk/hook/ld_library_path_lib.sh'
[0.574s] Level 1:colcon.colcon_core.environment:checking '/home/anatoly/ros2k_ws/install/xarm_sdk/bin'
[0.574s] Level 1:colcon.colcon_core.environment:checking '/home/anatoly/ros2k_ws/install/xarm_sdk/lib/pkgconfig/xarm_sdk.pc'
[0.575s] Level 1:colcon.colcon_core.environment:checking '/home/anatoly/ros2k_ws/install/xarm_sdk/lib/python3.12/site-packages'
[0.575s] Level 1:colcon.colcon_core.environment:checking '/home/anatoly/ros2k_ws/install/xarm_sdk/bin'
[0.576s] INFO:colcon.colcon_core.shell:Creating package script '/home/anatoly/ros2k_ws/install/xarm_sdk/share/xarm_sdk/package.ps1'
[0.577s] INFO:colcon.colcon_core.shell:Creating package descriptor '/home/anatoly/ros2k_ws/install/xarm_sdk/share/xarm_sdk/package.dsv'
[0.579s] INFO:colcon.colcon_core.shell:Creating package script '/home/anatoly/ros2k_ws/install/xarm_sdk/share/xarm_sdk/package.sh'
[0.580s] INFO:colcon.colcon_core.shell:Creating package script '/home/anatoly/ros2k_ws/install/xarm_sdk/share/xarm_sdk/package.bash'
[0.581s] INFO:colcon.colcon_core.shell:Creating package script '/home/anatoly/ros2k_ws/install/xarm_sdk/share/xarm_sdk/package.zsh'
[0.582s] Level 1:colcon.colcon_core.environment:create_file_with_runtime_dependencies(/home/anatoly/ros2k_ws/install/xarm_sdk/share/colcon-core/packages/xarm_sdk)
[0.599s] DEBUG:colcon.colcon_core.event_handler.log_command:Invoked command in '/home/anatoly/ros2k_ws/build/mbot_demo' returned '0': CMAKE_PREFIX_PATH=${CMAKE_PREFIX_PATH}:/opt/ros/kilted DEBUGINFOD_URLS=https://debuginfod.ubuntu.com /usr/bin/cmake --build /home/anatoly/ros2k_ws/build/mbot_demo -- -j12 -l12
[0.600s] DEBUG:colcon.colcon_core.event_handler.log_command:Invoking command in '/home/anatoly/ros2k_ws/build/mbot_demo': CMAKE_PREFIX_PATH=${CMAKE_PREFIX_PATH}:/opt/ros/kilted DEBUGINFOD_URLS=https://debuginfod.ubuntu.com /usr/bin/cmake --install /home/anatoly/ros2k_ws/build/mbot_demo
[0.606s] Level 1:colcon.colcon_core.environment:create_environment_scripts_only(xarm_description)
[0.606s] Level 1:colcon.colcon_core.environment:checking '/home/anatoly/ros2k_ws/install/xarm_description' for CMake module files
[0.608s] Level 1:colcon.colcon_core.environment:checking '/home/anatoly/ros2k_ws/install/xarm_description' for CMake config files
[0.608s] DEBUG:colcon.colcon_core.event_handler.log_command:Invoked command in '/home/anatoly/ros2k_ws/build/xarm_description' returned '0': CMAKE_PREFIX_PATH=${CMAKE_PREFIX_PATH}:/opt/ros/kilted DEBUGINFOD_URLS=https://debuginfod.ubuntu.com /usr/bin/cmake --install /home/anatoly/ros2k_ws/build/xarm_description
[0.614s] Level 1:colcon.colcon_core.shell:create_environment_hook('xarm_description', 'cmake_prefix_path')
[0.615s] INFO:colcon.colcon_core.shell:Creating environment hook '/home/anatoly/ros2k_ws/install/xarm_description/share/xarm_description/hook/cmake_prefix_path.ps1'
[0.615s] INFO:colcon.colcon_core.shell:Creating environment descriptor '/home/anatoly/ros2k_ws/install/xarm_description/share/xarm_description/hook/cmake_prefix_path.dsv'
[0.616s] INFO:colcon.colcon_core.shell:Creating environment hook '/home/anatoly/ros2k_ws/install/xarm_description/share/xarm_description/hook/cmake_prefix_path.sh'
[0.617s] Level 1:colcon.colcon_core.environment:checking '/home/anatoly/ros2k_ws/install/xarm_description/bin'
[0.617s] Level 1:colcon.colcon_core.environment:checking '/home/anatoly/ros2k_ws/install/xarm_description/lib/pkgconfig/xarm_description.pc'
[0.617s] Level 1:colcon.colcon_core.environment:checking '/home/anatoly/ros2k_ws/install/xarm_description/lib/python3.12/site-packages'
[0.617s] Level 1:colcon.colcon_core.environment:checking '/home/anatoly/ros2k_ws/install/xarm_description/bin'
[0.618s] INFO:colcon.colcon_core.shell:Creating package script '/home/anatoly/ros2k_ws/install/xarm_description/share/xarm_description/package.ps1'
[0.619s] INFO:colcon.colcon_core.shell:Creating package descriptor '/home/anatoly/ros2k_ws/install/xarm_description/share/xarm_description/package.dsv'
[0.620s] INFO:colcon.colcon_core.shell:Creating package script '/home/anatoly/ros2k_ws/install/xarm_description/share/xarm_description/package.sh'
[0.620s] INFO:colcon.colcon_core.shell:Creating package script '/home/anatoly/ros2k_ws/install/xarm_description/share/xarm_description/package.bash'
[0.621s] INFO:colcon.colcon_core.shell:Creating package script '/home/anatoly/ros2k_ws/install/xarm_description/share/xarm_description/package.zsh'
[0.621s] Level 1:colcon.colcon_core.environment:create_file_with_runtime_dependencies(/home/anatoly/ros2k_ws/install/xarm_description/share/colcon-core/packages/xarm_description)
[0.622s] Level 1:colcon.colcon_core.environment:create_environment_scripts_only(xarm_description)
[0.622s] Level 1:colcon.colcon_core.environment:checking '/home/anatoly/ros2k_ws/install/xarm_description' for CMake module files
[0.622s] Level 1:colcon.colcon_core.environment:checking '/home/anatoly/ros2k_ws/install/xarm_description' for CMake config files
[0.626s] Level 1:colcon.colcon_core.shell:create_environment_hook('xarm_description', 'cmake_prefix_path')
[0.626s] INFO:colcon.colcon_core.shell:Creating environment hook '/home/anatoly/ros2k_ws/install/xarm_description/share/xarm_description/hook/cmake_prefix_path.ps1'
[0.626s] INFO:colcon.colcon_core.shell:Creating environment descriptor '/home/anatoly/ros2k_ws/install/xarm_description/share/xarm_description/hook/cmake_prefix_path.dsv'
[0.627s] INFO:colcon.colcon_core.shell:Creating environment hook '/home/anatoly/ros2k_ws/install/xarm_description/share/xarm_description/hook/cmake_prefix_path.sh'
[0.628s] Level 1:colcon.colcon_core.environment:checking '/home/anatoly/ros2k_ws/install/xarm_description/bin'
[0.628s] Level 1:colcon.colcon_core.environment:checking '/home/anatoly/ros2k_ws/install/xarm_description/lib/pkgconfig/xarm_description.pc'
[0.628s] Level 1:colcon.colcon_core.environment:checking '/home/anatoly/ros2k_ws/install/xarm_description/lib/python3.12/site-packages'
[0.628s] Level 1:colcon.colcon_core.environment:checking '/home/anatoly/ros2k_ws/install/xarm_description/bin'
[0.629s] INFO:colcon.colcon_core.shell:Creating package script '/home/anatoly/ros2k_ws/install/xarm_description/share/xarm_description/package.ps1'
[0.629s] INFO:colcon.colcon_core.shell:Creating package descriptor '/home/anatoly/ros2k_ws/install/xarm_description/share/xarm_description/package.dsv'
[0.630s] INFO:colcon.colcon_core.shell:Creating package script '/home/anatoly/ros2k_ws/install/xarm_description/share/xarm_description/package.sh'
[0.630s] INFO:colcon.colcon_core.shell:Creating package script '/home/anatoly/ros2k_ws/install/xarm_description/share/xarm_description/package.bash'
[0.631s] INFO:colcon.colcon_core.shell:Creating package script '/home/anatoly/ros2k_ws/install/xarm_description/share/xarm_description/package.zsh'
[0.631s] Level 1:colcon.colcon_core.environment:create_file_with_runtime_dependencies(/home/anatoly/ros2k_ws/install/xarm_description/share/colcon-core/packages/xarm_description)
[0.632s] Level 1:colcon.colcon_core.environment:create_environment_scripts_only(mbot_demo)
[0.632s] Level 1:colcon.colcon_core.environment:checking '/home/anatoly/ros2k_ws/install/mbot_demo' for CMake module files
[0.633s] DEBUG:colcon.colcon_core.event_handler.log_command:Invoked command in '/home/anatoly/ros2k_ws/build/mbot_demo' returned '0': CMAKE_PREFIX_PATH=${CMAKE_PREFIX_PATH}:/opt/ros/kilted DEBUGINFOD_URLS=https://debuginfod.ubuntu.com /usr/bin/cmake --install /home/anatoly/ros2k_ws/build/mbot_demo
[0.633s] Level 1:colcon.colcon_core.environment:checking '/home/anatoly/ros2k_ws/install/mbot_demo' for CMake config files
[0.634s] Level 1:colcon.colcon_core.shell:create_environment_hook('mbot_demo', 'cmake_prefix_path')
[0.634s] INFO:colcon.colcon_core.shell:Creating environment hook '/home/anatoly/ros2k_ws/install/mbot_demo/share/mbot_demo/hook/cmake_prefix_path.ps1'
[0.634s] INFO:colcon.colcon_core.shell:Creating environment descriptor '/home/anatoly/ros2k_ws/install/mbot_demo/share/mbot_demo/hook/cmake_prefix_path.dsv'
[0.634s] INFO:colcon.colcon_core.shell:Creating environment hook '/home/anatoly/ros2k_ws/install/mbot_demo/share/mbot_demo/hook/cmake_prefix_path.sh'
[0.635s] Level 1:colcon.colcon_core.environment:checking '/home/anatoly/ros2k_ws/install/mbot_demo/bin'
[0.635s] Level 1:colcon.colcon_core.environment:checking '/home/anatoly/ros2k_ws/install/mbot_demo/lib/pkgconfig/mbot_demo.pc'
[0.635s] Level 1:colcon.colcon_core.environment:checking '/home/anatoly/ros2k_ws/install/mbot_demo/lib/python3.12/site-packages'
[0.635s] Level 1:colcon.colcon_core.environment:checking '/home/anatoly/ros2k_ws/install/mbot_demo/bin'
[0.636s] INFO:colcon.colcon_core.shell:Creating package script '/home/anatoly/ros2k_ws/install/mbot_demo/share/mbot_demo/package.ps1'
[0.636s] INFO:colcon.colcon_core.shell:Creating package descriptor '/home/anatoly/ros2k_ws/install/mbot_demo/share/mbot_demo/package.dsv'
[0.636s] INFO:colcon.colcon_core.shell:Creating package script '/home/anatoly/ros2k_ws/install/mbot_demo/share/mbot_demo/package.sh'
[0.637s] INFO:colcon.colcon_core.shell:Creating package script '/home/anatoly/ros2k_ws/install/mbot_demo/share/mbot_demo/package.bash'
[0.638s] INFO:colcon.colcon_core.shell:Creating package script '/home/anatoly/ros2k_ws/install/mbot_demo/share/mbot_demo/package.zsh'
[0.638s] Level 1:colcon.colcon_core.environment:create_file_with_runtime_dependencies(/home/anatoly/ros2k_ws/install/mbot_demo/share/colcon-core/packages/mbot_demo)
[0.638s] Level 1:colcon.colcon_core.environment:create_environment_scripts_only(mbot_demo)
[0.638s] Level 1:colcon.colcon_core.environment:checking '/home/anatoly/ros2k_ws/install/mbot_demo' for CMake module files
[0.639s] Level 1:colcon.colcon_core.environment:checking '/home/anatoly/ros2k_ws/install/mbot_demo' for CMake config files
[0.640s] Level 1:colcon.colcon_core.shell:create_environment_hook('mbot_demo', 'cmake_prefix_path')
[0.640s] INFO:colcon.colcon_core.shell:Creating environment hook '/home/anatoly/ros2k_ws/install/mbot_demo/share/mbot_demo/hook/cmake_prefix_path.ps1'
[0.640s] INFO:colcon.colcon_core.shell:Creating environment descriptor '/home/anatoly/ros2k_ws/install/mbot_demo/share/mbot_demo/hook/cmake_prefix_path.dsv'
[0.641s] INFO:colcon.colcon_core.shell:Creating environment hook '/home/anatoly/ros2k_ws/install/mbot_demo/share/mbot_demo/hook/cmake_prefix_path.sh'
[0.641s] Level 1:colcon.colcon_core.environment:checking '/home/anatoly/ros2k_ws/install/mbot_demo/bin'
[0.641s] Level 1:colcon.colcon_core.environment:checking '/home/anatoly/ros2k_ws/install/mbot_demo/lib/pkgconfig/mbot_demo.pc'
[0.642s] Level 1:colcon.colcon_core.environment:checking '/home/anatoly/ros2k_ws/install/mbot_demo/lib/python3.12/site-packages'
[0.642s] Level 1:colcon.colcon_core.environment:checking '/home/anatoly/ros2k_ws/install/mbot_demo/bin'
[0.642s] INFO:colcon.colcon_core.shell:Creating package script '/home/anatoly/ros2k_ws/install/mbot_demo/share/mbot_demo/package.ps1'
[0.645s] INFO:colcon.colcon_core.shell:Creating package descriptor '/home/anatoly/ros2k_ws/install/mbot_demo/share/mbot_demo/package.dsv'
[0.645s] INFO:colcon.colcon_core.shell:Creating package script '/home/anatoly/ros2k_ws/install/mbot_demo/share/mbot_demo/package.sh'
[0.647s] INFO:colcon.colcon_core.shell:Creating package script '/home/anatoly/ros2k_ws/install/mbot_demo/share/mbot_demo/package.bash'
[0.648s] INFO:colcon.colcon_core.shell:Creating package script '/home/anatoly/ros2k_ws/install/mbot_demo/share/mbot_demo/package.zsh'
[0.648s] Level 1:colcon.colcon_core.environment:create_file_with_runtime_dependencies(/home/anatoly/ros2k_ws/install/mbot_demo/share/colcon-core/packages/mbot_demo)
[0.827s] DEBUG:colcon.colcon_core.event_handler.log_command:Invoked command in '/home/anatoly/ros2k_ws/build/xarm_msgs' returned '0': CMAKE_PREFIX_PATH=${CMAKE_PREFIX_PATH}:/opt/ros/kilted DEBUGINFOD_URLS=https://debuginfod.ubuntu.com /usr/bin/cmake --build /home/anatoly/ros2k_ws/build/xarm_msgs -- -j12 -l12
[0.829s] DEBUG:colcon.colcon_core.event_handler.log_command:Invoking command in '/home/anatoly/ros2k_ws/build/xarm_msgs': CMAKE_PREFIX_PATH=${CMAKE_PREFIX_PATH}:/opt/ros/kilted DEBUGINFOD_URLS=https://debuginfod.ubuntu.com /usr/bin/cmake --install /home/anatoly/ros2k_ws/build/xarm_msgs
[0.971s] DEBUG:colcon.colcon_core.event_handler.log_command:Invoked command in '/home/anatoly/ros2k_ws/build/object_recognition_msgs' returned '0': CMAKE_PREFIX_PATH=${CMAKE_PREFIX_PATH}:/opt/ros/kilted DEBUGINFOD_URLS=https://debuginfod.ubuntu.com /usr/bin/cmake --build /home/anatoly/ros2k_ws/build/object_recognition_msgs -- -j12 -l12
[0.973s] DEBUG:colcon.colcon_core.event_handler.log_command:Invoking command in '/home/anatoly/ros2k_ws/build/object_recognition_msgs': CMAKE_PREFIX_PATH=${CMAKE_PREFIX_PATH}:/opt/ros/kilted DEBUGINFOD_URLS=https://debuginfod.ubuntu.com /usr/bin/cmake --install /home/anatoly/ros2k_ws/build/object_recognition_msgs
[1.050s] Level 1:colcon.colcon_core.environment:create_environment_scripts_only(xarm_msgs)
[1.051s] DEBUG:colcon.colcon_core.event_handler.log_command:Invoked command in '/home/anatoly/ros2k_ws/build/xarm_msgs' returned '0': CMAKE_PREFIX_PATH=${CMAKE_PREFIX_PATH}:/opt/ros/kilted DEBUGINFOD_URLS=https://debuginfod.ubuntu.com /usr/bin/cmake --install /home/anatoly/ros2k_ws/build/xarm_msgs
[1.051s] Level 1:colcon.colcon_core.environment:checking '/home/anatoly/ros2k_ws/install/xarm_msgs' for CMake module files
[1.052s] Level 1:colcon.colcon_core.environment:checking '/home/anatoly/ros2k_ws/install/xarm_msgs' for CMake config files
[1.053s] Level 1:colcon.colcon_core.shell:create_environment_hook('xarm_msgs', 'cmake_prefix_path')
[1.053s] INFO:colcon.colcon_core.shell:Creating environment hook '/home/anatoly/ros2k_ws/install/xarm_msgs/share/xarm_msgs/hook/cmake_prefix_path.ps1'
[1.054s] INFO:colcon.colcon_core.shell:Creating environment descriptor '/home/anatoly/ros2k_ws/install/xarm_msgs/share/xarm_msgs/hook/cmake_prefix_path.dsv'
[1.054s] INFO:colcon.colcon_core.shell:Creating environment hook '/home/anatoly/ros2k_ws/install/xarm_msgs/share/xarm_msgs/hook/cmake_prefix_path.sh'
[1.054s] Level 1:colcon.colcon_core.environment:checking '/home/anatoly/ros2k_ws/install/xarm_msgs/lib'
[1.055s] Level 1:colcon.colcon_core.shell:create_environment_hook('xarm_msgs', 'ld_library_path_lib')
[1.055s] INFO:colcon.colcon_core.shell:Creating environment hook '/home/anatoly/ros2k_ws/install/xarm_msgs/share/xarm_msgs/hook/ld_library_path_lib.ps1'
[1.055s] INFO:colcon.colcon_core.shell:Creating environment descriptor '/home/anatoly/ros2k_ws/install/xarm_msgs/share/xarm_msgs/hook/ld_library_path_lib.dsv'
[1.055s] INFO:colcon.colcon_core.shell:Creating environment hook '/home/anatoly/ros2k_ws/install/xarm_msgs/share/xarm_msgs/hook/ld_library_path_lib.sh'
[1.056s] Level 1:colcon.colcon_core.environment:checking '/home/anatoly/ros2k_ws/install/xarm_msgs/bin'
[1.056s] Level 1:colcon.colcon_core.environment:checking '/home/anatoly/ros2k_ws/install/xarm_msgs/lib/pkgconfig/xarm_msgs.pc'
[1.056s] Level 1:colcon.colcon_core.environment:checking '/home/anatoly/ros2k_ws/install/xarm_msgs/lib/python3.12/site-packages'
[1.056s] Level 1:colcon.colcon_core.shell:create_environment_hook('xarm_msgs', 'pythonpath')
[1.056s] INFO:colcon.colcon_core.shell:Creating environment hook '/home/anatoly/ros2k_ws/install/xarm_msgs/share/xarm_msgs/hook/pythonpath.ps1'
[1.056s] INFO:colcon.colcon_core.shell:Creating environment descriptor '/home/anatoly/ros2k_ws/install/xarm_msgs/share/xarm_msgs/hook/pythonpath.dsv'
[1.057s] INFO:colcon.colcon_core.shell:Creating environment hook '/home/anatoly/ros2k_ws/install/xarm_msgs/share/xarm_msgs/hook/pythonpath.sh'
[1.057s] Level 1:colcon.colcon_core.environment:checking '/home/anatoly/ros2k_ws/install/xarm_msgs/bin'
[1.057s] INFO:colcon.colcon_core.shell:Creating package script '/home/anatoly/ros2k_ws/install/xarm_msgs/share/xarm_msgs/package.ps1'
[1.058s] INFO:colcon.colcon_core.shell:Creating package descriptor '/home/anatoly/ros2k_ws/install/xarm_msgs/share/xarm_msgs/package.dsv'
[1.058s] INFO:colcon.colcon_core.shell:Creating package script '/home/anatoly/ros2k_ws/install/xarm_msgs/share/xarm_msgs/package.sh'
[1.059s] INFO:colcon.colcon_core.shell:Creating package script '/home/anatoly/ros2k_ws/install/xarm_msgs/share/xarm_msgs/package.bash'
[1.059s] INFO:colcon.colcon_core.shell:Creating package script '/home/anatoly/ros2k_ws/install/xarm_msgs/share/xarm_msgs/package.zsh'
[1.059s] Level 1:colcon.colcon_core.environment:create_file_with_runtime_dependencies(/home/anatoly/ros2k_ws/install/xarm_msgs/share/colcon-core/packages/xarm_msgs)
[1.059s] Level 1:colcon.colcon_core.environment:create_environment_scripts_only(xarm_msgs)
[1.060s] Level 1:colcon.colcon_core.environment:checking '/home/anatoly/ros2k_ws/install/xarm_msgs' for CMake module files
[1.060s] Level 1:colcon.colcon_core.environment:checking '/home/anatoly/ros2k_ws/install/xarm_msgs' for CMake config files
[1.061s] Level 1:colcon.colcon_core.shell:create_environment_hook('xarm_msgs', 'cmake_prefix_path')
[1.062s] INFO:colcon.colcon_core.shell:Creating environment hook '/home/anatoly/ros2k_ws/install/xarm_msgs/share/xarm_msgs/hook/cmake_prefix_path.ps1'
[1.062s] INFO:colcon.colcon_core.shell:Creating environment descriptor '/home/anatoly/ros2k_ws/install/xarm_msgs/share/xarm_msgs/hook/cmake_prefix_path.dsv'
[1.062s] INFO:colcon.colcon_core.shell:Creating environment hook '/home/anatoly/ros2k_ws/install/xarm_msgs/share/xarm_msgs/hook/cmake_prefix_path.sh'
[1.063s] Level 1:colcon.colcon_core.environment:checking '/home/anatoly/ros2k_ws/install/xarm_msgs/lib'
[1.063s] Level 1:colcon.colcon_core.shell:create_environment_hook('xarm_msgs', 'ld_library_path_lib')
[1.063s] INFO:colcon.colcon_core.shell:Creating environment hook '/home/anatoly/ros2k_ws/install/xarm_msgs/share/xarm_msgs/hook/ld_library_path_lib.ps1'
[1.063s] INFO:colcon.colcon_core.shell:Creating environment descriptor '/home/anatoly/ros2k_ws/install/xarm_msgs/share/xarm_msgs/hook/ld_library_path_lib.dsv'
[1.063s] INFO:colcon.colcon_core.shell:Creating environment hook '/home/anatoly/ros2k_ws/install/xarm_msgs/share/xarm_msgs/hook/ld_library_path_lib.sh'
[1.064s] Level 1:colcon.colcon_core.environment:checking '/home/anatoly/ros2k_ws/install/xarm_msgs/bin'
[1.064s] Level 1:colcon.colcon_core.environment:checking '/home/anatoly/ros2k_ws/install/xarm_msgs/lib/pkgconfig/xarm_msgs.pc'
[1.064s] Level 1:colcon.colcon_core.environment:checking '/home/anatoly/ros2k_ws/install/xarm_msgs/lib/python3.12/site-packages'
[1.064s] Level 1:colcon.colcon_core.shell:create_environment_hook('xarm_msgs', 'pythonpath')
[1.064s] INFO:colcon.colcon_core.shell:Creating environment hook '/home/anatoly/ros2k_ws/install/xarm_msgs/share/xarm_msgs/hook/pythonpath.ps1'
[1.066s] INFO:colcon.colcon_core.shell:Creating environment descriptor '/home/anatoly/ros2k_ws/install/xarm_msgs/share/xarm_msgs/hook/pythonpath.dsv'
[1.066s] INFO:colcon.colcon_core.shell:Creating environment hook '/home/anatoly/ros2k_ws/install/xarm_msgs/share/xarm_msgs/hook/pythonpath.sh'
[1.067s] Level 1:colcon.colcon_core.environment:checking '/home/anatoly/ros2k_ws/install/xarm_msgs/bin'
[1.067s] INFO:colcon.colcon_core.shell:Creating package script '/home/anatoly/ros2k_ws/install/xarm_msgs/share/xarm_msgs/package.ps1'
[1.068s] INFO:colcon.colcon_core.shell:Creating package descriptor '/home/anatoly/ros2k_ws/install/xarm_msgs/share/xarm_msgs/package.dsv'
[1.069s] INFO:colcon.colcon_core.shell:Creating package script '/home/anatoly/ros2k_ws/install/xarm_msgs/share/xarm_msgs/package.sh'
[1.070s] INFO:colcon.colcon_core.shell:Creating package script '/home/anatoly/ros2k_ws/install/xarm_msgs/share/xarm_msgs/package.bash'
[1.070s] INFO:colcon.colcon_core.shell:Creating package script '/home/anatoly/ros2k_ws/install/xarm_msgs/share/xarm_msgs/package.zsh'
[1.070s] Level 1:colcon.colcon_core.environment:create_file_with_runtime_dependencies(/home/anatoly/ros2k_ws/install/xarm_msgs/share/colcon-core/packages/xarm_msgs)
[1.071s] INFO:colcon.colcon_ros.task.ament_cmake.build:Building ROS package in '/home/anatoly/ros2k_ws/src/xarm_ros2/xarm_api' with build type 'ament_cmake'
[1.071s] INFO:colcon.colcon_cmake.task.cmake.build:Building CMake package in '/home/anatoly/ros2k_ws/src/xarm_ros2/xarm_api'
[1.072s] INFO:colcon.colcon_core.shell:Skip shell extension 'powershell' for command environment: Not usable outside of PowerShell
[1.072s] DEBUG:colcon.colcon_core.shell:Skip shell extension 'dsv' for command environment
[1.080s] Level 1:colcon.colcon_core.environment:create_environment_scripts_only(object_recognition_msgs)
[1.080s] DEBUG:colcon.colcon_core.event_handler.log_command:Invoked command in '/home/anatoly/ros2k_ws/build/object_recognition_msgs' returned '0': CMAKE_PREFIX_PATH=${CMAKE_PREFIX_PATH}:/opt/ros/kilted DEBUGINFOD_URLS=https://debuginfod.ubuntu.com /usr/bin/cmake --install /home/anatoly/ros2k_ws/build/object_recognition_msgs
[1.080s] Level 1:colcon.colcon_core.environment:checking '/home/anatoly/ros2k_ws/install/object_recognition_msgs' for CMake module files
[1.081s] Level 1:colcon.colcon_core.environment:checking '/home/anatoly/ros2k_ws/install/object_recognition_msgs' for CMake config files
[1.082s] Level 1:colcon.colcon_core.shell:create_environment_hook('object_recognition_msgs', 'cmake_prefix_path')
[1.082s] INFO:colcon.colcon_core.shell:Creating environment hook '/home/anatoly/ros2k_ws/install/object_recognition_msgs/share/object_recognition_msgs/hook/cmake_prefix_path.ps1'
[1.083s] INFO:colcon.colcon_core.shell:Creating environment descriptor '/home/anatoly/ros2k_ws/install/object_recognition_msgs/share/object_recognition_msgs/hook/cmake_prefix_path.dsv'
[1.083s] INFO:colcon.colcon_core.shell:Creating environment hook '/home/anatoly/ros2k_ws/install/object_recognition_msgs/share/object_recognition_msgs/hook/cmake_prefix_path.sh'
[1.084s] Level 1:colcon.colcon_core.environment:checking '/home/anatoly/ros2k_ws/install/object_recognition_msgs/lib'
[1.084s] Level 1:colcon.colcon_core.shell:create_environment_hook('object_recognition_msgs', 'ld_library_path_lib')
[1.084s] INFO:colcon.colcon_core.shell:Creating environment hook '/home/anatoly/ros2k_ws/install/object_recognition_msgs/share/object_recognition_msgs/hook/ld_library_path_lib.ps1'
[1.085s] INFO:colcon.colcon_core.shell:Creating environment descriptor '/home/anatoly/ros2k_ws/install/object_recognition_msgs/share/object_recognition_msgs/hook/ld_library_path_lib.dsv'
[1.085s] INFO:colcon.colcon_core.shell:Creating environment hook '/home/anatoly/ros2k_ws/install/object_recognition_msgs/share/object_recognition_msgs/hook/ld_library_path_lib.sh'
[1.085s] Level 1:colcon.colcon_core.environment:checking '/home/anatoly/ros2k_ws/install/object_recognition_msgs/bin'
[1.085s] Level 1:colcon.colcon_core.environment:checking '/home/anatoly/ros2k_ws/install/object_recognition_msgs/lib/pkgconfig/object_recognition_msgs.pc'
[1.086s] Level 1:colcon.colcon_core.environment:checking '/home/anatoly/ros2k_ws/install/object_recognition_msgs/lib/python3.12/site-packages'
[1.086s] Level 1:colcon.colcon_core.shell:create_environment_hook('object_recognition_msgs', 'pythonpath')
[1.086s] INFO:colcon.colcon_core.shell:Creating environment hook '/home/anatoly/ros2k_ws/install/object_recognition_msgs/share/object_recognition_msgs/hook/pythonpath.ps1'
[1.086s] INFO:colcon.colcon_core.shell:Creating environment descriptor '/home/anatoly/ros2k_ws/install/object_recognition_msgs/share/object_recognition_msgs/hook/pythonpath.dsv'
[1.087s] INFO:colcon.colcon_core.shell:Creating environment hook '/home/anatoly/ros2k_ws/install/object_recognition_msgs/share/object_recognition_msgs/hook/pythonpath.sh'
[1.087s] Level 1:colcon.colcon_core.environment:checking '/home/anatoly/ros2k_ws/install/object_recognition_msgs/bin'
[1.088s] INFO:colcon.colcon_core.shell:Creating package script '/home/anatoly/ros2k_ws/install/object_recognition_msgs/share/object_recognition_msgs/package.ps1'
[1.089s] INFO:colcon.colcon_core.shell:Creating package descriptor '/home/anatoly/ros2k_ws/install/object_recognition_msgs/share/object_recognition_msgs/package.dsv'
[1.089s] INFO:colcon.colcon_core.shell:Creating package script '/home/anatoly/ros2k_ws/install/object_recognition_msgs/share/object_recognition_msgs/package.sh'
[1.090s] INFO:colcon.colcon_core.shell:Creating package script '/home/anatoly/ros2k_ws/install/object_recognition_msgs/share/object_recognition_msgs/package.bash'
[1.090s] INFO:colcon.colcon_core.shell:Creating package script '/home/anatoly/ros2k_ws/install/object_recognition_msgs/share/object_recognition_msgs/package.zsh'
[1.090s] Level 1:colcon.colcon_core.environment:create_file_with_runtime_dependencies(/home/anatoly/ros2k_ws/install/object_recognition_msgs/share/colcon-core/packages/object_recognition_msgs)
[1.091s] Level 1:colcon.colcon_core.environment:create_environment_scripts_only(object_recognition_msgs)
[1.091s] Level 1:colcon.colcon_core.environment:checking '/home/anatoly/ros2k_ws/install/object_recognition_msgs' for CMake module files
[1.092s] Level 1:colcon.colcon_core.environment:checking '/home/anatoly/ros2k_ws/install/object_recognition_msgs' for CMake config files
[1.092s] Level 1:colcon.colcon_core.shell:create_environment_hook('object_recognition_msgs', 'cmake_prefix_path')
[1.092s] INFO:colcon.colcon_core.shell:Creating environment hook '/home/anatoly/ros2k_ws/install/object_recognition_msgs/share/object_recognition_msgs/hook/cmake_prefix_path.ps1'
[1.093s] INFO:colcon.colcon_core.shell:Creating environment descriptor '/home/anatoly/ros2k_ws/install/object_recognition_msgs/share/object_recognition_msgs/hook/cmake_prefix_path.dsv'
[1.093s] INFO:colcon.colcon_core.shell:Creating environment hook '/home/anatoly/ros2k_ws/install/object_recognition_msgs/share/object_recognition_msgs/hook/cmake_prefix_path.sh'
[1.094s] Level 1:colcon.colcon_core.environment:checking '/home/anatoly/ros2k_ws/install/object_recognition_msgs/lib'
[1.094s] Level 1:colcon.colcon_core.shell:create_environment_hook('object_recognition_msgs', 'ld_library_path_lib')
[1.094s] INFO:colcon.colcon_core.shell:Creating environment hook '/home/anatoly/ros2k_ws/install/object_recognition_msgs/share/object_recognition_msgs/hook/ld_library_path_lib.ps1'
[1.094s] INFO:colcon.colcon_core.shell:Creating environment descriptor '/home/anatoly/ros2k_ws/install/object_recognition_msgs/share/object_recognition_msgs/hook/ld_library_path_lib.dsv'
[1.095s] INFO:colcon.colcon_core.shell:Creating environment hook '/home/anatoly/ros2k_ws/install/object_recognition_msgs/share/object_recognition_msgs/hook/ld_library_path_lib.sh'
[1.095s] Level 1:colcon.colcon_core.environment:checking '/home/anatoly/ros2k_ws/install/object_recognition_msgs/bin'
[1.095s] Level 1:colcon.colcon_core.environment:checking '/home/anatoly/ros2k_ws/install/object_recognition_msgs/lib/pkgconfig/object_recognition_msgs.pc'
[1.095s] Level 1:colcon.colcon_core.environment:checking '/home/anatoly/ros2k_ws/install/object_recognition_msgs/lib/python3.12/site-packages'
[1.095s] Level 1:colcon.colcon_core.shell:create_environment_hook('object_recognition_msgs', 'pythonpath')
[1.095s] INFO:colcon.colcon_core.shell:Creating environment hook '/home/anatoly/ros2k_ws/install/object_recognition_msgs/share/object_recognition_msgs/hook/pythonpath.ps1'
[1.096s] INFO:colcon.colcon_core.shell:Creating environment descriptor '/home/anatoly/ros2k_ws/install/object_recognition_msgs/share/object_recognition_msgs/hook/pythonpath.dsv'
[1.096s] INFO:colcon.colcon_core.shell:Creating environment hook '/home/anatoly/ros2k_ws/install/object_recognition_msgs/share/object_recognition_msgs/hook/pythonpath.sh'
[1.097s] Level 1:colcon.colcon_core.environment:checking '/home/anatoly/ros2k_ws/install/object_recognition_msgs/bin'
[1.097s] INFO:colcon.colcon_core.shell:Creating package script '/home/anatoly/ros2k_ws/install/object_recognition_msgs/share/object_recognition_msgs/package.ps1'
[1.098s] INFO:colcon.colcon_core.shell:Creating package descriptor '/home/anatoly/ros2k_ws/install/object_recognition_msgs/share/object_recognition_msgs/package.dsv'
[1.098s] INFO:colcon.colcon_core.shell:Creating package script '/home/anatoly/ros2k_ws/install/object_recognition_msgs/share/object_recognition_msgs/package.sh'
[1.099s] INFO:colcon.colcon_core.shell:Creating package script '/home/anatoly/ros2k_ws/install/object_recognition_msgs/share/object_recognition_msgs/package.bash'
[1.099s] INFO:colcon.colcon_core.shell:Creating package script '/home/anatoly/ros2k_ws/install/object_recognition_msgs/share/object_recognition_msgs/package.zsh'
[1.099s] Level 1:colcon.colcon_core.environment:create_file_with_runtime_dependencies(/home/anatoly/ros2k_ws/install/object_recognition_msgs/share/colcon-core/packages/object_recognition_msgs)
[1.102s] DEBUG:colcon.colcon_core.event_handler.log_command:Invoking command in '/home/anatoly/ros2k_ws/build/xarm_api': AMENT_PREFIX_PATH=/home/anatoly/ros2k_ws/install/xarm_sdk:/home/anatoly/ros2k_ws/install/xarm_msgs:/home/anatoly/ros2k_ws/install/xarm_description:${AMENT_PREFIX_PATH} CMAKE_PREFIX_PATH=/home/anatoly/ros2k_ws/install/xarm_sdk:/home/anatoly/ros2k_ws/install/xarm_msgs:/home/anatoly/ros2k_ws/install/xarm_description:/opt/ros/kilted/opt/gz_sim_vendor:/opt/ros/kilted/opt/gz_sensors_vendor:/opt/ros/kilted/opt/gz_physics_vendor:/opt/ros/kilted/opt/sdformat_vendor:/opt/ros/kilted/opt/gz_gui_vendor:/opt/ros/kilted/opt/gz_transport_vendor:/opt/ros/kilted/opt/gz_rendering_vendor:/opt/ros/kilted/opt/gz_plugin_vendor:/opt/ros/kilted/opt/gz_fuel_tools_vendor:/opt/ros/kilted/opt/gz_msgs_vendor:/opt/ros/kilted/opt/gz_common_vendor:/opt/ros/kilted/opt/gz_math_vendor:/opt/ros/kilted/opt/gz_utils_vendor:/opt/ros/kilted/opt/gz_tools_vendor:/opt/ros/kilted/opt/gz_ogre_next_vendor:/opt/ros/kilted/opt/gz_dartsim_vendor:/opt/ros/kilted/opt/gz_cmake_vendor:/opt/ros/kilted DEBUGINFOD_URLS=https://debuginfod.ubuntu.com LD_LIBRARY_PATH=/home/anatoly/ros2k_ws/install/xarm_sdk/lib:/home/anatoly/ros2k_ws/install/xarm_msgs/lib:${LD_LIBRARY_PATH} PYTHONPATH=/home/anatoly/ros2k_ws/install/xarm_msgs/lib/python3.12/site-packages:${PYTHONPATH} /usr/bin/cmake --build /home/anatoly/ros2k_ws/build/xarm_api -- -j12 -l12
[1.121s] DEBUG:colcon.colcon_core.task.python.build:Available setuptools commands: clean, compile_catalog, develop, easy_install, install_headers, sdist, editable_wheel, build_ext, test, build_scripts, dist_info, upload_docs, extract_messages, bdist_dumb, build_py, upload, saveopts, init_catalog, register, install_scripts, build, install_lib, symlink_data, check, install_egg_info, build_clib, rotate, update_catalog, install, bdist_egg, bdist_rpm, bdist, install_data, egg_info, setopt, alias
[1.234s] DEBUG:colcon.colcon_core.event_handler.log_command:Invoked command in '/home/anatoly/ros2k_ws/build/xarm_api' returned '0': AMENT_PREFIX_PATH=/home/anatoly/ros2k_ws/install/xarm_sdk:/home/anatoly/ros2k_ws/install/xarm_msgs:/home/anatoly/ros2k_ws/install/xarm_description:${AMENT_PREFIX_PATH} CMAKE_PREFIX_PATH=/home/anatoly/ros2k_ws/install/xarm_sdk:/home/anatoly/ros2k_ws/install/xarm_msgs:/home/anatoly/ros2k_ws/install/xarm_description:/opt/ros/kilted/opt/gz_sim_vendor:/opt/ros/kilted/opt/gz_sensors_vendor:/opt/ros/kilted/opt/gz_physics_vendor:/opt/ros/kilted/opt/sdformat_vendor:/opt/ros/kilted/opt/gz_gui_vendor:/opt/ros/kilted/opt/gz_transport_vendor:/opt/ros/kilted/opt/gz_rendering_vendor:/opt/ros/kilted/opt/gz_plugin_vendor:/opt/ros/kilted/opt/gz_fuel_tools_vendor:/opt/ros/kilted/opt/gz_msgs_vendor:/opt/ros/kilted/opt/gz_common_vendor:/opt/ros/kilted/opt/gz_math_vendor:/opt/ros/kilted/opt/gz_utils_vendor:/opt/ros/kilted/opt/gz_tools_vendor:/opt/ros/kilted/opt/gz_ogre_next_vendor:/opt/ros/kilted/opt/gz_dartsim_vendor:/opt/ros/kilted/opt/gz_cmake_vendor:/opt/ros/kilted DEBUGINFOD_URLS=https://debuginfod.ubuntu.com LD_LIBRARY_PATH=/home/anatoly/ros2k_ws/install/xarm_sdk/lib:/home/anatoly/ros2k_ws/install/xarm_msgs/lib:${LD_LIBRARY_PATH} PYTHONPATH=/home/anatoly/ros2k_ws/install/xarm_msgs/lib/python3.12/site-packages:${PYTHONPATH} /usr/bin/cmake --build /home/anatoly/ros2k_ws/build/xarm_api -- -j12 -l12
[1.234s] DEBUG:colcon.colcon_core.event_handler.log_command:Invoking command in '/home/anatoly/ros2k_ws/build/xarm_api': AMENT_PREFIX_PATH=/home/anatoly/ros2k_ws/install/xarm_sdk:/home/anatoly/ros2k_ws/install/xarm_msgs:/home/anatoly/ros2k_ws/install/xarm_description:${AMENT_PREFIX_PATH} CMAKE_PREFIX_PATH=/home/anatoly/ros2k_ws/install/xarm_sdk:/home/anatoly/ros2k_ws/install/xarm_msgs:/home/anatoly/ros2k_ws/install/xarm_description:/opt/ros/kilted/opt/gz_sim_vendor:/opt/ros/kilted/opt/gz_sensors_vendor:/opt/ros/kilted/opt/gz_physics_vendor:/opt/ros/kilted/opt/sdformat_vendor:/opt/ros/kilted/opt/gz_gui_vendor:/opt/ros/kilted/opt/gz_transport_vendor:/opt/ros/kilted/opt/gz_rendering_vendor:/opt/ros/kilted/opt/gz_plugin_vendor:/opt/ros/kilted/opt/gz_fuel_tools_vendor:/opt/ros/kilted/opt/gz_msgs_vendor:/opt/ros/kilted/opt/gz_common_vendor:/opt/ros/kilted/opt/gz_math_vendor:/opt/ros/kilted/opt/gz_utils_vendor:/opt/ros/kilted/opt/gz_tools_vendor:/opt/ros/kilted/opt/gz_ogre_next_vendor:/opt/ros/kilted/opt/gz_dartsim_vendor:/opt/ros/kilted/opt/gz_cmake_vendor:/opt/ros/kilted DEBUGINFOD_URLS=https://debuginfod.ubuntu.com LD_LIBRARY_PATH=/home/anatoly/ros2k_ws/install/xarm_sdk/lib:/home/anatoly/ros2k_ws/install/xarm_msgs/lib:${LD_LIBRARY_PATH} PYTHONPATH=/home/anatoly/ros2k_ws/install/xarm_msgs/lib/python3.12/site-packages:${PYTHONPATH} /usr/bin/cmake --install /home/anatoly/ros2k_ws/build/xarm_api
[1.264s] Level 1:colcon.colcon_core.environment:create_environment_scripts_only(xarm_api)
[1.264s] DEBUG:colcon.colcon_core.event_handler.log_command:Invoked command in '/home/anatoly/ros2k_ws/build/xarm_api' returned '0': AMENT_PREFIX_PATH=/home/anatoly/ros2k_ws/install/xarm_sdk:/home/anatoly/ros2k_ws/install/xarm_msgs:/home/anatoly/ros2k_ws/install/xarm_description:${AMENT_PREFIX_PATH} CMAKE_PREFIX_PATH=/home/anatoly/ros2k_ws/install/xarm_sdk:/home/anatoly/ros2k_ws/install/xarm_msgs:/home/anatoly/ros2k_ws/install/xarm_description:/opt/ros/kilted/opt/gz_sim_vendor:/opt/ros/kilted/opt/gz_sensors_vendor:/opt/ros/kilted/opt/gz_physics_vendor:/opt/ros/kilted/opt/sdformat_vendor:/opt/ros/kilted/opt/gz_gui_vendor:/opt/ros/kilted/opt/gz_transport_vendor:/opt/ros/kilted/opt/gz_rendering_vendor:/opt/ros/kilted/opt/gz_plugin_vendor:/opt/ros/kilted/opt/gz_fuel_tools_vendor:/opt/ros/kilted/opt/gz_msgs_vendor:/opt/ros/kilted/opt/gz_common_vendor:/opt/ros/kilted/opt/gz_math_vendor:/opt/ros/kilted/opt/gz_utils_vendor:/opt/ros/kilted/opt/gz_tools_vendor:/opt/ros/kilted/opt/gz_ogre_next_vendor:/opt/ros/kilted/opt/gz_dartsim_vendor:/opt/ros/kilted/opt/gz_cmake_vendor:/opt/ros/kilted DEBUGINFOD_URLS=https://debuginfod.ubuntu.com LD_LIBRARY_PATH=/home/anatoly/ros2k_ws/install/xarm_sdk/lib:/home/anatoly/ros2k_ws/install/xarm_msgs/lib:${LD_LIBRARY_PATH} PYTHONPATH=/home/anatoly/ros2k_ws/install/xarm_msgs/lib/python3.12/site-packages:${PYTHONPATH} /usr/bin/cmake --install /home/anatoly/ros2k_ws/build/xarm_api
[1.265s] Level 1:colcon.colcon_core.environment:checking '/home/anatoly/ros2k_ws/install/xarm_api' for CMake module files
[1.265s] Level 1:colcon.colcon_core.environment:checking '/home/anatoly/ros2k_ws/install/xarm_api' for CMake config files
[1.266s] Level 1:colcon.colcon_core.shell:create_environment_hook('xarm_api', 'cmake_prefix_path')
[1.266s] INFO:colcon.colcon_core.shell:Creating environment hook '/home/anatoly/ros2k_ws/install/xarm_api/share/xarm_api/hook/cmake_prefix_path.ps1'
[1.266s] INFO:colcon.colcon_core.shell:Creating environment descriptor '/home/anatoly/ros2k_ws/install/xarm_api/share/xarm_api/hook/cmake_prefix_path.dsv'
[1.267s] INFO:colcon.colcon_core.shell:Creating environment hook '/home/anatoly/ros2k_ws/install/xarm_api/share/xarm_api/hook/cmake_prefix_path.sh'
[1.267s] Level 1:colcon.colcon_core.environment:checking '/home/anatoly/ros2k_ws/install/xarm_api/lib'
[1.267s] Level 1:colcon.colcon_core.shell:create_environment_hook('xarm_api', 'ld_library_path_lib')
[1.268s] INFO:colcon.colcon_core.shell:Creating environment hook '/home/anatoly/ros2k_ws/install/xarm_api/share/xarm_api/hook/ld_library_path_lib.ps1'
[1.268s] INFO:colcon.colcon_core.shell:Creating environment descriptor '/home/anatoly/ros2k_ws/install/xarm_api/share/xarm_api/hook/ld_library_path_lib.dsv'
[1.268s] INFO:colcon.colcon_core.shell:Creating environment hook '/home/anatoly/ros2k_ws/install/xarm_api/share/xarm_api/hook/ld_library_path_lib.sh'
[1.268s] Level 1:colcon.colcon_core.environment:checking '/home/anatoly/ros2k_ws/install/xarm_api/bin'
[1.269s] Level 1:colcon.colcon_core.environment:checking '/home/anatoly/ros2k_ws/install/xarm_api/lib/pkgconfig/xarm_api.pc'
[1.269s] Level 1:colcon.colcon_core.environment:checking '/home/anatoly/ros2k_ws/install/xarm_api/lib/python3.12/site-packages'
[1.269s] Level 1:colcon.colcon_core.environment:checking '/home/anatoly/ros2k_ws/install/xarm_api/bin'
[1.269s] INFO:colcon.colcon_core.shell:Creating package script '/home/anatoly/ros2k_ws/install/xarm_api/share/xarm_api/package.ps1'
[1.270s] INFO:colcon.colcon_core.shell:Creating package descriptor '/home/anatoly/ros2k_ws/install/xarm_api/share/xarm_api/package.dsv'
[1.270s] INFO:colcon.colcon_core.shell:Creating package script '/home/anatoly/ros2k_ws/install/xarm_api/share/xarm_api/package.sh'
[1.271s] INFO:colcon.colcon_core.shell:Creating package script '/home/anatoly/ros2k_ws/install/xarm_api/share/xarm_api/package.bash'
[1.271s] INFO:colcon.colcon_core.shell:Creating package script '/home/anatoly/ros2k_ws/install/xarm_api/share/xarm_api/package.zsh'
[1.271s] Level 1:colcon.colcon_core.environment:create_file_with_runtime_dependencies(/home/anatoly/ros2k_ws/install/xarm_api/share/colcon-core/packages/xarm_api)
[1.272s] Level 1:colcon.colcon_core.environment:create_environment_scripts_only(xarm_api)
[1.272s] Level 1:colcon.colcon_core.environment:checking '/home/anatoly/ros2k_ws/install/xarm_api' for CMake module files
[1.272s] Level 1:colcon.colcon_core.environment:checking '/home/anatoly/ros2k_ws/install/xarm_api' for CMake config files
[1.273s] Level 1:colcon.colcon_core.shell:create_environment_hook('xarm_api', 'cmake_prefix_path')
[1.273s] INFO:colcon.colcon_core.shell:Creating environment hook '/home/anatoly/ros2k_ws/install/xarm_api/share/xarm_api/hook/cmake_prefix_path.ps1'
[1.273s] INFO:colcon.colcon_core.shell:Creating environment descriptor '/home/anatoly/ros2k_ws/install/xarm_api/share/xarm_api/hook/cmake_prefix_path.dsv'
[1.274s] INFO:colcon.colcon_core.shell:Creating environment hook '/home/anatoly/ros2k_ws/install/xarm_api/share/xarm_api/hook/cmake_prefix_path.sh'
[1.274s] Level 1:colcon.colcon_core.environment:checking '/home/anatoly/ros2k_ws/install/xarm_api/lib'
[1.274s] Level 1:colcon.colcon_core.shell:create_environment_hook('xarm_api', 'ld_library_path_lib')
[1.274s] INFO:colcon.colcon_core.shell:Creating environment hook '/home/anatoly/ros2k_ws/install/xarm_api/share/xarm_api/hook/ld_library_path_lib.ps1'
[1.275s] INFO:colcon.colcon_core.shell:Creating environment descriptor '/home/anatoly/ros2k_ws/install/xarm_api/share/xarm_api/hook/ld_library_path_lib.dsv'
[1.275s] INFO:colcon.colcon_core.shell:Creating environment hook '/home/anatoly/ros2k_ws/install/xarm_api/share/xarm_api/hook/ld_library_path_lib.sh'
[1.276s] Level 1:colcon.colcon_core.environment:checking '/home/anatoly/ros2k_ws/install/xarm_api/bin'
[1.276s] Level 1:colcon.colcon_core.environment:checking '/home/anatoly/ros2k_ws/install/xarm_api/lib/pkgconfig/xarm_api.pc'
[1.276s] Level 1:colcon.colcon_core.environment:checking '/home/anatoly/ros2k_ws/install/xarm_api/lib/python3.12/site-packages'
[1.276s] Level 1:colcon.colcon_core.environment:checking '/home/anatoly/ros2k_ws/install/xarm_api/bin'
[1.276s] INFO:colcon.colcon_core.shell:Creating package script '/home/anatoly/ros2k_ws/install/xarm_api/share/xarm_api/package.ps1'
[1.277s] INFO:colcon.colcon_core.shell:Creating package descriptor '/home/anatoly/ros2k_ws/install/xarm_api/share/xarm_api/package.dsv'
[1.277s] INFO:colcon.colcon_core.shell:Creating package script '/home/anatoly/ros2k_ws/install/xarm_api/share/xarm_api/package.sh'
[1.278s] INFO:colcon.colcon_core.shell:Creating package script '/home/anatoly/ros2k_ws/install/xarm_api/share/xarm_api/package.bash'
[1.278s] INFO:colcon.colcon_core.shell:Creating package script '/home/anatoly/ros2k_ws/install/xarm_api/share/xarm_api/package.zsh'
[1.278s] Level 1:colcon.colcon_core.environment:create_file_with_runtime_dependencies(/home/anatoly/ros2k_ws/install/xarm_api/share/colcon-core/packages/xarm_api)
[1.279s] INFO:colcon.colcon_ros.task.ament_cmake.build:Building ROS package in '/home/anatoly/ros2k_ws/src/xarm_ros2/xarm_controller' with build type 'ament_cmake'
[1.279s] INFO:colcon.colcon_cmake.task.cmake.build:Building CMake package in '/home/anatoly/ros2k_ws/src/xarm_ros2/xarm_controller'
[1.279s] INFO:colcon.colcon_core.shell:Skip shell extension 'powershell' for command environment: Not usable outside of PowerShell
[1.279s] DEBUG:colcon.colcon_core.shell:Skip shell extension 'dsv' for command environment
[1.293s] DEBUG:colcon.colcon_core.event_handler.log_command:Invoking command in '/home/anatoly/ros2k_ws/build/xarm_controller': AMENT_PREFIX_PATH=/home/anatoly/ros2k_ws/install/xarm_api:/home/anatoly/ros2k_ws/install/xarm_sdk:/home/anatoly/ros2k_ws/install/xarm_msgs:/home/anatoly/ros2k_ws/install/xarm_description:${AMENT_PREFIX_PATH} CMAKE_PREFIX_PATH=/home/anatoly/ros2k_ws/install/xarm_api:/home/anatoly/ros2k_ws/install/xarm_sdk:/home/anatoly/ros2k_ws/install/xarm_msgs:/home/anatoly/ros2k_ws/install/xarm_description:/opt/ros/kilted/opt/gz_sim_vendor:/opt/ros/kilted/opt/gz_sensors_vendor:/opt/ros/kilted/opt/gz_physics_vendor:/opt/ros/kilted/opt/sdformat_vendor:/opt/ros/kilted/opt/gz_gui_vendor:/opt/ros/kilted/opt/gz_transport_vendor:/opt/ros/kilted/opt/gz_rendering_vendor:/opt/ros/kilted/opt/gz_plugin_vendor:/opt/ros/kilted/opt/gz_fuel_tools_vendor:/opt/ros/kilted/opt/gz_msgs_vendor:/opt/ros/kilted/opt/gz_common_vendor:/opt/ros/kilted/opt/gz_math_vendor:/opt/ros/kilted/opt/gz_utils_vendor:/opt/ros/kilted/opt/gz_tools_vendor:/opt/ros/kilted/opt/gz_ogre_next_vendor:/opt/ros/kilted/opt/gz_dartsim_vendor:/opt/ros/kilted/opt/gz_cmake_vendor:/opt/ros/kilted DEBUGINFOD_URLS=https://debuginfod.ubuntu.com LD_LIBRARY_PATH=/home/anatoly/ros2k_ws/install/xarm_api/lib:/home/anatoly/ros2k_ws/install/xarm_sdk/lib:/home/anatoly/ros2k_ws/install/xarm_msgs/lib:${LD_LIBRARY_PATH} PYTHONPATH=/home/anatoly/ros2k_ws/install/xarm_msgs/lib/python3.12/site-packages:${PYTHONPATH} /usr/bin/cmake --build /home/anatoly/ros2k_ws/build/xarm_controller -- -j12 -l12
[1.389s] DEBUG:colcon.colcon_core.event_handler.log_command:Invoked command in '/home/anatoly/ros2k_ws/build/xarm_controller' returned '0': AMENT_PREFIX_PATH=/home/anatoly/ros2k_ws/install/xarm_api:/home/anatoly/ros2k_ws/install/xarm_sdk:/home/anatoly/ros2k_ws/install/xarm_msgs:/home/anatoly/ros2k_ws/install/xarm_description:${AMENT_PREFIX_PATH} CMAKE_PREFIX_PATH=/home/anatoly/ros2k_ws/install/xarm_api:/home/anatoly/ros2k_ws/install/xarm_sdk:/home/anatoly/ros2k_ws/install/xarm_msgs:/home/anatoly/ros2k_ws/install/xarm_description:/opt/ros/kilted/opt/gz_sim_vendor:/opt/ros/kilted/opt/gz_sensors_vendor:/opt/ros/kilted/opt/gz_physics_vendor:/opt/ros/kilted/opt/sdformat_vendor:/opt/ros/kilted/opt/gz_gui_vendor:/opt/ros/kilted/opt/gz_transport_vendor:/opt/ros/kilted/opt/gz_rendering_vendor:/opt/ros/kilted/opt/gz_plugin_vendor:/opt/ros/kilted/opt/gz_fuel_tools_vendor:/opt/ros/kilted/opt/gz_msgs_vendor:/opt/ros/kilted/opt/gz_common_vendor:/opt/ros/kilted/opt/gz_math_vendor:/opt/ros/kilted/opt/gz_utils_vendor:/opt/ros/kilted/opt/gz_tools_vendor:/opt/ros/kilted/opt/gz_ogre_next_vendor:/opt/ros/kilted/opt/gz_dartsim_vendor:/opt/ros/kilted/opt/gz_cmake_vendor:/opt/ros/kilted DEBUGINFOD_URLS=https://debuginfod.ubuntu.com LD_LIBRARY_PATH=/home/anatoly/ros2k_ws/install/xarm_api/lib:/home/anatoly/ros2k_ws/install/xarm_sdk/lib:/home/anatoly/ros2k_ws/install/xarm_msgs/lib:${LD_LIBRARY_PATH} PYTHONPATH=/home/anatoly/ros2k_ws/install/xarm_msgs/lib/python3.12/site-packages:${PYTHONPATH} /usr/bin/cmake --build /home/anatoly/ros2k_ws/build/xarm_controller -- -j12 -l12
[1.390s] DEBUG:colcon.colcon_core.event_handler.log_command:Invoking command in '/home/anatoly/ros2k_ws/build/xarm_controller': AMENT_PREFIX_PATH=/home/anatoly/ros2k_ws/install/xarm_api:/home/anatoly/ros2k_ws/install/xarm_sdk:/home/anatoly/ros2k_ws/install/xarm_msgs:/home/anatoly/ros2k_ws/install/xarm_description:${AMENT_PREFIX_PATH} CMAKE_PREFIX_PATH=/home/anatoly/ros2k_ws/install/xarm_api:/home/anatoly/ros2k_ws/install/xarm_sdk:/home/anatoly/ros2k_ws/install/xarm_msgs:/home/anatoly/ros2k_ws/install/xarm_description:/opt/ros/kilted/opt/gz_sim_vendor:/opt/ros/kilted/opt/gz_sensors_vendor:/opt/ros/kilted/opt/gz_physics_vendor:/opt/ros/kilted/opt/sdformat_vendor:/opt/ros/kilted/opt/gz_gui_vendor:/opt/ros/kilted/opt/gz_transport_vendor:/opt/ros/kilted/opt/gz_rendering_vendor:/opt/ros/kilted/opt/gz_plugin_vendor:/opt/ros/kilted/opt/gz_fuel_tools_vendor:/opt/ros/kilted/opt/gz_msgs_vendor:/opt/ros/kilted/opt/gz_common_vendor:/opt/ros/kilted/opt/gz_math_vendor:/opt/ros/kilted/opt/gz_utils_vendor:/opt/ros/kilted/opt/gz_tools_vendor:/opt/ros/kilted/opt/gz_ogre_next_vendor:/opt/ros/kilted/opt/gz_dartsim_vendor:/opt/ros/kilted/opt/gz_cmake_vendor:/opt/ros/kilted DEBUGINFOD_URLS=https://debuginfod.ubuntu.com LD_LIBRARY_PATH=/home/anatoly/ros2k_ws/install/xarm_api/lib:/home/anatoly/ros2k_ws/install/xarm_sdk/lib:/home/anatoly/ros2k_ws/install/xarm_msgs/lib:${LD_LIBRARY_PATH} PYTHONPATH=/home/anatoly/ros2k_ws/install/xarm_msgs/lib/python3.12/site-packages:${PYTHONPATH} /usr/bin/cmake --install /home/anatoly/ros2k_ws/build/xarm_controller
[1.421s] Level 1:colcon.colcon_core.environment:create_environment_scripts_only(xarm_controller)
[1.421s] Level 1:colcon.colcon_core.environment:checking '/home/anatoly/ros2k_ws/install/xarm_controller' for CMake module files
[1.422s] DEBUG:colcon.colcon_core.event_handler.log_command:Invoked command in '/home/anatoly/ros2k_ws/build/xarm_controller' returned '0': AMENT_PREFIX_PATH=/home/anatoly/ros2k_ws/install/xarm_api:/home/anatoly/ros2k_ws/install/xarm_sdk:/home/anatoly/ros2k_ws/install/xarm_msgs:/home/anatoly/ros2k_ws/install/xarm_description:${AMENT_PREFIX_PATH} CMAKE_PREFIX_PATH=/home/anatoly/ros2k_ws/install/xarm_api:/home/anatoly/ros2k_ws/install/xarm_sdk:/home/anatoly/ros2k_ws/install/xarm_msgs:/home/anatoly/ros2k_ws/install/xarm_description:/opt/ros/kilted/opt/gz_sim_vendor:/opt/ros/kilted/opt/gz_sensors_vendor:/opt/ros/kilted/opt/gz_physics_vendor:/opt/ros/kilted/opt/sdformat_vendor:/opt/ros/kilted/opt/gz_gui_vendor:/opt/ros/kilted/opt/gz_transport_vendor:/opt/ros/kilted/opt/gz_rendering_vendor:/opt/ros/kilted/opt/gz_plugin_vendor:/opt/ros/kilted/opt/gz_fuel_tools_vendor:/opt/ros/kilted/opt/gz_msgs_vendor:/opt/ros/kilted/opt/gz_common_vendor:/opt/ros/kilted/opt/gz_math_vendor:/opt/ros/kilted/opt/gz_utils_vendor:/opt/ros/kilted/opt/gz_tools_vendor:/opt/ros/kilted/opt/gz_ogre_next_vendor:/opt/ros/kilted/opt/gz_dartsim_vendor:/opt/ros/kilted/opt/gz_cmake_vendor:/opt/ros/kilted DEBUGINFOD_URLS=https://debuginfod.ubuntu.com LD_LIBRARY_PATH=/home/anatoly/ros2k_ws/install/xarm_api/lib:/home/anatoly/ros2k_ws/install/xarm_sdk/lib:/home/anatoly/ros2k_ws/install/xarm_msgs/lib:${LD_LIBRARY_PATH} PYTHONPATH=/home/anatoly/ros2k_ws/install/xarm_msgs/lib/python3.12/site-packages:${PYTHONPATH} /usr/bin/cmake --install /home/anatoly/ros2k_ws/build/xarm_controller
[1.422s] Level 1:colcon.colcon_core.environment:checking '/home/anatoly/ros2k_ws/install/xarm_controller' for CMake config files
[1.422s] Level 1:colcon.colcon_core.shell:create_environment_hook('xarm_controller', 'cmake_prefix_path')
[1.422s] INFO:colcon.colcon_core.shell:Creating environment hook '/home/anatoly/ros2k_ws/install/xarm_controller/share/xarm_controller/hook/cmake_prefix_path.ps1'
[1.423s] INFO:colcon.colcon_core.shell:Creating environment descriptor '/home/anatoly/ros2k_ws/install/xarm_controller/share/xarm_controller/hook/cmake_prefix_path.dsv'
[1.423s] INFO:colcon.colcon_core.shell:Creating environment hook '/home/anatoly/ros2k_ws/install/xarm_controller/share/xarm_controller/hook/cmake_prefix_path.sh'
[1.424s] Level 1:colcon.colcon_core.environment:checking '/home/anatoly/ros2k_ws/install/xarm_controller/lib'
[1.424s] Level 1:colcon.colcon_core.shell:create_environment_hook('xarm_controller', 'ld_library_path_lib')
[1.424s] INFO:colcon.colcon_core.shell:Creating environment hook '/home/anatoly/ros2k_ws/install/xarm_controller/share/xarm_controller/hook/ld_library_path_lib.ps1'
[1.424s] INFO:colcon.colcon_core.shell:Creating environment descriptor '/home/anatoly/ros2k_ws/install/xarm_controller/share/xarm_controller/hook/ld_library_path_lib.dsv'
[1.424s] INFO:colcon.colcon_core.shell:Creating environment hook '/home/anatoly/ros2k_ws/install/xarm_controller/share/xarm_controller/hook/ld_library_path_lib.sh'
[1.425s] Level 1:colcon.colcon_core.environment:checking '/home/anatoly/ros2k_ws/install/xarm_controller/bin'
[1.425s] Level 1:colcon.colcon_core.environment:checking '/home/anatoly/ros2k_ws/install/xarm_controller/lib/pkgconfig/xarm_controller.pc'
[1.425s] Level 1:colcon.colcon_core.environment:checking '/home/anatoly/ros2k_ws/install/xarm_controller/lib/python3.12/site-packages'
[1.425s] Level 1:colcon.colcon_core.environment:checking '/home/anatoly/ros2k_ws/install/xarm_controller/bin'
[1.425s] INFO:colcon.colcon_core.shell:Creating package script '/home/anatoly/ros2k_ws/install/xarm_controller/share/xarm_controller/package.ps1'
[1.426s] INFO:colcon.colcon_core.shell:Creating package descriptor '/home/anatoly/ros2k_ws/install/xarm_controller/share/xarm_controller/package.dsv'
[1.426s] INFO:colcon.colcon_core.shell:Creating package script '/home/anatoly/ros2k_ws/install/xarm_controller/share/xarm_controller/package.sh'
[1.426s] INFO:colcon.colcon_core.shell:Creating package script '/home/anatoly/ros2k_ws/install/xarm_controller/share/xarm_controller/package.bash'
[1.427s] INFO:colcon.colcon_core.shell:Creating package script '/home/anatoly/ros2k_ws/install/xarm_controller/share/xarm_controller/package.zsh'
[1.428s] Level 1:colcon.colcon_core.environment:create_file_with_runtime_dependencies(/home/anatoly/ros2k_ws/install/xarm_controller/share/colcon-core/packages/xarm_controller)
[1.428s] Level 1:colcon.colcon_core.environment:create_environment_scripts_only(xarm_controller)
[1.428s] Level 1:colcon.colcon_core.environment:checking '/home/anatoly/ros2k_ws/install/xarm_controller' for CMake module files
[1.429s] Level 1:colcon.colcon_core.environment:checking '/home/anatoly/ros2k_ws/install/xarm_controller' for CMake config files
[1.429s] Level 1:colcon.colcon_core.shell:create_environment_hook('xarm_controller', 'cmake_prefix_path')
[1.429s] INFO:colcon.colcon_core.shell:Creating environment hook '/home/anatoly/ros2k_ws/install/xarm_controller/share/xarm_controller/hook/cmake_prefix_path.ps1'
[1.430s] INFO:colcon.colcon_core.shell:Creating environment descriptor '/home/anatoly/ros2k_ws/install/xarm_controller/share/xarm_controller/hook/cmake_prefix_path.dsv'
[1.430s] INFO:colcon.colcon_core.shell:Creating environment hook '/home/anatoly/ros2k_ws/install/xarm_controller/share/xarm_controller/hook/cmake_prefix_path.sh'
[1.430s] Level 1:colcon.colcon_core.environment:checking '/home/anatoly/ros2k_ws/install/xarm_controller/lib'
[1.430s] Level 1:colcon.colcon_core.shell:create_environment_hook('xarm_controller', 'ld_library_path_lib')
[1.431s] INFO:colcon.colcon_core.shell:Creating environment hook '/home/anatoly/ros2k_ws/install/xarm_controller/share/xarm_controller/hook/ld_library_path_lib.ps1'
[1.431s] INFO:colcon.colcon_core.shell:Creating environment descriptor '/home/anatoly/ros2k_ws/install/xarm_controller/share/xarm_controller/hook/ld_library_path_lib.dsv'
[1.432s] INFO:colcon.colcon_core.shell:Creating environment hook '/home/anatoly/ros2k_ws/install/xarm_controller/share/xarm_controller/hook/ld_library_path_lib.sh'
[1.432s] Level 1:colcon.colcon_core.environment:checking '/home/anatoly/ros2k_ws/install/xarm_controller/bin'
[1.432s] Level 1:colcon.colcon_core.environment:checking '/home/anatoly/ros2k_ws/install/xarm_controller/lib/pkgconfig/xarm_controller.pc'
[1.432s] Level 1:colcon.colcon_core.environment:checking '/home/anatoly/ros2k_ws/install/xarm_controller/lib/python3.12/site-packages'
[1.432s] Level 1:colcon.colcon_core.environment:checking '/home/anatoly/ros2k_ws/install/xarm_controller/bin'
[1.433s] INFO:colcon.colcon_core.shell:Creating package script '/home/anatoly/ros2k_ws/install/xarm_controller/share/xarm_controller/package.ps1'
[1.433s] INFO:colcon.colcon_core.shell:Creating package descriptor '/home/anatoly/ros2k_ws/install/xarm_controller/share/xarm_controller/package.dsv'
[1.433s] INFO:colcon.colcon_core.shell:Creating package script '/home/anatoly/ros2k_ws/install/xarm_controller/share/xarm_controller/package.sh'
[1.434s] INFO:colcon.colcon_core.shell:Creating package script '/home/anatoly/ros2k_ws/install/xarm_controller/share/xarm_controller/package.bash'
[1.434s] INFO:colcon.colcon_core.shell:Creating package script '/home/anatoly/ros2k_ws/install/xarm_controller/share/xarm_controller/package.zsh'
[1.434s] Level 1:colcon.colcon_core.environment:create_file_with_runtime_dependencies(/home/anatoly/ros2k_ws/install/xarm_controller/share/colcon-core/packages/xarm_controller)
[1.437s] DEBUG:colcon.colcon_core.task.python.build:Available setuptools 'develop' options: --install-dir, --help, --egg-path, --verbose, --force-installation-into-system-dir, --no-deps, --always-copy, --prefix, --local-snapshots-ok, --build-directory, --optimize, --user, --no-find-links, --install-layout, --no-user-cfg, --exclude-scripts, --always-unzip, --quiet, --uninstall, --script-dir, --find-links, --version, --site-dirs, --record, --allow-hosts, --editable, --index-url, --dry-run, --multi-version, --upgrade, --zip-ok
[1.438s] DEBUG:colcon.colcon_core.event_handler.log_command:Invoking command in '/home/anatoly/ros2k_ws/build/uf_ros_lib': DEBUGINFOD_URLS=https://debuginfod.ubuntu.com PYTHONPATH=/home/anatoly/ros2k_ws/build/uf_ros_lib/prefix_override:/usr/lib/python3/dist-packages/colcon_core/task/python/colcon_distutils_commands:/home/anatoly/ros2k_ws/install/uf_ros_lib/lib/python3.12/site-packages:${PYTHONPATH} /usr/bin/python3 -W ignore:setup.py install is deprecated -W ignore:easy_install command is deprecated setup.py develop --editable --build-directory /home/anatoly/ros2k_ws/build/uf_ros_lib/build --no-deps symlink_data
[2.027s] Level 1:colcon.colcon_core.shell:create_environment_hook('uf_ros_lib', 'pythonpath_develop')
[2.028s] DEBUG:colcon.colcon_core.event_handler.log_command:Invoked command in '/home/anatoly/ros2k_ws/build/uf_ros_lib' returned '0': DEBUGINFOD_URLS=https://debuginfod.ubuntu.com PYTHONPATH=/home/anatoly/ros2k_ws/build/uf_ros_lib/prefix_override:/usr/lib/python3/dist-packages/colcon_core/task/python/colcon_distutils_commands:/home/anatoly/ros2k_ws/install/uf_ros_lib/lib/python3.12/site-packages:${PYTHONPATH} /usr/bin/python3 -W ignore:setup.py install is deprecated -W ignore:easy_install command is deprecated setup.py develop --editable --build-directory /home/anatoly/ros2k_ws/build/uf_ros_lib/build --no-deps symlink_data
[2.028s] INFO:colcon.colcon_core.shell:Creating environment hook '/home/anatoly/ros2k_ws/build/uf_ros_lib/share/uf_ros_lib/hook/pythonpath_develop.ps1'
[2.028s] INFO:colcon.colcon_core.shell:Creating environment descriptor '/home/anatoly/ros2k_ws/build/uf_ros_lib/share/uf_ros_lib/hook/pythonpath_develop.dsv'
[2.029s] INFO:colcon.colcon_core.shell:Creating environment hook '/home/anatoly/ros2k_ws/build/uf_ros_lib/share/uf_ros_lib/hook/pythonpath_develop.sh'
[2.029s] Level 1:colcon.colcon_core.environment:checking '/home/anatoly/ros2k_ws/install/uf_ros_lib' for CMake module files
[2.029s] Level 1:colcon.colcon_core.environment:checking '/home/anatoly/ros2k_ws/install/uf_ros_lib' for CMake config files
[2.030s] Level 1:colcon.colcon_core.environment:checking '/home/anatoly/ros2k_ws/install/uf_ros_lib/lib'
[2.030s] Level 1:colcon.colcon_core.environment:checking '/home/anatoly/ros2k_ws/install/uf_ros_lib/bin'
[2.030s] Level 1:colcon.colcon_core.environment:checking '/home/anatoly/ros2k_ws/install/uf_ros_lib/lib/pkgconfig/uf_ros_lib.pc'
[2.030s] Level 1:colcon.colcon_core.environment:checking '/home/anatoly/ros2k_ws/install/uf_ros_lib/lib/python3.12/site-packages'
[2.030s] Level 1:colcon.colcon_core.shell:create_environment_hook('uf_ros_lib', 'pythonpath')
[2.030s] INFO:colcon.colcon_core.shell:Creating environment hook '/home/anatoly/ros2k_ws/install/uf_ros_lib/share/uf_ros_lib/hook/pythonpath.ps1'
[2.030s] INFO:colcon.colcon_core.shell:Creating environment descriptor '/home/anatoly/ros2k_ws/install/uf_ros_lib/share/uf_ros_lib/hook/pythonpath.dsv'
[2.031s] INFO:colcon.colcon_core.shell:Creating environment hook '/home/anatoly/ros2k_ws/install/uf_ros_lib/share/uf_ros_lib/hook/pythonpath.sh'
[2.031s] Level 1:colcon.colcon_core.environment:checking '/home/anatoly/ros2k_ws/install/uf_ros_lib/bin'
[2.031s] Level 1:colcon.colcon_core.environment:create_environment_scripts_only(uf_ros_lib)
[2.031s] INFO:colcon.colcon_core.shell:Creating package script '/home/anatoly/ros2k_ws/install/uf_ros_lib/share/uf_ros_lib/package.ps1'
[2.032s] INFO:colcon.colcon_core.shell:Creating package descriptor '/home/anatoly/ros2k_ws/install/uf_ros_lib/share/uf_ros_lib/package.dsv'
[2.032s] INFO:colcon.colcon_core.shell:Creating package script '/home/anatoly/ros2k_ws/install/uf_ros_lib/share/uf_ros_lib/package.sh'
[2.033s] INFO:colcon.colcon_core.shell:Creating package script '/home/anatoly/ros2k_ws/install/uf_ros_lib/share/uf_ros_lib/package.bash'
[2.033s] INFO:colcon.colcon_core.shell:Creating package script '/home/anatoly/ros2k_ws/install/uf_ros_lib/share/uf_ros_lib/package.zsh'
[2.033s] Level 1:colcon.colcon_core.environment:create_file_with_runtime_dependencies(/home/anatoly/ros2k_ws/install/uf_ros_lib/share/colcon-core/packages/uf_ros_lib)
[2.033s] INFO:colcon.colcon_ros.task.ament_cmake.build:Building ROS package in '/home/anatoly/ros2k_ws/src/xarm_ros2/xarm_moveit_servo' with build type 'ament_cmake'
[2.033s] INFO:colcon.colcon_cmake.task.cmake.build:Building CMake package in '/home/anatoly/ros2k_ws/src/xarm_ros2/xarm_moveit_servo'
[2.034s] INFO:colcon.colcon_core.shell:Skip shell extension 'powershell' for command environment: Not usable outside of PowerShell
[2.034s] DEBUG:colcon.colcon_core.shell:Skip shell extension 'dsv' for command environment
[2.037s] INFO:colcon.colcon_ros.task.ament_cmake.build:Building ROS package in '/home/anatoly/ros2k_ws/src/xarm_ros2/xarm_planner' with build type 'ament_cmake'
[2.037s] INFO:colcon.colcon_cmake.task.cmake.build:Building CMake package in '/home/anatoly/ros2k_ws/src/xarm_ros2/xarm_planner'
[2.037s] INFO:colcon.colcon_core.shell:Skip shell extension 'powershell' for command environment: Not usable outside of PowerShell
[2.038s] DEBUG:colcon.colcon_core.shell:Skip shell extension 'dsv' for command environment
[2.052s] DEBUG:colcon.colcon_core.event_handler.log_command:Invoking command in '/home/anatoly/ros2k_ws/build/xarm_moveit_servo': AMENT_PREFIX_PATH=/home/anatoly/ros2k_ws/install/xarm_controller:/home/anatoly/ros2k_ws/install/xarm_api:/home/anatoly/ros2k_ws/install/xarm_sdk:/home/anatoly/ros2k_ws/install/xarm_msgs:/home/anatoly/ros2k_ws/install/xarm_description:/home/anatoly/ros2k_ws/install/uf_ros_lib:${AMENT_PREFIX_PATH} CMAKE_PREFIX_PATH=/home/anatoly/ros2k_ws/install/xarm_controller:/home/anatoly/ros2k_ws/install/xarm_api:/home/anatoly/ros2k_ws/install/xarm_sdk:/home/anatoly/ros2k_ws/install/xarm_msgs:/home/anatoly/ros2k_ws/install/xarm_description:/opt/ros/kilted/opt/gz_sim_vendor:/opt/ros/kilted/opt/gz_sensors_vendor:/opt/ros/kilted/opt/gz_physics_vendor:/opt/ros/kilted/opt/sdformat_vendor:/opt/ros/kilted/opt/gz_gui_vendor:/opt/ros/kilted/opt/gz_transport_vendor:/opt/ros/kilted/opt/gz_rendering_vendor:/opt/ros/kilted/opt/gz_plugin_vendor:/opt/ros/kilted/opt/gz_fuel_tools_vendor:/opt/ros/kilted/opt/gz_msgs_vendor:/opt/ros/kilted/opt/gz_common_vendor:/opt/ros/kilted/opt/gz_math_vendor:/opt/ros/kilted/opt/gz_utils_vendor:/opt/ros/kilted/opt/gz_tools_vendor:/opt/ros/kilted/opt/gz_ogre_next_vendor:/opt/ros/kilted/opt/gz_dartsim_vendor:/opt/ros/kilted/opt/gz_cmake_vendor:/opt/ros/kilted DEBUGINFOD_URLS=https://debuginfod.ubuntu.com LD_LIBRARY_PATH=/home/anatoly/ros2k_ws/install/xarm_controller/lib:/home/anatoly/ros2k_ws/install/xarm_api/lib:/home/anatoly/ros2k_ws/install/xarm_sdk/lib:/home/anatoly/ros2k_ws/install/xarm_msgs/lib:${LD_LIBRARY_PATH} PYTHONPATH=/home/anatoly/ros2k_ws/install/xarm_msgs/lib/python3.12/site-packages:/home/anatoly/ros2k_ws/build/uf_ros_lib:/home/anatoly/ros2k_ws/install/uf_ros_lib/lib/python3.12/site-packages:${PYTHONPATH} /usr/bin/cmake /home/anatoly/ros2k_ws/src/xarm_ros2/xarm_moveit_servo -DCMAKE_BUILD_TYPE=Release -DAMENT_CMAKE_SYMLINK_INSTALL=1 -DCMAKE_INSTALL_PREFIX=/home/anatoly/ros2k_ws/install/xarm_moveit_servo
[2.057s] DEBUG:colcon.colcon_core.event_handler.log_command:Invoking command in '/home/anatoly/ros2k_ws/build/xarm_planner': AMENT_PREFIX_PATH=/home/anatoly/ros2k_ws/install/xarm_controller:/home/anatoly/ros2k_ws/install/xarm_api:/home/anatoly/ros2k_ws/install/xarm_sdk:/home/anatoly/ros2k_ws/install/xarm_msgs:/home/anatoly/ros2k_ws/install/xarm_description:/home/anatoly/ros2k_ws/install/uf_ros_lib:${AMENT_PREFIX_PATH} CMAKE_PREFIX_PATH=/home/anatoly/ros2k_ws/install/xarm_controller:/home/anatoly/ros2k_ws/install/xarm_api:/home/anatoly/ros2k_ws/install/xarm_sdk:/home/anatoly/ros2k_ws/install/xarm_msgs:/home/anatoly/ros2k_ws/install/xarm_description:/opt/ros/kilted/opt/gz_sim_vendor:/opt/ros/kilted/opt/gz_sensors_vendor:/opt/ros/kilted/opt/gz_physics_vendor:/opt/ros/kilted/opt/sdformat_vendor:/opt/ros/kilted/opt/gz_gui_vendor:/opt/ros/kilted/opt/gz_transport_vendor:/opt/ros/kilted/opt/gz_rendering_vendor:/opt/ros/kilted/opt/gz_plugin_vendor:/opt/ros/kilted/opt/gz_fuel_tools_vendor:/opt/ros/kilted/opt/gz_msgs_vendor:/opt/ros/kilted/opt/gz_common_vendor:/opt/ros/kilted/opt/gz_math_vendor:/opt/ros/kilted/opt/gz_utils_vendor:/opt/ros/kilted/opt/gz_tools_vendor:/opt/ros/kilted/opt/gz_ogre_next_vendor:/opt/ros/kilted/opt/gz_dartsim_vendor:/opt/ros/kilted/opt/gz_cmake_vendor:/opt/ros/kilted DEBUGINFOD_URLS=https://debuginfod.ubuntu.com LD_LIBRARY_PATH=/home/anatoly/ros2k_ws/install/xarm_controller/lib:/home/anatoly/ros2k_ws/install/xarm_api/lib:/home/anatoly/ros2k_ws/install/xarm_sdk/lib:/home/anatoly/ros2k_ws/install/xarm_msgs/lib:${LD_LIBRARY_PATH} PYTHONPATH=/home/anatoly/ros2k_ws/install/xarm_msgs/lib/python3.12/site-packages:/home/anatoly/ros2k_ws/build/uf_ros_lib:/home/anatoly/ros2k_ws/install/uf_ros_lib/lib/python3.12/site-packages:${PYTHONPATH} /usr/bin/cmake /home/anatoly/ros2k_ws/src/xarm_ros2/xarm_planner -DCMAKE_BUILD_TYPE=Release -DAMENT_CMAKE_SYMLINK_INSTALL=1 -DCMAKE_INSTALL_PREFIX=/home/anatoly/ros2k_ws/install/xarm_planner
[2.753s] DEBUG:colcon.colcon_core.event_handler.log_command:Invoked command in '/home/anatoly/ros2k_ws/build/xarm_planner' returned '1': AMENT_PREFIX_PATH=/home/anatoly/ros2k_ws/install/xarm_controller:/home/anatoly/ros2k_ws/install/xarm_api:/home/anatoly/ros2k_ws/install/xarm_sdk:/home/anatoly/ros2k_ws/install/xarm_msgs:/home/anatoly/ros2k_ws/install/xarm_description:/home/anatoly/ros2k_ws/install/uf_ros_lib:${AMENT_PREFIX_PATH} CMAKE_PREFIX_PATH=/home/anatoly/ros2k_ws/install/xarm_controller:/home/anatoly/ros2k_ws/install/xarm_api:/home/anatoly/ros2k_ws/install/xarm_sdk:/home/anatoly/ros2k_ws/install/xarm_msgs:/home/anatoly/ros2k_ws/install/xarm_description:/opt/ros/kilted/opt/gz_sim_vendor:/opt/ros/kilted/opt/gz_sensors_vendor:/opt/ros/kilted/opt/gz_physics_vendor:/opt/ros/kilted/opt/sdformat_vendor:/opt/ros/kilted/opt/gz_gui_vendor:/opt/ros/kilted/opt/gz_transport_vendor:/opt/ros/kilted/opt/gz_rendering_vendor:/opt/ros/kilted/opt/gz_plugin_vendor:/opt/ros/kilted/opt/gz_fuel_tools_vendor:/opt/ros/kilted/opt/gz_msgs_vendor:/opt/ros/kilted/opt/gz_common_vendor:/opt/ros/kilted/opt/gz_math_vendor:/opt/ros/kilted/opt/gz_utils_vendor:/opt/ros/kilted/opt/gz_tools_vendor:/opt/ros/kilted/opt/gz_ogre_next_vendor:/opt/ros/kilted/opt/gz_dartsim_vendor:/opt/ros/kilted/opt/gz_cmake_vendor:/opt/ros/kilted DEBUGINFOD_URLS=https://debuginfod.ubuntu.com LD_LIBRARY_PATH=/home/anatoly/ros2k_ws/install/xarm_controller/lib:/home/anatoly/ros2k_ws/install/xarm_api/lib:/home/anatoly/ros2k_ws/install/xarm_sdk/lib:/home/anatoly/ros2k_ws/install/xarm_msgs/lib:${LD_LIBRARY_PATH} PYTHONPATH=/home/anatoly/ros2k_ws/install/xarm_msgs/lib/python3.12/site-packages:/home/anatoly/ros2k_ws/build/uf_ros_lib:/home/anatoly/ros2k_ws/install/uf_ros_lib/lib/python3.12/site-packages:${PYTHONPATH} /usr/bin/cmake /home/anatoly/ros2k_ws/src/xarm_ros2/xarm_planner -DCMAKE_BUILD_TYPE=Release -DAMENT_CMAKE_SYMLINK_INSTALL=1 -DCMAKE_INSTALL_PREFIX=/home/anatoly/ros2k_ws/install/xarm_planner
[2.767s] Level 1:colcon.colcon_core.environment:create_environment_scripts_only(xarm_planner)
[2.767s] Level 1:colcon.colcon_core.environment:checking '/home/anatoly/ros2k_ws/install/xarm_planner' for CMake module files
[2.767s] Level 1:colcon.colcon_core.environment:checking '/home/anatoly/ros2k_ws/install/xarm_planner' for CMake config files
[2.768s] Level 1:colcon.colcon_core.environment:checking '/home/anatoly/ros2k_ws/install/xarm_planner/bin'
[2.768s] Level 1:colcon.colcon_core.environment:checking '/home/anatoly/ros2k_ws/install/xarm_planner/lib/pkgconfig/xarm_planner.pc'
[2.768s] Level 1:colcon.colcon_core.environment:checking '/home/anatoly/ros2k_ws/install/xarm_planner/lib/python3.12/site-packages'
[2.768s] Level 1:colcon.colcon_core.environment:checking '/home/anatoly/ros2k_ws/install/xarm_planner/bin'
[2.768s] INFO:colcon.colcon_core.shell:Creating package script '/home/anatoly/ros2k_ws/install/xarm_planner/share/xarm_planner/package.ps1'
[2.769s] INFO:colcon.colcon_core.shell:Creating package descriptor '/home/anatoly/ros2k_ws/install/xarm_planner/share/xarm_planner/package.dsv'
[2.769s] INFO:colcon.colcon_core.shell:Creating package script '/home/anatoly/ros2k_ws/install/xarm_planner/share/xarm_planner/package.sh'
[2.769s] INFO:colcon.colcon_core.shell:Creating package script '/home/anatoly/ros2k_ws/install/xarm_planner/share/xarm_planner/package.bash'
[2.769s] INFO:colcon.colcon_core.shell:Creating package script '/home/anatoly/ros2k_ws/install/xarm_planner/share/xarm_planner/package.zsh'
[2.769s] Level 1:colcon.colcon_core.environment:create_file_with_runtime_dependencies(/home/anatoly/ros2k_ws/install/xarm_planner/share/colcon-core/packages/xarm_planner)
[3.472s] DEBUG:colcon.colcon_parallel_executor.executor.parallel:closing loop
[3.472s] DEBUG:colcon.colcon_parallel_executor.executor.parallel:loop closed
[3.472s] DEBUG:colcon.colcon_parallel_executor.executor.parallel:run_until_complete finished with '1'
[3.472s] DEBUG:colcon.colcon_core.event_reactor:joining thread
[3.493s] INFO:colcon.colcon_core.plugin_system:Skipping extension 'colcon_notification.desktop_notification.terminal_notifier': Not used on non-Darwin systems
[3.493s] INFO:colcon.colcon_core.plugin_system:Skipping extension 'colcon_notification.desktop_notification.win32': Not used on non-Windows systems
[3.493s] INFO:colcon.colcon_notification.desktop_notification:Sending desktop notification using 'notify2'
[3.504s] DEBUG:colcon.colcon_core.event_reactor:joined thread
[3.505s] INFO:colcon.colcon_core.shell:Creating prefix script '/home/anatoly/ros2k_ws/install/local_setup.ps1'
[3.506s] INFO:colcon.colcon_core.shell:Creating prefix util module '/home/anatoly/ros2k_ws/install/_local_setup_util_ps1.py'
[3.507s] INFO:colcon.colcon_core.shell:Creating prefix chain script '/home/anatoly/ros2k_ws/install/setup.ps1'
[3.508s] INFO:colcon.colcon_core.shell:Creating prefix script '/home/anatoly/ros2k_ws/install/local_setup.sh'
[3.509s] INFO:colcon.colcon_core.shell:Creating prefix util module '/home/anatoly/ros2k_ws/install/_local_setup_util_sh.py'
[3.509s] INFO:colcon.colcon_core.shell:Creating prefix chain script '/home/anatoly/ros2k_ws/install/setup.sh'
[3.510s] INFO:colcon.colcon_core.shell:Creating prefix script '/home/anatoly/ros2k_ws/install/local_setup.bash'
[3.511s] INFO:colcon.colcon_core.shell:Creating prefix chain script '/home/anatoly/ros2k_ws/install/setup.bash'
[3.511s] INFO:colcon.colcon_core.shell:Creating prefix script '/home/anatoly/ros2k_ws/install/local_setup.zsh'
[3.511s] INFO:colcon.colcon_core.shell:Creating prefix chain script '/home/anatoly/ros2k_ws/install/setup.zsh'
