[0.020s] Invoking command in '/home/anatoly/ros2k_ws/build/xarm_msgs': CMAKE_PREFIX_PATH=${CMAKE_PREFIX_PATH}:/home/anatoly/ros2k_ws/install/uf_ros_lib:/opt/ros/kilted DEBUGINFOD_URLS=https://debuginfod.ubuntu.com /usr/bin/cmake --build /home/anatoly/ros2k_ws/build/xarm_msgs -- -j12 -l12
[0.120s] [  0%] Built target xarm_msgs__rs
[0.120s] [  0%] Built target xarm_msgs__rosidl_generator_type_description
[0.129s] [  0%] Built target ament_cmake_python_symlink_xarm_msgs
[0.153s] [  0%] Built target xarm_msgs__cpp
[0.188s] [ 29%] Built target xarm_msgs__rosidl_generator_c
[0.233s] [ 39%] Built target xarm_msgs__rosidl_typesupport_introspection_c
[0.239s] [ 49%] Built target xarm_msgs__rosidl_typesupport_c
[0.254s] [ 68%] Built target xarm_msgs__rosidl_typesupport_cpp
[0.254s] [ 69%] Built target xarm_msgs__rosidl_typesupport_introspection_cpp
[0.254s] [ 79%] Built target xarm_msgs__rosidl_typesupport_fastrtps_c
[0.259s] [ 88%] Built target xarm_msgs__rosidl_typesupport_fastrtps_cpp
[0.293s] [ 88%] Built target xarm_msgs
[0.324s] [ 88%] Built target xarm_msgs__py
[0.353s] running egg_info
[0.372s] writing xarm_msgs.egg-info/PKG-INFO
[0.372s] writing dependency_links to xarm_msgs.egg-info/dependency_links.txt
[0.372s] writing top-level names to xarm_msgs.egg-info/top_level.txt
[0.379s] [ 98%] Built target xarm_msgs__rosidl_generator_py
[0.409s] [ 99%] Built target xarm_msgs_s__rosidl_typesupport_fastrtps_c
[0.409s] [ 99%] Built target xarm_msgs_s__rosidl_typesupport_introspection_c
[0.410s] [100%] Built target xarm_msgs_s__rosidl_typesupport_c
[0.431s] reading manifest file 'xarm_msgs.egg-info/SOURCES.txt'
[0.433s] writing manifest file 'xarm_msgs.egg-info/SOURCES.txt'
[0.459s] [100%] Built target ament_cmake_python_build_xarm_msgs_egg
[0.475s] Invoked command in '/home/anatoly/ros2k_ws/build/xarm_msgs' returned '0': CMAKE_PREFIX_PATH=${CMAKE_PREFIX_PATH}:/home/anatoly/ros2k_ws/install/uf_ros_lib:/opt/ros/kilted DEBUGINFOD_URLS=https://debuginfod.ubuntu.com /usr/bin/cmake --build /home/anatoly/ros2k_ws/build/xarm_msgs -- -j12 -l12
[0.475s] Invoking command in '/home/anatoly/ros2k_ws/build/xarm_msgs': CMAKE_PREFIX_PATH=${CMAKE_PREFIX_PATH}:/home/anatoly/ros2k_ws/install/uf_ros_lib:/opt/ros/kilted DEBUGINFOD_URLS=https://debuginfod.ubuntu.com /usr/bin/cmake --install /home/anatoly/ros2k_ws/build/xarm_msgs
[0.485s] -- Install configuration: "Release"
[0.486s] -- Execute custom install script
[0.486s] -- Up-to-date symlink: /home/anatoly/ros2k_ws/install/xarm_msgs/share/ament_index/resource_index/rosidl_interfaces/xarm_msgs
[0.487s] -- Up-to-date symlink: /home/anatoly/ros2k_ws/install/xarm_msgs/share/xarm_msgs/msg/RobotMsg.json
[0.487s] -- Up-to-date symlink: /home/anatoly/ros2k_ws/install/xarm_msgs/share/xarm_msgs/msg/IOState.json
[0.487s] -- Up-to-date symlink: /home/anatoly/ros2k_ws/install/xarm_msgs/share/xarm_msgs/msg/CIOState.json
[0.487s] -- Up-to-date symlink: /home/anatoly/ros2k_ws/install/xarm_msgs/share/xarm_msgs/msg/MoveVelocity.json
[0.488s] -- Up-to-date symlink: /home/anatoly/ros2k_ws/install/xarm_msgs/share/xarm_msgs/srv/BioGripperCtrl.json
[0.488s] -- Up-to-date symlink: /home/anatoly/ros2k_ws/install/xarm_msgs/share/xarm_msgs/srv/BioGripperEnable.json
[0.488s] -- Up-to-date symlink: /home/anatoly/ros2k_ws/install/xarm_msgs/share/xarm_msgs/srv/Call.json
[0.488s] -- Up-to-date symlink: /home/anatoly/ros2k_ws/install/xarm_msgs/share/xarm_msgs/srv/GetAnalogIO.json
[0.489s] -- Up-to-date symlink: /home/anatoly/ros2k_ws/install/xarm_msgs/share/xarm_msgs/srv/GetDigitalIO.json
[0.489s] -- Up-to-date symlink: /home/anatoly/ros2k_ws/install/xarm_msgs/share/xarm_msgs/srv/GetFloat32.json
[0.489s] -- Up-to-date symlink: /home/anatoly/ros2k_ws/install/xarm_msgs/share/xarm_msgs/srv/GetFloat32List.json
[0.489s] -- Up-to-date symlink: /home/anatoly/ros2k_ws/install/xarm_msgs/share/xarm_msgs/srv/GetInt16.json
[0.490s] -- Up-to-date symlink: /home/anatoly/ros2k_ws/install/xarm_msgs/share/xarm_msgs/srv/GetInt16List.json
[0.490s] -- Up-to-date symlink: /home/anatoly/ros2k_ws/install/xarm_msgs/share/xarm_msgs/srv/GetInt32.json
[0.490s] -- Up-to-date symlink: /home/anatoly/ros2k_ws/install/xarm_msgs/share/xarm_msgs/srv/GetInt32ByType.json
[0.490s] -- Up-to-date symlink: /home/anatoly/ros2k_ws/install/xarm_msgs/share/xarm_msgs/srv/GetSetModbusData.json
[0.491s] -- Up-to-date symlink: /home/anatoly/ros2k_ws/install/xarm_msgs/share/xarm_msgs/srv/GripperMove.json
[0.491s] -- Up-to-date symlink: /home/anatoly/ros2k_ws/install/xarm_msgs/share/xarm_msgs/srv/MoveCartesian.json
[0.491s] -- Up-to-date symlink: /home/anatoly/ros2k_ws/install/xarm_msgs/share/xarm_msgs/srv/MoveCircle.json
[0.491s] -- Up-to-date symlink: /home/anatoly/ros2k_ws/install/xarm_msgs/share/xarm_msgs/srv/MoveHome.json
[0.492s] -- Up-to-date symlink: /home/anatoly/ros2k_ws/install/xarm_msgs/share/xarm_msgs/srv/MoveJoint.json
[0.492s] -- Up-to-date symlink: /home/anatoly/ros2k_ws/install/xarm_msgs/share/xarm_msgs/srv/MoveVelocity.json
[0.492s] -- Up-to-date symlink: /home/anatoly/ros2k_ws/install/xarm_msgs/share/xarm_msgs/srv/RobotiqActivate.json
[0.492s] -- Up-to-date symlink: /home/anatoly/ros2k_ws/install/xarm_msgs/share/xarm_msgs/srv/RobotiqGetStatus.json
[0.492s] -- Up-to-date symlink: /home/anatoly/ros2k_ws/install/xarm_msgs/share/xarm_msgs/srv/RobotiqMove.json
[0.493s] -- Up-to-date symlink: /home/anatoly/ros2k_ws/install/xarm_msgs/share/xarm_msgs/srv/RobotiqReset.json
[0.493s] -- Up-to-date symlink: /home/anatoly/ros2k_ws/install/xarm_msgs/share/xarm_msgs/srv/SetAnalogIO.json
[0.493s] -- Up-to-date symlink: /home/anatoly/ros2k_ws/install/xarm_msgs/share/xarm_msgs/srv/SetDigitalIO.json
[0.493s] -- Up-to-date symlink: /home/anatoly/ros2k_ws/install/xarm_msgs/share/xarm_msgs/srv/SetFloat32.json
[0.493s] -- Up-to-date symlink: /home/anatoly/ros2k_ws/install/xarm_msgs/share/xarm_msgs/srv/SetFloat32List.json
[0.494s] -- Up-to-date symlink: /home/anatoly/ros2k_ws/install/xarm_msgs/share/xarm_msgs/srv/SetInt16.json
[0.494s] -- Up-to-date symlink: /home/anatoly/ros2k_ws/install/xarm_msgs/share/xarm_msgs/srv/SetInt16ById.json
[0.494s] -- Up-to-date symlink: /home/anatoly/ros2k_ws/install/xarm_msgs/share/xarm_msgs/srv/SetInt16List.json
[0.494s] -- Up-to-date symlink: /home/anatoly/ros2k_ws/install/xarm_msgs/share/xarm_msgs/srv/SetInt32.json
[0.494s] -- Up-to-date symlink: /home/anatoly/ros2k_ws/install/xarm_msgs/share/xarm_msgs/srv/SetInt32ByType.json
[0.495s] -- Up-to-date symlink: /home/anatoly/ros2k_ws/install/xarm_msgs/share/xarm_msgs/srv/TrajCtrl.json
[0.495s] -- Up-to-date symlink: /home/anatoly/ros2k_ws/install/xarm_msgs/share/xarm_msgs/srv/TrajPlay.json
[0.495s] -- Up-to-date symlink: /home/anatoly/ros2k_ws/install/xarm_msgs/share/xarm_msgs/srv/VacuumGripperCtrl.json
[0.495s] -- Up-to-date symlink: /home/anatoly/ros2k_ws/install/xarm_msgs/share/xarm_msgs/srv/SetTcpLoad.json
[0.495s] -- Up-to-date symlink: /home/anatoly/ros2k_ws/install/xarm_msgs/share/xarm_msgs/srv/SetModbusTimeout.json
[0.496s] -- Up-to-date symlink: /home/anatoly/ros2k_ws/install/xarm_msgs/share/xarm_msgs/srv/IdenLoad.json
[0.496s] -- Up-to-date symlink: /home/anatoly/ros2k_ws/install/xarm_msgs/share/xarm_msgs/srv/FtCaliLoad.json
[0.496s] -- Up-to-date symlink: /home/anatoly/ros2k_ws/install/xarm_msgs/share/xarm_msgs/srv/FtForceParams.json
[0.496s] -- Up-to-date symlink: /home/anatoly/ros2k_ws/install/xarm_msgs/share/xarm_msgs/srv/FtAdmittanceParams.json
[0.496s] -- Up-to-date symlink: /home/anatoly/ros2k_ws/install/xarm_msgs/share/xarm_msgs/srv/LinearMotorBackOrigin.json
[0.497s] -- Up-to-date symlink: /home/anatoly/ros2k_ws/install/xarm_msgs/share/xarm_msgs/srv/LinearMotorSetPos.json
[0.497s] -- Up-to-date symlink: /home/anatoly/ros2k_ws/install/xarm_msgs/share/xarm_msgs/srv/PlanExec.json
[0.497s] -- Up-to-date symlink: /home/anatoly/ros2k_ws/install/xarm_msgs/share/xarm_msgs/srv/PlanJoint.json
[0.497s] -- Up-to-date symlink: /home/anatoly/ros2k_ws/install/xarm_msgs/share/xarm_msgs/srv/PlanPose.json
[0.497s] -- Up-to-date symlink: /home/anatoly/ros2k_ws/install/xarm_msgs/share/xarm_msgs/srv/PlanSingleStraight.json
[0.498s] -- Up-to-date symlink: /home/anatoly/ros2k_ws/install/xarm_msgs/share/xarm_msgs/srv/FtForceConfig.json
[0.498s] -- Up-to-date symlink: /home/anatoly/ros2k_ws/install/xarm_msgs/share/xarm_msgs/srv/FtForcePid.json
[0.498s] -- Up-to-date symlink: /home/anatoly/ros2k_ws/install/xarm_msgs/share/xarm_msgs/srv/FtImpedance.json
[0.498s] -- Up-to-date symlink: /home/anatoly/ros2k_ws/install/xarm_msgs/share/xarm_msgs/srv/LinearTrackBackOrigin.json
[0.498s] -- Up-to-date symlink: /home/anatoly/ros2k_ws/install/xarm_msgs/share/xarm_msgs/srv/LinearTrackSetPos.json
[0.501s] -- Up-to-date symlink: /home/anatoly/ros2k_ws/install/xarm_msgs/include/xarm_msgs/xarm_msgs/msg/cio_state.h
[0.502s] -- Up-to-date symlink: /home/anatoly/ros2k_ws/install/xarm_msgs/include/xarm_msgs/xarm_msgs/msg/detail/cio_state__functions.h
[0.502s] -- Up-to-date symlink: /home/anatoly/ros2k_ws/install/xarm_msgs/include/xarm_msgs/xarm_msgs/msg/detail/cio_state__struct.h
[0.502s] -- Up-to-date symlink: /home/anatoly/ros2k_ws/install/xarm_msgs/include/xarm_msgs/xarm_msgs/msg/detail/cio_state__type_support.h
[0.502s] -- Up-to-date symlink: /home/anatoly/ros2k_ws/install/xarm_msgs/include/xarm_msgs/xarm_msgs/msg/detail/io_state__functions.h
[0.502s] -- Up-to-date symlink: /home/anatoly/ros2k_ws/install/xarm_msgs/include/xarm_msgs/xarm_msgs/msg/detail/io_state__struct.h
[0.502s] -- Up-to-date symlink: /home/anatoly/ros2k_ws/install/xarm_msgs/include/xarm_msgs/xarm_msgs/msg/detail/io_state__type_support.h
[0.502s] -- Up-to-date symlink: /home/anatoly/ros2k_ws/install/xarm_msgs/include/xarm_msgs/xarm_msgs/msg/detail/move_velocity__functions.h
[0.502s] -- Up-to-date symlink: /home/anatoly/ros2k_ws/install/xarm_msgs/include/xarm_msgs/xarm_msgs/msg/detail/move_velocity__struct.h
[0.502s] -- Up-to-date symlink: /home/anatoly/ros2k_ws/install/xarm_msgs/include/xarm_msgs/xarm_msgs/msg/detail/move_velocity__type_support.h
[0.503s] -- Up-to-date symlink: /home/anatoly/ros2k_ws/install/xarm_msgs/include/xarm_msgs/xarm_msgs/msg/detail/robot_msg__functions.h
[0.503s] -- Up-to-date symlink: /home/anatoly/ros2k_ws/install/xarm_msgs/include/xarm_msgs/xarm_msgs/msg/detail/robot_msg__struct.h
[0.503s] -- Up-to-date symlink: /home/anatoly/ros2k_ws/install/xarm_msgs/include/xarm_msgs/xarm_msgs/msg/detail/robot_msg__type_support.h
[0.503s] -- Up-to-date symlink: /home/anatoly/ros2k_ws/install/xarm_msgs/include/xarm_msgs/xarm_msgs/msg/io_state.h
[0.503s] -- Up-to-date symlink: /home/anatoly/ros2k_ws/install/xarm_msgs/include/xarm_msgs/xarm_msgs/msg/move_velocity.h
[0.503s] -- Up-to-date symlink: /home/anatoly/ros2k_ws/install/xarm_msgs/include/xarm_msgs/xarm_msgs/msg/robot_msg.h
[0.503s] -- Up-to-date symlink: /home/anatoly/ros2k_ws/install/xarm_msgs/include/xarm_msgs/xarm_msgs/msg/rosidl_generator_c__visibility_control.h
[0.503s] -- Up-to-date symlink: /home/anatoly/ros2k_ws/install/xarm_msgs/include/xarm_msgs/xarm_msgs/srv/bio_gripper_ctrl.h
[0.503s] -- Up-to-date symlink: /home/anatoly/ros2k_ws/install/xarm_msgs/include/xarm_msgs/xarm_msgs/srv/bio_gripper_enable.h
[0.504s] -- Up-to-date symlink: /home/anatoly/ros2k_ws/install/xarm_msgs/include/xarm_msgs/xarm_msgs/srv/call.h
[0.504s] -- Up-to-date symlink: /home/anatoly/ros2k_ws/install/xarm_msgs/include/xarm_msgs/xarm_msgs/srv/detail/bio_gripper_ctrl__functions.h
[0.504s] -- Up-to-date symlink: /home/anatoly/ros2k_ws/install/xarm_msgs/include/xarm_msgs/xarm_msgs/srv/detail/bio_gripper_ctrl__struct.h
[0.504s] -- Up-to-date symlink: /home/anatoly/ros2k_ws/install/xarm_msgs/include/xarm_msgs/xarm_msgs/srv/detail/bio_gripper_ctrl__type_support.h
[0.504s] -- Up-to-date symlink: /home/anatoly/ros2k_ws/install/xarm_msgs/include/xarm_msgs/xarm_msgs/srv/detail/bio_gripper_enable__functions.h
[0.504s] -- Up-to-date symlink: /home/anatoly/ros2k_ws/install/xarm_msgs/include/xarm_msgs/xarm_msgs/srv/detail/bio_gripper_enable__struct.h
[0.504s] -- Up-to-date symlink: /home/anatoly/ros2k_ws/install/xarm_msgs/include/xarm_msgs/xarm_msgs/srv/detail/bio_gripper_enable__type_support.h
[0.504s] -- Up-to-date symlink: /home/anatoly/ros2k_ws/install/xarm_msgs/include/xarm_msgs/xarm_msgs/srv/detail/call__functions.h
[0.504s] -- Up-to-date symlink: /home/anatoly/ros2k_ws/install/xarm_msgs/include/xarm_msgs/xarm_msgs/srv/detail/call__struct.h
[0.505s] -- Up-to-date symlink: /home/anatoly/ros2k_ws/install/xarm_msgs/include/xarm_msgs/xarm_msgs/srv/detail/call__type_support.h
[0.505s] -- Up-to-date symlink: /home/anatoly/ros2k_ws/install/xarm_msgs/include/xarm_msgs/xarm_msgs/srv/detail/ft_admittance_params__functions.h
[0.505s] -- Up-to-date symlink: /home/anatoly/ros2k_ws/install/xarm_msgs/include/xarm_msgs/xarm_msgs/srv/detail/ft_admittance_params__struct.h
[0.505s] -- Up-to-date symlink: /home/anatoly/ros2k_ws/install/xarm_msgs/include/xarm_msgs/xarm_msgs/srv/detail/ft_admittance_params__type_support.h
[0.505s] -- Up-to-date symlink: /home/anatoly/ros2k_ws/install/xarm_msgs/include/xarm_msgs/xarm_msgs/srv/detail/ft_cali_load__functions.h
[0.505s] -- Up-to-date symlink: /home/anatoly/ros2k_ws/install/xarm_msgs/include/xarm_msgs/xarm_msgs/srv/detail/ft_cali_load__struct.h
[0.505s] -- Up-to-date symlink: /home/anatoly/ros2k_ws/install/xarm_msgs/include/xarm_msgs/xarm_msgs/srv/detail/ft_cali_load__type_support.h
[0.505s] -- Up-to-date symlink: /home/anatoly/ros2k_ws/install/xarm_msgs/include/xarm_msgs/xarm_msgs/srv/detail/ft_force_config__functions.h
[0.505s] -- Up-to-date symlink: /home/anatoly/ros2k_ws/install/xarm_msgs/include/xarm_msgs/xarm_msgs/srv/detail/ft_force_config__struct.h
[0.505s] -- Up-to-date symlink: /home/anatoly/ros2k_ws/install/xarm_msgs/include/xarm_msgs/xarm_msgs/srv/detail/ft_force_config__type_support.h
[0.506s] -- Up-to-date symlink: /home/anatoly/ros2k_ws/install/xarm_msgs/include/xarm_msgs/xarm_msgs/srv/detail/ft_force_params__functions.h
[0.506s] -- Up-to-date symlink: /home/anatoly/ros2k_ws/install/xarm_msgs/include/xarm_msgs/xarm_msgs/srv/detail/ft_force_params__struct.h
[0.506s] -- Up-to-date symlink: /home/anatoly/ros2k_ws/install/xarm_msgs/include/xarm_msgs/xarm_msgs/srv/detail/ft_force_params__type_support.h
[0.506s] -- Up-to-date symlink: /home/anatoly/ros2k_ws/install/xarm_msgs/include/xarm_msgs/xarm_msgs/srv/detail/ft_force_pid__functions.h
[0.506s] -- Up-to-date symlink: /home/anatoly/ros2k_ws/install/xarm_msgs/include/xarm_msgs/xarm_msgs/srv/detail/ft_force_pid__struct.h
[0.506s] -- Up-to-date symlink: /home/anatoly/ros2k_ws/install/xarm_msgs/include/xarm_msgs/xarm_msgs/srv/detail/ft_force_pid__type_support.h
[0.506s] -- Up-to-date symlink: /home/anatoly/ros2k_ws/install/xarm_msgs/include/xarm_msgs/xarm_msgs/srv/detail/ft_impedance__functions.h
[0.506s] -- Up-to-date symlink: /home/anatoly/ros2k_ws/install/xarm_msgs/include/xarm_msgs/xarm_msgs/srv/detail/ft_impedance__struct.h
[0.507s] -- Up-to-date symlink: /home/anatoly/ros2k_ws/install/xarm_msgs/include/xarm_msgs/xarm_msgs/srv/detail/ft_impedance__type_support.h
[0.507s] -- Up-to-date symlink: /home/anatoly/ros2k_ws/install/xarm_msgs/include/xarm_msgs/xarm_msgs/srv/detail/get_analog_io__functions.h
[0.507s] -- Up-to-date symlink: /home/anatoly/ros2k_ws/install/xarm_msgs/include/xarm_msgs/xarm_msgs/srv/detail/get_analog_io__struct.h
[0.507s] -- Up-to-date symlink: /home/anatoly/ros2k_ws/install/xarm_msgs/include/xarm_msgs/xarm_msgs/srv/detail/get_analog_io__type_support.h
[0.507s] -- Up-to-date symlink: /home/anatoly/ros2k_ws/install/xarm_msgs/include/xarm_msgs/xarm_msgs/srv/detail/get_digital_io__functions.h
[0.507s] -- Up-to-date symlink: /home/anatoly/ros2k_ws/install/xarm_msgs/include/xarm_msgs/xarm_msgs/srv/detail/get_digital_io__struct.h
[0.507s] -- Up-to-date symlink: /home/anatoly/ros2k_ws/install/xarm_msgs/include/xarm_msgs/xarm_msgs/srv/detail/get_digital_io__type_support.h
[0.507s] -- Up-to-date symlink: /home/anatoly/ros2k_ws/install/xarm_msgs/include/xarm_msgs/xarm_msgs/srv/detail/get_float32__functions.h
[0.507s] -- Up-to-date symlink: /home/anatoly/ros2k_ws/install/xarm_msgs/include/xarm_msgs/xarm_msgs/srv/detail/get_float32__struct.h
[0.508s] -- Up-to-date symlink: /home/anatoly/ros2k_ws/install/xarm_msgs/include/xarm_msgs/xarm_msgs/srv/detail/get_float32__type_support.h
[0.508s] -- Up-to-date symlink: /home/anatoly/ros2k_ws/install/xarm_msgs/include/xarm_msgs/xarm_msgs/srv/detail/get_float32_list__functions.h
[0.508s] -- Up-to-date symlink: /home/anatoly/ros2k_ws/install/xarm_msgs/include/xarm_msgs/xarm_msgs/srv/detail/get_float32_list__struct.h
[0.508s] -- Up-to-date symlink: /home/anatoly/ros2k_ws/install/xarm_msgs/include/xarm_msgs/xarm_msgs/srv/detail/get_float32_list__type_support.h
[0.508s] -- Up-to-date symlink: /home/anatoly/ros2k_ws/install/xarm_msgs/include/xarm_msgs/xarm_msgs/srv/detail/get_int16__functions.h
[0.508s] -- Up-to-date symlink: /home/anatoly/ros2k_ws/install/xarm_msgs/include/xarm_msgs/xarm_msgs/srv/detail/get_int16__struct.h
[0.508s] -- Up-to-date symlink: /home/anatoly/ros2k_ws/install/xarm_msgs/include/xarm_msgs/xarm_msgs/srv/detail/get_int16__type_support.h
[0.508s] -- Up-to-date symlink: /home/anatoly/ros2k_ws/install/xarm_msgs/include/xarm_msgs/xarm_msgs/srv/detail/get_int16_list__functions.h
[0.508s] -- Up-to-date symlink: /home/anatoly/ros2k_ws/install/xarm_msgs/include/xarm_msgs/xarm_msgs/srv/detail/get_int16_list__struct.h
[0.509s] -- Up-to-date symlink: /home/anatoly/ros2k_ws/install/xarm_msgs/include/xarm_msgs/xarm_msgs/srv/detail/get_int16_list__type_support.h
[0.509s] -- Up-to-date symlink: /home/anatoly/ros2k_ws/install/xarm_msgs/include/xarm_msgs/xarm_msgs/srv/detail/get_int32__functions.h
[0.509s] -- Up-to-date symlink: /home/anatoly/ros2k_ws/install/xarm_msgs/include/xarm_msgs/xarm_msgs/srv/detail/get_int32__struct.h
[0.509s] -- Up-to-date symlink: /home/anatoly/ros2k_ws/install/xarm_msgs/include/xarm_msgs/xarm_msgs/srv/detail/get_int32__type_support.h
[0.509s] -- Up-to-date symlink: /home/anatoly/ros2k_ws/install/xarm_msgs/include/xarm_msgs/xarm_msgs/srv/detail/get_int32_by_type__functions.h
[0.509s] -- Up-to-date symlink: /home/anatoly/ros2k_ws/install/xarm_msgs/include/xarm_msgs/xarm_msgs/srv/detail/get_int32_by_type__struct.h
[0.509s] -- Up-to-date symlink: /home/anatoly/ros2k_ws/install/xarm_msgs/include/xarm_msgs/xarm_msgs/srv/detail/get_int32_by_type__type_support.h
[0.509s] -- Up-to-date symlink: /home/anatoly/ros2k_ws/install/xarm_msgs/include/xarm_msgs/xarm_msgs/srv/detail/get_set_modbus_data__functions.h
[0.510s] -- Up-to-date symlink: /home/anatoly/ros2k_ws/install/xarm_msgs/include/xarm_msgs/xarm_msgs/srv/detail/get_set_modbus_data__struct.h
[0.510s] -- Up-to-date symlink: /home/anatoly/ros2k_ws/install/xarm_msgs/include/xarm_msgs/xarm_msgs/srv/detail/get_set_modbus_data__type_support.h
[0.510s] -- Up-to-date symlink: /home/anatoly/ros2k_ws/install/xarm_msgs/include/xarm_msgs/xarm_msgs/srv/detail/gripper_move__functions.h
[0.510s] -- Up-to-date symlink: /home/anatoly/ros2k_ws/install/xarm_msgs/include/xarm_msgs/xarm_msgs/srv/detail/gripper_move__struct.h
[0.510s] -- Up-to-date symlink: /home/anatoly/ros2k_ws/install/xarm_msgs/include/xarm_msgs/xarm_msgs/srv/detail/gripper_move__type_support.h
[0.510s] -- Up-to-date symlink: /home/anatoly/ros2k_ws/install/xarm_msgs/include/xarm_msgs/xarm_msgs/srv/detail/iden_load__functions.h
[0.510s] -- Up-to-date symlink: /home/anatoly/ros2k_ws/install/xarm_msgs/include/xarm_msgs/xarm_msgs/srv/detail/iden_load__struct.h
[0.510s] -- Up-to-date symlink: /home/anatoly/ros2k_ws/install/xarm_msgs/include/xarm_msgs/xarm_msgs/srv/detail/iden_load__type_support.h
[0.510s] -- Up-to-date symlink: /home/anatoly/ros2k_ws/install/xarm_msgs/include/xarm_msgs/xarm_msgs/srv/detail/linear_motor_back_origin__functions.h
[0.511s] -- Up-to-date symlink: /home/anatoly/ros2k_ws/install/xarm_msgs/include/xarm_msgs/xarm_msgs/srv/detail/linear_motor_back_origin__struct.h
[0.511s] -- Up-to-date symlink: /home/anatoly/ros2k_ws/install/xarm_msgs/include/xarm_msgs/xarm_msgs/srv/detail/linear_motor_back_origin__type_support.h
[0.511s] -- Up-to-date symlink: /home/anatoly/ros2k_ws/install/xarm_msgs/include/xarm_msgs/xarm_msgs/srv/detail/linear_motor_set_pos__functions.h
[0.511s] -- Up-to-date symlink: /home/anatoly/ros2k_ws/install/xarm_msgs/include/xarm_msgs/xarm_msgs/srv/detail/linear_motor_set_pos__struct.h
[0.511s] -- Up-to-date symlink: /home/anatoly/ros2k_ws/install/xarm_msgs/include/xarm_msgs/xarm_msgs/srv/detail/linear_motor_set_pos__type_support.h
[0.511s] -- Up-to-date symlink: /home/anatoly/ros2k_ws/install/xarm_msgs/include/xarm_msgs/xarm_msgs/srv/detail/linear_track_back_origin__functions.h
[0.511s] -- Up-to-date symlink: /home/anatoly/ros2k_ws/install/xarm_msgs/include/xarm_msgs/xarm_msgs/srv/detail/linear_track_back_origin__struct.h
[0.511s] -- Up-to-date symlink: /home/anatoly/ros2k_ws/install/xarm_msgs/include/xarm_msgs/xarm_msgs/srv/detail/linear_track_back_origin__type_support.h
[0.511s] -- Up-to-date symlink: /home/anatoly/ros2k_ws/install/xarm_msgs/include/xarm_msgs/xarm_msgs/srv/detail/linear_track_set_pos__functions.h
[0.512s] -- Up-to-date symlink: /home/anatoly/ros2k_ws/install/xarm_msgs/include/xarm_msgs/xarm_msgs/srv/detail/linear_track_set_pos__struct.h
[0.512s] -- Up-to-date symlink: /home/anatoly/ros2k_ws/install/xarm_msgs/include/xarm_msgs/xarm_msgs/srv/detail/linear_track_set_pos__type_support.h
[0.512s] -- Up-to-date symlink: /home/anatoly/ros2k_ws/install/xarm_msgs/include/xarm_msgs/xarm_msgs/srv/detail/move_cartesian__functions.h
[0.512s] -- Up-to-date symlink: /home/anatoly/ros2k_ws/install/xarm_msgs/include/xarm_msgs/xarm_msgs/srv/detail/move_cartesian__struct.h
[0.512s] -- Up-to-date symlink: /home/anatoly/ros2k_ws/install/xarm_msgs/include/xarm_msgs/xarm_msgs/srv/detail/move_cartesian__type_support.h
[0.512s] -- Up-to-date symlink: /home/anatoly/ros2k_ws/install/xarm_msgs/include/xarm_msgs/xarm_msgs/srv/detail/move_circle__functions.h
[0.512s] -- Up-to-date symlink: /home/anatoly/ros2k_ws/install/xarm_msgs/include/xarm_msgs/xarm_msgs/srv/detail/move_circle__struct.h
[0.512s] -- Up-to-date symlink: /home/anatoly/ros2k_ws/install/xarm_msgs/include/xarm_msgs/xarm_msgs/srv/detail/move_circle__type_support.h
[0.512s] -- Up-to-date symlink: /home/anatoly/ros2k_ws/install/xarm_msgs/include/xarm_msgs/xarm_msgs/srv/detail/move_home__functions.h
[0.513s] -- Up-to-date symlink: /home/anatoly/ros2k_ws/install/xarm_msgs/include/xarm_msgs/xarm_msgs/srv/detail/move_home__struct.h
[0.513s] -- Up-to-date symlink: /home/anatoly/ros2k_ws/install/xarm_msgs/include/xarm_msgs/xarm_msgs/srv/detail/move_home__type_support.h
[0.513s] -- Up-to-date symlink: /home/anatoly/ros2k_ws/install/xarm_msgs/include/xarm_msgs/xarm_msgs/srv/detail/move_joint__functions.h
[0.513s] -- Up-to-date symlink: /home/anatoly/ros2k_ws/install/xarm_msgs/include/xarm_msgs/xarm_msgs/srv/detail/move_joint__struct.h
[0.513s] -- Up-to-date symlink: /home/anatoly/ros2k_ws/install/xarm_msgs/include/xarm_msgs/xarm_msgs/srv/detail/move_joint__type_support.h
[0.513s] -- Up-to-date symlink: /home/anatoly/ros2k_ws/install/xarm_msgs/include/xarm_msgs/xarm_msgs/srv/detail/move_velocity__functions.h
[0.513s] -- Up-to-date symlink: /home/anatoly/ros2k_ws/install/xarm_msgs/include/xarm_msgs/xarm_msgs/srv/detail/move_velocity__struct.h
[0.513s] -- Up-to-date symlink: /home/anatoly/ros2k_ws/install/xarm_msgs/include/xarm_msgs/xarm_msgs/srv/detail/move_velocity__type_support.h
[0.513s] -- Up-to-date symlink: /home/anatoly/ros2k_ws/install/xarm_msgs/include/xarm_msgs/xarm_msgs/srv/detail/plan_exec__functions.h
[0.514s] -- Up-to-date symlink: /home/anatoly/ros2k_ws/install/xarm_msgs/include/xarm_msgs/xarm_msgs/srv/detail/plan_exec__struct.h
[0.514s] -- Up-to-date symlink: /home/anatoly/ros2k_ws/install/xarm_msgs/include/xarm_msgs/xarm_msgs/srv/detail/plan_exec__type_support.h
[0.514s] -- Up-to-date symlink: /home/anatoly/ros2k_ws/install/xarm_msgs/include/xarm_msgs/xarm_msgs/srv/detail/plan_joint__functions.h
[0.514s] -- Up-to-date symlink: /home/anatoly/ros2k_ws/install/xarm_msgs/include/xarm_msgs/xarm_msgs/srv/detail/plan_joint__struct.h
[0.514s] -- Up-to-date symlink: /home/anatoly/ros2k_ws/install/xarm_msgs/include/xarm_msgs/xarm_msgs/srv/detail/plan_joint__type_support.h
[0.514s] -- Up-to-date symlink: /home/anatoly/ros2k_ws/install/xarm_msgs/include/xarm_msgs/xarm_msgs/srv/detail/plan_pose__functions.h
[0.514s] -- Up-to-date symlink: /home/anatoly/ros2k_ws/install/xarm_msgs/include/xarm_msgs/xarm_msgs/srv/detail/plan_pose__struct.h
[0.514s] -- Up-to-date symlink: /home/anatoly/ros2k_ws/install/xarm_msgs/include/xarm_msgs/xarm_msgs/srv/detail/plan_pose__type_support.h
[0.514s] -- Up-to-date symlink: /home/anatoly/ros2k_ws/install/xarm_msgs/include/xarm_msgs/xarm_msgs/srv/detail/plan_single_straight__functions.h
[0.514s] -- Up-to-date symlink: /home/anatoly/ros2k_ws/install/xarm_msgs/include/xarm_msgs/xarm_msgs/srv/detail/plan_single_straight__struct.h
[0.515s] -- Up-to-date symlink: /home/anatoly/ros2k_ws/install/xarm_msgs/include/xarm_msgs/xarm_msgs/srv/detail/plan_single_straight__type_support.h
[0.515s] -- Up-to-date symlink: /home/anatoly/ros2k_ws/install/xarm_msgs/include/xarm_msgs/xarm_msgs/srv/detail/robotiq_activate__functions.h
[0.515s] -- Up-to-date symlink: /home/anatoly/ros2k_ws/install/xarm_msgs/include/xarm_msgs/xarm_msgs/srv/detail/robotiq_activate__struct.h
[0.515s] -- Up-to-date symlink: /home/anatoly/ros2k_ws/install/xarm_msgs/include/xarm_msgs/xarm_msgs/srv/detail/robotiq_activate__type_support.h
[0.515s] -- Up-to-date symlink: /home/anatoly/ros2k_ws/install/xarm_msgs/include/xarm_msgs/xarm_msgs/srv/detail/robotiq_get_status__functions.h
[0.515s] -- Up-to-date symlink: /home/anatoly/ros2k_ws/install/xarm_msgs/include/xarm_msgs/xarm_msgs/srv/detail/robotiq_get_status__struct.h
[0.515s] -- Up-to-date symlink: /home/anatoly/ros2k_ws/install/xarm_msgs/include/xarm_msgs/xarm_msgs/srv/detail/robotiq_get_status__type_support.h
[0.515s] -- Up-to-date symlink: /home/anatoly/ros2k_ws/install/xarm_msgs/include/xarm_msgs/xarm_msgs/srv/detail/robotiq_move__functions.h
[0.516s] -- Up-to-date symlink: /home/anatoly/ros2k_ws/install/xarm_msgs/include/xarm_msgs/xarm_msgs/srv/detail/robotiq_move__struct.h
[0.516s] -- Up-to-date symlink: /home/anatoly/ros2k_ws/install/xarm_msgs/include/xarm_msgs/xarm_msgs/srv/detail/robotiq_move__type_support.h
[0.516s] -- Up-to-date symlink: /home/anatoly/ros2k_ws/install/xarm_msgs/include/xarm_msgs/xarm_msgs/srv/detail/robotiq_reset__functions.h
[0.516s] -- Up-to-date symlink: /home/anatoly/ros2k_ws/install/xarm_msgs/include/xarm_msgs/xarm_msgs/srv/detail/robotiq_reset__struct.h
[0.516s] -- Up-to-date symlink: /home/anatoly/ros2k_ws/install/xarm_msgs/include/xarm_msgs/xarm_msgs/srv/detail/robotiq_reset__type_support.h
[0.516s] -- Up-to-date symlink: /home/anatoly/ros2k_ws/install/xarm_msgs/include/xarm_msgs/xarm_msgs/srv/detail/set_analog_io__functions.h
[0.516s] -- Up-to-date symlink: /home/anatoly/ros2k_ws/install/xarm_msgs/include/xarm_msgs/xarm_msgs/srv/detail/set_analog_io__struct.h
[0.516s] -- Up-to-date symlink: /home/anatoly/ros2k_ws/install/xarm_msgs/include/xarm_msgs/xarm_msgs/srv/detail/set_analog_io__type_support.h
[0.516s] -- Up-to-date symlink: /home/anatoly/ros2k_ws/install/xarm_msgs/include/xarm_msgs/xarm_msgs/srv/detail/set_digital_io__functions.h
[0.517s] -- Up-to-date symlink: /home/anatoly/ros2k_ws/install/xarm_msgs/include/xarm_msgs/xarm_msgs/srv/detail/set_digital_io__struct.h
[0.517s] -- Up-to-date symlink: /home/anatoly/ros2k_ws/install/xarm_msgs/include/xarm_msgs/xarm_msgs/srv/detail/set_digital_io__type_support.h
[0.517s] -- Up-to-date symlink: /home/anatoly/ros2k_ws/install/xarm_msgs/include/xarm_msgs/xarm_msgs/srv/detail/set_float32__functions.h
[0.517s] -- Up-to-date symlink: /home/anatoly/ros2k_ws/install/xarm_msgs/include/xarm_msgs/xarm_msgs/srv/detail/set_float32__struct.h
[0.517s] -- Up-to-date symlink: /home/anatoly/ros2k_ws/install/xarm_msgs/include/xarm_msgs/xarm_msgs/srv/detail/set_float32__type_support.h
[0.517s] -- Up-to-date symlink: /home/anatoly/ros2k_ws/install/xarm_msgs/include/xarm_msgs/xarm_msgs/srv/detail/set_float32_list__functions.h
[0.517s] -- Up-to-date symlink: /home/anatoly/ros2k_ws/install/xarm_msgs/include/xarm_msgs/xarm_msgs/srv/detail/set_float32_list__struct.h
[0.517s] -- Up-to-date symlink: /home/anatoly/ros2k_ws/install/xarm_msgs/include/xarm_msgs/xarm_msgs/srv/detail/set_float32_list__type_support.h
[0.518s] -- Up-to-date symlink: /home/anatoly/ros2k_ws/install/xarm_msgs/include/xarm_msgs/xarm_msgs/srv/detail/set_int16__functions.h
[0.518s] -- Up-to-date symlink: /home/anatoly/ros2k_ws/install/xarm_msgs/include/xarm_msgs/xarm_msgs/srv/detail/set_int16__struct.h
[0.518s] -- Up-to-date symlink: /home/anatoly/ros2k_ws/install/xarm_msgs/include/xarm_msgs/xarm_msgs/srv/detail/set_int16__type_support.h
[0.518s] -- Up-to-date symlink: /home/anatoly/ros2k_ws/install/xarm_msgs/include/xarm_msgs/xarm_msgs/srv/detail/set_int16_by_id__functions.h
[0.518s] -- Up-to-date symlink: /home/anatoly/ros2k_ws/install/xarm_msgs/include/xarm_msgs/xarm_msgs/srv/detail/set_int16_by_id__struct.h
[0.518s] -- Up-to-date symlink: /home/anatoly/ros2k_ws/install/xarm_msgs/include/xarm_msgs/xarm_msgs/srv/detail/set_int16_by_id__type_support.h
[0.518s] -- Up-to-date symlink: /home/anatoly/ros2k_ws/install/xarm_msgs/include/xarm_msgs/xarm_msgs/srv/detail/set_int16_list__functions.h
[0.518s] -- Up-to-date symlink: /home/anatoly/ros2k_ws/install/xarm_msgs/include/xarm_msgs/xarm_msgs/srv/detail/set_int16_list__struct.h
[0.518s] -- Up-to-date symlink: /home/anatoly/ros2k_ws/install/xarm_msgs/include/xarm_msgs/xarm_msgs/srv/detail/set_int16_list__type_support.h
[0.519s] -- Up-to-date symlink: /home/anatoly/ros2k_ws/install/xarm_msgs/include/xarm_msgs/xarm_msgs/srv/detail/set_int32__functions.h
[0.519s] -- Up-to-date symlink: /home/anatoly/ros2k_ws/install/xarm_msgs/include/xarm_msgs/xarm_msgs/srv/detail/set_int32__struct.h
[0.519s] -- Up-to-date symlink: /home/anatoly/ros2k_ws/install/xarm_msgs/include/xarm_msgs/xarm_msgs/srv/detail/set_int32__type_support.h
[0.519s] -- Up-to-date symlink: /home/anatoly/ros2k_ws/install/xarm_msgs/include/xarm_msgs/xarm_msgs/srv/detail/set_int32_by_type__functions.h
[0.519s] -- Up-to-date symlink: /home/anatoly/ros2k_ws/install/xarm_msgs/include/xarm_msgs/xarm_msgs/srv/detail/set_int32_by_type__struct.h
[0.519s] -- Up-to-date symlink: /home/anatoly/ros2k_ws/install/xarm_msgs/include/xarm_msgs/xarm_msgs/srv/detail/set_int32_by_type__type_support.h
[0.519s] -- Up-to-date symlink: /home/anatoly/ros2k_ws/install/xarm_msgs/include/xarm_msgs/xarm_msgs/srv/detail/set_modbus_timeout__functions.h
[0.519s] -- Up-to-date symlink: /home/anatoly/ros2k_ws/install/xarm_msgs/include/xarm_msgs/xarm_msgs/srv/detail/set_modbus_timeout__struct.h
[0.520s] -- Up-to-date symlink: /home/anatoly/ros2k_ws/install/xarm_msgs/include/xarm_msgs/xarm_msgs/srv/detail/set_modbus_timeout__type_support.h
[0.520s] -- Up-to-date symlink: /home/anatoly/ros2k_ws/install/xarm_msgs/include/xarm_msgs/xarm_msgs/srv/detail/set_tcp_load__functions.h
[0.520s] -- Up-to-date symlink: /home/anatoly/ros2k_ws/install/xarm_msgs/include/xarm_msgs/xarm_msgs/srv/detail/set_tcp_load__struct.h
[0.520s] -- Up-to-date symlink: /home/anatoly/ros2k_ws/install/xarm_msgs/include/xarm_msgs/xarm_msgs/srv/detail/set_tcp_load__type_support.h
[0.520s] -- Up-to-date symlink: /home/anatoly/ros2k_ws/install/xarm_msgs/include/xarm_msgs/xarm_msgs/srv/detail/traj_ctrl__functions.h
[0.520s] -- Up-to-date symlink: /home/anatoly/ros2k_ws/install/xarm_msgs/include/xarm_msgs/xarm_msgs/srv/detail/traj_ctrl__struct.h
[0.520s] -- Up-to-date symlink: /home/anatoly/ros2k_ws/install/xarm_msgs/include/xarm_msgs/xarm_msgs/srv/detail/traj_ctrl__type_support.h
[0.520s] -- Up-to-date symlink: /home/anatoly/ros2k_ws/install/xarm_msgs/include/xarm_msgs/xarm_msgs/srv/detail/traj_play__functions.h
[0.520s] -- Up-to-date symlink: /home/anatoly/ros2k_ws/install/xarm_msgs/include/xarm_msgs/xarm_msgs/srv/detail/traj_play__struct.h
[0.521s] -- Up-to-date symlink: /home/anatoly/ros2k_ws/install/xarm_msgs/include/xarm_msgs/xarm_msgs/srv/detail/traj_play__type_support.h
[0.521s] -- Up-to-date symlink: /home/anatoly/ros2k_ws/install/xarm_msgs/include/xarm_msgs/xarm_msgs/srv/detail/vacuum_gripper_ctrl__functions.h
[0.521s] -- Up-to-date symlink: /home/anatoly/ros2k_ws/install/xarm_msgs/include/xarm_msgs/xarm_msgs/srv/detail/vacuum_gripper_ctrl__struct.h
[0.521s] -- Up-to-date symlink: /home/anatoly/ros2k_ws/install/xarm_msgs/include/xarm_msgs/xarm_msgs/srv/detail/vacuum_gripper_ctrl__type_support.h
[0.521s] -- Up-to-date symlink: /home/anatoly/ros2k_ws/install/xarm_msgs/include/xarm_msgs/xarm_msgs/srv/ft_admittance_params.h
[0.523s] -- Up-to-date symlink: /home/anatoly/ros2k_ws/install/xarm_msgs/include/xarm_msgs/xarm_msgs/srv/ft_cali_load.h
[0.524s] -- Up-to-date symlink: /home/anatoly/ros2k_ws/install/xarm_msgs/include/xarm_msgs/xarm_msgs/srv/ft_force_config.h
[0.524s] -- Up-to-date symlink: /home/anatoly/ros2k_ws/install/xarm_msgs/include/xarm_msgs/xarm_msgs/srv/ft_force_params.h
[0.524s] -- Up-to-date symlink: /home/anatoly/ros2k_ws/install/xarm_msgs/include/xarm_msgs/xarm_msgs/srv/ft_force_pid.h
[0.524s] -- Up-to-date symlink: /home/anatoly/ros2k_ws/install/xarm_msgs/include/xarm_msgs/xarm_msgs/srv/ft_impedance.h
[0.524s] -- Up-to-date symlink: /home/anatoly/ros2k_ws/install/xarm_msgs/include/xarm_msgs/xarm_msgs/srv/get_analog_io.h
[0.524s] -- Up-to-date symlink: /home/anatoly/ros2k_ws/install/xarm_msgs/include/xarm_msgs/xarm_msgs/srv/get_digital_io.h
[0.524s] -- Up-to-date symlink: /home/anatoly/ros2k_ws/install/xarm_msgs/include/xarm_msgs/xarm_msgs/srv/get_float32.h
[0.525s] -- Up-to-date symlink: /home/anatoly/ros2k_ws/install/xarm_msgs/include/xarm_msgs/xarm_msgs/srv/get_float32_list.h
[0.525s] -- Up-to-date symlink: /home/anatoly/ros2k_ws/install/xarm_msgs/include/xarm_msgs/xarm_msgs/srv/get_int16.h
[0.525s] -- Up-to-date symlink: /home/anatoly/ros2k_ws/install/xarm_msgs/include/xarm_msgs/xarm_msgs/srv/get_int16_list.h
[0.525s] -- Up-to-date symlink: /home/anatoly/ros2k_ws/install/xarm_msgs/include/xarm_msgs/xarm_msgs/srv/get_int32.h
[0.525s] -- Up-to-date symlink: /home/anatoly/ros2k_ws/install/xarm_msgs/include/xarm_msgs/xarm_msgs/srv/get_int32_by_type.h
[0.525s] -- Up-to-date symlink: /home/anatoly/ros2k_ws/install/xarm_msgs/include/xarm_msgs/xarm_msgs/srv/get_set_modbus_data.h
[0.525s] -- Up-to-date symlink: /home/anatoly/ros2k_ws/install/xarm_msgs/include/xarm_msgs/xarm_msgs/srv/gripper_move.h
[0.526s] -- Up-to-date symlink: /home/anatoly/ros2k_ws/install/xarm_msgs/include/xarm_msgs/xarm_msgs/srv/iden_load.h
[0.526s] -- Up-to-date symlink: /home/anatoly/ros2k_ws/install/xarm_msgs/include/xarm_msgs/xarm_msgs/srv/linear_motor_back_origin.h
[0.526s] -- Up-to-date symlink: /home/anatoly/ros2k_ws/install/xarm_msgs/include/xarm_msgs/xarm_msgs/srv/linear_motor_set_pos.h
[0.526s] -- Up-to-date symlink: /home/anatoly/ros2k_ws/install/xarm_msgs/include/xarm_msgs/xarm_msgs/srv/linear_track_back_origin.h
[0.526s] -- Up-to-date symlink: /home/anatoly/ros2k_ws/install/xarm_msgs/include/xarm_msgs/xarm_msgs/srv/linear_track_set_pos.h
[0.526s] -- Up-to-date symlink: /home/anatoly/ros2k_ws/install/xarm_msgs/include/xarm_msgs/xarm_msgs/srv/move_cartesian.h
[0.526s] -- Up-to-date symlink: /home/anatoly/ros2k_ws/install/xarm_msgs/include/xarm_msgs/xarm_msgs/srv/move_circle.h
[0.527s] -- Up-to-date symlink: /home/anatoly/ros2k_ws/install/xarm_msgs/include/xarm_msgs/xarm_msgs/srv/move_home.h
[0.527s] -- Up-to-date symlink: /home/anatoly/ros2k_ws/install/xarm_msgs/include/xarm_msgs/xarm_msgs/srv/move_joint.h
[0.527s] -- Up-to-date symlink: /home/anatoly/ros2k_ws/install/xarm_msgs/include/xarm_msgs/xarm_msgs/srv/move_velocity.h
[0.527s] -- Up-to-date symlink: /home/anatoly/ros2k_ws/install/xarm_msgs/include/xarm_msgs/xarm_msgs/srv/plan_exec.h
[0.527s] -- Up-to-date symlink: /home/anatoly/ros2k_ws/install/xarm_msgs/include/xarm_msgs/xarm_msgs/srv/plan_joint.h
[0.527s] -- Up-to-date symlink: /home/anatoly/ros2k_ws/install/xarm_msgs/include/xarm_msgs/xarm_msgs/srv/plan_pose.h
[0.527s] -- Up-to-date symlink: /home/anatoly/ros2k_ws/install/xarm_msgs/include/xarm_msgs/xarm_msgs/srv/plan_single_straight.h
[0.527s] -- Up-to-date symlink: /home/anatoly/ros2k_ws/install/xarm_msgs/include/xarm_msgs/xarm_msgs/srv/robotiq_activate.h
[0.527s] -- Up-to-date symlink: /home/anatoly/ros2k_ws/install/xarm_msgs/include/xarm_msgs/xarm_msgs/srv/robotiq_get_status.h
[0.528s] -- Up-to-date symlink: /home/anatoly/ros2k_ws/install/xarm_msgs/include/xarm_msgs/xarm_msgs/srv/robotiq_move.h
[0.528s] -- Up-to-date symlink: /home/anatoly/ros2k_ws/install/xarm_msgs/include/xarm_msgs/xarm_msgs/srv/robotiq_reset.h
[0.528s] -- Up-to-date symlink: /home/anatoly/ros2k_ws/install/xarm_msgs/include/xarm_msgs/xarm_msgs/srv/set_analog_io.h
[0.528s] -- Up-to-date symlink: /home/anatoly/ros2k_ws/install/xarm_msgs/include/xarm_msgs/xarm_msgs/srv/set_digital_io.h
[0.528s] -- Up-to-date symlink: /home/anatoly/ros2k_ws/install/xarm_msgs/include/xarm_msgs/xarm_msgs/srv/set_float32.h
[0.528s] -- Up-to-date symlink: /home/anatoly/ros2k_ws/install/xarm_msgs/include/xarm_msgs/xarm_msgs/srv/set_float32_list.h
[0.528s] -- Up-to-date symlink: /home/anatoly/ros2k_ws/install/xarm_msgs/include/xarm_msgs/xarm_msgs/srv/set_int16.h
[0.528s] -- Up-to-date symlink: /home/anatoly/ros2k_ws/install/xarm_msgs/include/xarm_msgs/xarm_msgs/srv/set_int16_by_id.h
[0.528s] -- Up-to-date symlink: /home/anatoly/ros2k_ws/install/xarm_msgs/include/xarm_msgs/xarm_msgs/srv/set_int16_list.h
[0.528s] -- Up-to-date symlink: /home/anatoly/ros2k_ws/install/xarm_msgs/include/xarm_msgs/xarm_msgs/srv/set_int32.h
[0.528s] -- Up-to-date symlink: /home/anatoly/ros2k_ws/install/xarm_msgs/include/xarm_msgs/xarm_msgs/srv/set_int32_by_type.h
[0.528s] -- Up-to-date symlink: /home/anatoly/ros2k_ws/install/xarm_msgs/include/xarm_msgs/xarm_msgs/srv/set_modbus_timeout.h
[0.528s] -- Up-to-date symlink: /home/anatoly/ros2k_ws/install/xarm_msgs/include/xarm_msgs/xarm_msgs/srv/set_tcp_load.h
[0.528s] -- Up-to-date symlink: /home/anatoly/ros2k_ws/install/xarm_msgs/include/xarm_msgs/xarm_msgs/srv/traj_ctrl.h
[0.528s] -- Up-to-date symlink: /home/anatoly/ros2k_ws/install/xarm_msgs/include/xarm_msgs/xarm_msgs/srv/traj_play.h
[0.528s] -- Up-to-date symlink: /home/anatoly/ros2k_ws/install/xarm_msgs/include/xarm_msgs/xarm_msgs/srv/vacuum_gripper_ctrl.h
[0.528s] -- Up-to-date symlink: /home/anatoly/ros2k_ws/install/xarm_msgs/share/xarm_msgs/environment/library_path.sh
[0.529s] -- Up-to-date symlink: /home/anatoly/ros2k_ws/install/xarm_msgs/share/xarm_msgs/environment/library_path.dsv
[0.529s] -- Up-to-date symlink: /home/anatoly/ros2k_ws/install/xarm_msgs/include/xarm_msgs/xarm_msgs/msg/detail/cio_state__rosidl_typesupport_fastrtps_c.h
[0.529s] -- Up-to-date symlink: /home/anatoly/ros2k_ws/install/xarm_msgs/include/xarm_msgs/xarm_msgs/msg/detail/io_state__rosidl_typesupport_fastrtps_c.h
[0.529s] -- Up-to-date symlink: /home/anatoly/ros2k_ws/install/xarm_msgs/include/xarm_msgs/xarm_msgs/msg/detail/move_velocity__rosidl_typesupport_fastrtps_c.h
[0.530s] -- Up-to-date symlink: /home/anatoly/ros2k_ws/install/xarm_msgs/include/xarm_msgs/xarm_msgs/msg/detail/robot_msg__rosidl_typesupport_fastrtps_c.h
[0.530s] -- Up-to-date symlink: /home/anatoly/ros2k_ws/install/xarm_msgs/include/xarm_msgs/xarm_msgs/msg/rosidl_typesupport_fastrtps_c__visibility_control.h
[0.530s] -- Up-to-date symlink: /home/anatoly/ros2k_ws/install/xarm_msgs/include/xarm_msgs/xarm_msgs/srv/detail/bio_gripper_ctrl__rosidl_typesupport_fastrtps_c.h
[0.530s] -- Up-to-date symlink: /home/anatoly/ros2k_ws/install/xarm_msgs/include/xarm_msgs/xarm_msgs/srv/detail/bio_gripper_enable__rosidl_typesupport_fastrtps_c.h
[0.530s] -- Up-to-date symlink: /home/anatoly/ros2k_ws/install/xarm_msgs/include/xarm_msgs/xarm_msgs/srv/detail/call__rosidl_typesupport_fastrtps_c.h
[0.530s] -- Up-to-date symlink: /home/anatoly/ros2k_ws/install/xarm_msgs/include/xarm_msgs/xarm_msgs/srv/detail/ft_admittance_params__rosidl_typesupport_fastrtps_c.h
[0.530s] -- Up-to-date symlink: /home/anatoly/ros2k_ws/install/xarm_msgs/include/xarm_msgs/xarm_msgs/srv/detail/ft_cali_load__rosidl_typesupport_fastrtps_c.h
[0.530s] -- Up-to-date symlink: /home/anatoly/ros2k_ws/install/xarm_msgs/include/xarm_msgs/xarm_msgs/srv/detail/ft_force_config__rosidl_typesupport_fastrtps_c.h
[0.530s] -- Up-to-date symlink: /home/anatoly/ros2k_ws/install/xarm_msgs/include/xarm_msgs/xarm_msgs/srv/detail/ft_force_params__rosidl_typesupport_fastrtps_c.h
[0.531s] -- Up-to-date symlink: /home/anatoly/ros2k_ws/install/xarm_msgs/include/xarm_msgs/xarm_msgs/srv/detail/ft_force_pid__rosidl_typesupport_fastrtps_c.h
[0.531s] -- Up-to-date symlink: /home/anatoly/ros2k_ws/install/xarm_msgs/include/xarm_msgs/xarm_msgs/srv/detail/ft_impedance__rosidl_typesupport_fastrtps_c.h
[0.531s] -- Up-to-date symlink: /home/anatoly/ros2k_ws/install/xarm_msgs/include/xarm_msgs/xarm_msgs/srv/detail/get_analog_io__rosidl_typesupport_fastrtps_c.h
[0.531s] -- Up-to-date symlink: /home/anatoly/ros2k_ws/install/xarm_msgs/include/xarm_msgs/xarm_msgs/srv/detail/get_digital_io__rosidl_typesupport_fastrtps_c.h
[0.531s] -- Up-to-date symlink: /home/anatoly/ros2k_ws/install/xarm_msgs/include/xarm_msgs/xarm_msgs/srv/detail/get_float32__rosidl_typesupport_fastrtps_c.h
[0.531s] -- Up-to-date symlink: /home/anatoly/ros2k_ws/install/xarm_msgs/include/xarm_msgs/xarm_msgs/srv/detail/get_float32_list__rosidl_typesupport_fastrtps_c.h
[0.531s] -- Up-to-date symlink: /home/anatoly/ros2k_ws/install/xarm_msgs/include/xarm_msgs/xarm_msgs/srv/detail/get_int16__rosidl_typesupport_fastrtps_c.h
[0.531s] -- Up-to-date symlink: /home/anatoly/ros2k_ws/install/xarm_msgs/include/xarm_msgs/xarm_msgs/srv/detail/get_int16_list__rosidl_typesupport_fastrtps_c.h
[0.531s] -- Up-to-date symlink: /home/anatoly/ros2k_ws/install/xarm_msgs/include/xarm_msgs/xarm_msgs/srv/detail/get_int32__rosidl_typesupport_fastrtps_c.h
[0.532s] -- Up-to-date symlink: /home/anatoly/ros2k_ws/install/xarm_msgs/include/xarm_msgs/xarm_msgs/srv/detail/get_int32_by_type__rosidl_typesupport_fastrtps_c.h
[0.532s] -- Up-to-date symlink: /home/anatoly/ros2k_ws/install/xarm_msgs/include/xarm_msgs/xarm_msgs/srv/detail/get_set_modbus_data__rosidl_typesupport_fastrtps_c.h
[0.532s] -- Up-to-date symlink: /home/anatoly/ros2k_ws/install/xarm_msgs/include/xarm_msgs/xarm_msgs/srv/detail/gripper_move__rosidl_typesupport_fastrtps_c.h
[0.532s] -- Up-to-date symlink: /home/anatoly/ros2k_ws/install/xarm_msgs/include/xarm_msgs/xarm_msgs/srv/detail/iden_load__rosidl_typesupport_fastrtps_c.h
[0.532s] -- Up-to-date symlink: /home/anatoly/ros2k_ws/install/xarm_msgs/include/xarm_msgs/xarm_msgs/srv/detail/linear_motor_back_origin__rosidl_typesupport_fastrtps_c.h
[0.532s] -- Up-to-date symlink: /home/anatoly/ros2k_ws/install/xarm_msgs/include/xarm_msgs/xarm_msgs/srv/detail/linear_motor_set_pos__rosidl_typesupport_fastrtps_c.h
[0.532s] -- Up-to-date symlink: /home/anatoly/ros2k_ws/install/xarm_msgs/include/xarm_msgs/xarm_msgs/srv/detail/linear_track_back_origin__rosidl_typesupport_fastrtps_c.h
[0.532s] -- Up-to-date symlink: /home/anatoly/ros2k_ws/install/xarm_msgs/include/xarm_msgs/xarm_msgs/srv/detail/linear_track_set_pos__rosidl_typesupport_fastrtps_c.h
[0.532s] -- Up-to-date symlink: /home/anatoly/ros2k_ws/install/xarm_msgs/include/xarm_msgs/xarm_msgs/srv/detail/move_cartesian__rosidl_typesupport_fastrtps_c.h
[0.532s] -- Up-to-date symlink: /home/anatoly/ros2k_ws/install/xarm_msgs/include/xarm_msgs/xarm_msgs/srv/detail/move_circle__rosidl_typesupport_fastrtps_c.h
[0.533s] -- Up-to-date symlink: /home/anatoly/ros2k_ws/install/xarm_msgs/include/xarm_msgs/xarm_msgs/srv/detail/move_home__rosidl_typesupport_fastrtps_c.h
[0.533s] -- Up-to-date symlink: /home/anatoly/ros2k_ws/install/xarm_msgs/include/xarm_msgs/xarm_msgs/srv/detail/move_joint__rosidl_typesupport_fastrtps_c.h
[0.533s] -- Up-to-date symlink: /home/anatoly/ros2k_ws/install/xarm_msgs/include/xarm_msgs/xarm_msgs/srv/detail/move_velocity__rosidl_typesupport_fastrtps_c.h
[0.533s] -- Up-to-date symlink: /home/anatoly/ros2k_ws/install/xarm_msgs/include/xarm_msgs/xarm_msgs/srv/detail/plan_exec__rosidl_typesupport_fastrtps_c.h
[0.533s] -- Up-to-date symlink: /home/anatoly/ros2k_ws/install/xarm_msgs/include/xarm_msgs/xarm_msgs/srv/detail/plan_joint__rosidl_typesupport_fastrtps_c.h
[0.533s] -- Up-to-date symlink: /home/anatoly/ros2k_ws/install/xarm_msgs/include/xarm_msgs/xarm_msgs/srv/detail/plan_pose__rosidl_typesupport_fastrtps_c.h
[0.533s] -- Up-to-date symlink: /home/anatoly/ros2k_ws/install/xarm_msgs/include/xarm_msgs/xarm_msgs/srv/detail/plan_single_straight__rosidl_typesupport_fastrtps_c.h
[0.533s] -- Up-to-date symlink: /home/anatoly/ros2k_ws/install/xarm_msgs/include/xarm_msgs/xarm_msgs/srv/detail/robotiq_activate__rosidl_typesupport_fastrtps_c.h
[0.533s] -- Up-to-date symlink: /home/anatoly/ros2k_ws/install/xarm_msgs/include/xarm_msgs/xarm_msgs/srv/detail/robotiq_get_status__rosidl_typesupport_fastrtps_c.h
[0.534s] -- Up-to-date symlink: /home/anatoly/ros2k_ws/install/xarm_msgs/include/xarm_msgs/xarm_msgs/srv/detail/robotiq_move__rosidl_typesupport_fastrtps_c.h
[0.534s] -- Up-to-date symlink: /home/anatoly/ros2k_ws/install/xarm_msgs/include/xarm_msgs/xarm_msgs/srv/detail/robotiq_reset__rosidl_typesupport_fastrtps_c.h
[0.534s] -- Up-to-date symlink: /home/anatoly/ros2k_ws/install/xarm_msgs/include/xarm_msgs/xarm_msgs/srv/detail/set_analog_io__rosidl_typesupport_fastrtps_c.h
[0.534s] -- Up-to-date symlink: /home/anatoly/ros2k_ws/install/xarm_msgs/include/xarm_msgs/xarm_msgs/srv/detail/set_digital_io__rosidl_typesupport_fastrtps_c.h
[0.534s] -- Up-to-date symlink: /home/anatoly/ros2k_ws/install/xarm_msgs/include/xarm_msgs/xarm_msgs/srv/detail/set_float32__rosidl_typesupport_fastrtps_c.h
[0.534s] -- Up-to-date symlink: /home/anatoly/ros2k_ws/install/xarm_msgs/include/xarm_msgs/xarm_msgs/srv/detail/set_float32_list__rosidl_typesupport_fastrtps_c.h
[0.534s] -- Up-to-date symlink: /home/anatoly/ros2k_ws/install/xarm_msgs/include/xarm_msgs/xarm_msgs/srv/detail/set_int16__rosidl_typesupport_fastrtps_c.h
[0.534s] -- Up-to-date symlink: /home/anatoly/ros2k_ws/install/xarm_msgs/include/xarm_msgs/xarm_msgs/srv/detail/set_int16_by_id__rosidl_typesupport_fastrtps_c.h
[0.534s] -- Up-to-date symlink: /home/anatoly/ros2k_ws/install/xarm_msgs/include/xarm_msgs/xarm_msgs/srv/detail/set_int16_list__rosidl_typesupport_fastrtps_c.h
[0.534s] -- Up-to-date symlink: /home/anatoly/ros2k_ws/install/xarm_msgs/include/xarm_msgs/xarm_msgs/srv/detail/set_int32__rosidl_typesupport_fastrtps_c.h
[0.535s] -- Up-to-date symlink: /home/anatoly/ros2k_ws/install/xarm_msgs/include/xarm_msgs/xarm_msgs/srv/detail/set_int32_by_type__rosidl_typesupport_fastrtps_c.h
[0.535s] -- Up-to-date symlink: /home/anatoly/ros2k_ws/install/xarm_msgs/include/xarm_msgs/xarm_msgs/srv/detail/set_modbus_timeout__rosidl_typesupport_fastrtps_c.h
[0.535s] -- Up-to-date symlink: /home/anatoly/ros2k_ws/install/xarm_msgs/include/xarm_msgs/xarm_msgs/srv/detail/set_tcp_load__rosidl_typesupport_fastrtps_c.h
[0.535s] -- Up-to-date symlink: /home/anatoly/ros2k_ws/install/xarm_msgs/include/xarm_msgs/xarm_msgs/srv/detail/traj_ctrl__rosidl_typesupport_fastrtps_c.h
[0.535s] -- Up-to-date symlink: /home/anatoly/ros2k_ws/install/xarm_msgs/include/xarm_msgs/xarm_msgs/srv/detail/traj_play__rosidl_typesupport_fastrtps_c.h
[0.535s] -- Up-to-date symlink: /home/anatoly/ros2k_ws/install/xarm_msgs/include/xarm_msgs/xarm_msgs/srv/detail/vacuum_gripper_ctrl__rosidl_typesupport_fastrtps_c.h
[0.538s] -- Up-to-date symlink: /home/anatoly/ros2k_ws/install/xarm_msgs/include/xarm_msgs/xarm_msgs/msg/cio_state.hpp
[0.538s] -- Up-to-date symlink: /home/anatoly/ros2k_ws/install/xarm_msgs/include/xarm_msgs/xarm_msgs/msg/detail/cio_state__builder.hpp
[0.538s] -- Up-to-date symlink: /home/anatoly/ros2k_ws/install/xarm_msgs/include/xarm_msgs/xarm_msgs/msg/detail/cio_state__struct.hpp
[0.538s] -- Up-to-date symlink: /home/anatoly/ros2k_ws/install/xarm_msgs/include/xarm_msgs/xarm_msgs/msg/detail/cio_state__traits.hpp
[0.538s] -- Up-to-date symlink: /home/anatoly/ros2k_ws/install/xarm_msgs/include/xarm_msgs/xarm_msgs/msg/detail/cio_state__type_support.hpp
[0.538s] -- Up-to-date symlink: /home/anatoly/ros2k_ws/install/xarm_msgs/include/xarm_msgs/xarm_msgs/msg/detail/io_state__builder.hpp
[0.538s] -- Up-to-date symlink: /home/anatoly/ros2k_ws/install/xarm_msgs/include/xarm_msgs/xarm_msgs/msg/detail/io_state__struct.hpp
[0.539s] -- Up-to-date symlink: /home/anatoly/ros2k_ws/install/xarm_msgs/include/xarm_msgs/xarm_msgs/msg/detail/io_state__traits.hpp
[0.539s] -- Up-to-date symlink: /home/anatoly/ros2k_ws/install/xarm_msgs/include/xarm_msgs/xarm_msgs/msg/detail/io_state__type_support.hpp
[0.539s] -- Up-to-date symlink: /home/anatoly/ros2k_ws/install/xarm_msgs/include/xarm_msgs/xarm_msgs/msg/detail/move_velocity__builder.hpp
[0.539s] -- Up-to-date symlink: /home/anatoly/ros2k_ws/install/xarm_msgs/include/xarm_msgs/xarm_msgs/msg/detail/move_velocity__struct.hpp
[0.539s] -- Up-to-date symlink: /home/anatoly/ros2k_ws/install/xarm_msgs/include/xarm_msgs/xarm_msgs/msg/detail/move_velocity__traits.hpp
[0.539s] -- Up-to-date symlink: /home/anatoly/ros2k_ws/install/xarm_msgs/include/xarm_msgs/xarm_msgs/msg/detail/move_velocity__type_support.hpp
[0.539s] -- Up-to-date symlink: /home/anatoly/ros2k_ws/install/xarm_msgs/include/xarm_msgs/xarm_msgs/msg/detail/robot_msg__builder.hpp
[0.539s] -- Up-to-date symlink: /home/anatoly/ros2k_ws/install/xarm_msgs/include/xarm_msgs/xarm_msgs/msg/detail/robot_msg__struct.hpp
[0.539s] -- Up-to-date symlink: /home/anatoly/ros2k_ws/install/xarm_msgs/include/xarm_msgs/xarm_msgs/msg/detail/robot_msg__traits.hpp
[0.540s] -- Up-to-date symlink: /home/anatoly/ros2k_ws/install/xarm_msgs/include/xarm_msgs/xarm_msgs/msg/detail/robot_msg__type_support.hpp
[0.540s] -- Up-to-date symlink: /home/anatoly/ros2k_ws/install/xarm_msgs/include/xarm_msgs/xarm_msgs/msg/io_state.hpp
[0.540s] -- Up-to-date symlink: /home/anatoly/ros2k_ws/install/xarm_msgs/include/xarm_msgs/xarm_msgs/msg/move_velocity.hpp
[0.540s] -- Up-to-date symlink: /home/anatoly/ros2k_ws/install/xarm_msgs/include/xarm_msgs/xarm_msgs/msg/robot_msg.hpp
[0.540s] -- Up-to-date symlink: /home/anatoly/ros2k_ws/install/xarm_msgs/include/xarm_msgs/xarm_msgs/msg/rosidl_generator_cpp__visibility_control.hpp
[0.540s] -- Up-to-date symlink: /home/anatoly/ros2k_ws/install/xarm_msgs/include/xarm_msgs/xarm_msgs/srv/bio_gripper_ctrl.hpp
[0.540s] -- Up-to-date symlink: /home/anatoly/ros2k_ws/install/xarm_msgs/include/xarm_msgs/xarm_msgs/srv/bio_gripper_enable.hpp
[0.540s] -- Up-to-date symlink: /home/anatoly/ros2k_ws/install/xarm_msgs/include/xarm_msgs/xarm_msgs/srv/call.hpp
[0.540s] -- Up-to-date symlink: /home/anatoly/ros2k_ws/install/xarm_msgs/include/xarm_msgs/xarm_msgs/srv/detail/bio_gripper_ctrl__builder.hpp
[0.541s] -- Up-to-date symlink: /home/anatoly/ros2k_ws/install/xarm_msgs/include/xarm_msgs/xarm_msgs/srv/detail/bio_gripper_ctrl__struct.hpp
[0.541s] -- Up-to-date symlink: /home/anatoly/ros2k_ws/install/xarm_msgs/include/xarm_msgs/xarm_msgs/srv/detail/bio_gripper_ctrl__traits.hpp
[0.541s] -- Up-to-date symlink: /home/anatoly/ros2k_ws/install/xarm_msgs/include/xarm_msgs/xarm_msgs/srv/detail/bio_gripper_ctrl__type_support.hpp
[0.541s] -- Up-to-date symlink: /home/anatoly/ros2k_ws/install/xarm_msgs/include/xarm_msgs/xarm_msgs/srv/detail/bio_gripper_enable__builder.hpp
[0.541s] -- Up-to-date symlink: /home/anatoly/ros2k_ws/install/xarm_msgs/include/xarm_msgs/xarm_msgs/srv/detail/bio_gripper_enable__struct.hpp
[0.541s] -- Up-to-date symlink: /home/anatoly/ros2k_ws/install/xarm_msgs/include/xarm_msgs/xarm_msgs/srv/detail/bio_gripper_enable__traits.hpp
[0.541s] -- Up-to-date symlink: /home/anatoly/ros2k_ws/install/xarm_msgs/include/xarm_msgs/xarm_msgs/srv/detail/bio_gripper_enable__type_support.hpp
[0.541s] -- Up-to-date symlink: /home/anatoly/ros2k_ws/install/xarm_msgs/include/xarm_msgs/xarm_msgs/srv/detail/call__builder.hpp
[0.541s] -- Up-to-date symlink: /home/anatoly/ros2k_ws/install/xarm_msgs/include/xarm_msgs/xarm_msgs/srv/detail/call__struct.hpp
[0.541s] -- Up-to-date symlink: /home/anatoly/ros2k_ws/install/xarm_msgs/include/xarm_msgs/xarm_msgs/srv/detail/call__traits.hpp
[0.542s] -- Up-to-date symlink: /home/anatoly/ros2k_ws/install/xarm_msgs/include/xarm_msgs/xarm_msgs/srv/detail/call__type_support.hpp
[0.542s] -- Up-to-date symlink: /home/anatoly/ros2k_ws/install/xarm_msgs/include/xarm_msgs/xarm_msgs/srv/detail/ft_admittance_params__builder.hpp
[0.542s] -- Up-to-date symlink: /home/anatoly/ros2k_ws/install/xarm_msgs/include/xarm_msgs/xarm_msgs/srv/detail/ft_admittance_params__struct.hpp
[0.542s] -- Up-to-date symlink: /home/anatoly/ros2k_ws/install/xarm_msgs/include/xarm_msgs/xarm_msgs/srv/detail/ft_admittance_params__traits.hpp
[0.542s] -- Up-to-date symlink: /home/anatoly/ros2k_ws/install/xarm_msgs/include/xarm_msgs/xarm_msgs/srv/detail/ft_admittance_params__type_support.hpp
[0.542s] -- Up-to-date symlink: /home/anatoly/ros2k_ws/install/xarm_msgs/include/xarm_msgs/xarm_msgs/srv/detail/ft_cali_load__builder.hpp
[0.542s] -- Up-to-date symlink: /home/anatoly/ros2k_ws/install/xarm_msgs/include/xarm_msgs/xarm_msgs/srv/detail/ft_cali_load__struct.hpp
[0.542s] -- Up-to-date symlink: /home/anatoly/ros2k_ws/install/xarm_msgs/include/xarm_msgs/xarm_msgs/srv/detail/ft_cali_load__traits.hpp
[0.542s] -- Up-to-date symlink: /home/anatoly/ros2k_ws/install/xarm_msgs/include/xarm_msgs/xarm_msgs/srv/detail/ft_cali_load__type_support.hpp
[0.542s] -- Up-to-date symlink: /home/anatoly/ros2k_ws/install/xarm_msgs/include/xarm_msgs/xarm_msgs/srv/detail/ft_force_config__builder.hpp
[0.543s] -- Up-to-date symlink: /home/anatoly/ros2k_ws/install/xarm_msgs/include/xarm_msgs/xarm_msgs/srv/detail/ft_force_config__struct.hpp
[0.543s] -- Up-to-date symlink: /home/anatoly/ros2k_ws/install/xarm_msgs/include/xarm_msgs/xarm_msgs/srv/detail/ft_force_config__traits.hpp
[0.543s] -- Up-to-date symlink: /home/anatoly/ros2k_ws/install/xarm_msgs/include/xarm_msgs/xarm_msgs/srv/detail/ft_force_config__type_support.hpp
[0.543s] -- Up-to-date symlink: /home/anatoly/ros2k_ws/install/xarm_msgs/include/xarm_msgs/xarm_msgs/srv/detail/ft_force_params__builder.hpp
[0.543s] -- Up-to-date symlink: /home/anatoly/ros2k_ws/install/xarm_msgs/include/xarm_msgs/xarm_msgs/srv/detail/ft_force_params__struct.hpp
[0.543s] -- Up-to-date symlink: /home/anatoly/ros2k_ws/install/xarm_msgs/include/xarm_msgs/xarm_msgs/srv/detail/ft_force_params__traits.hpp
[0.543s] -- Up-to-date symlink: /home/anatoly/ros2k_ws/install/xarm_msgs/include/xarm_msgs/xarm_msgs/srv/detail/ft_force_params__type_support.hpp
[0.543s] -- Up-to-date symlink: /home/anatoly/ros2k_ws/install/xarm_msgs/include/xarm_msgs/xarm_msgs/srv/detail/ft_force_pid__builder.hpp
[0.543s] -- Up-to-date symlink: /home/anatoly/ros2k_ws/install/xarm_msgs/include/xarm_msgs/xarm_msgs/srv/detail/ft_force_pid__struct.hpp
[0.544s] -- Up-to-date symlink: /home/anatoly/ros2k_ws/install/xarm_msgs/include/xarm_msgs/xarm_msgs/srv/detail/ft_force_pid__traits.hpp
[0.544s] -- Up-to-date symlink: /home/anatoly/ros2k_ws/install/xarm_msgs/include/xarm_msgs/xarm_msgs/srv/detail/ft_force_pid__type_support.hpp
[0.544s] -- Up-to-date symlink: /home/anatoly/ros2k_ws/install/xarm_msgs/include/xarm_msgs/xarm_msgs/srv/detail/ft_impedance__builder.hpp
[0.544s] -- Up-to-date symlink: /home/anatoly/ros2k_ws/install/xarm_msgs/include/xarm_msgs/xarm_msgs/srv/detail/ft_impedance__struct.hpp
[0.544s] -- Up-to-date symlink: /home/anatoly/ros2k_ws/install/xarm_msgs/include/xarm_msgs/xarm_msgs/srv/detail/ft_impedance__traits.hpp
[0.544s] -- Up-to-date symlink: /home/anatoly/ros2k_ws/install/xarm_msgs/include/xarm_msgs/xarm_msgs/srv/detail/ft_impedance__type_support.hpp
[0.544s] -- Up-to-date symlink: /home/anatoly/ros2k_ws/install/xarm_msgs/include/xarm_msgs/xarm_msgs/srv/detail/get_analog_io__builder.hpp
[0.544s] -- Up-to-date symlink: /home/anatoly/ros2k_ws/install/xarm_msgs/include/xarm_msgs/xarm_msgs/srv/detail/get_analog_io__struct.hpp
[0.544s] -- Up-to-date symlink: /home/anatoly/ros2k_ws/install/xarm_msgs/include/xarm_msgs/xarm_msgs/srv/detail/get_analog_io__traits.hpp
[0.544s] -- Up-to-date symlink: /home/anatoly/ros2k_ws/install/xarm_msgs/include/xarm_msgs/xarm_msgs/srv/detail/get_analog_io__type_support.hpp
[0.545s] -- Up-to-date symlink: /home/anatoly/ros2k_ws/install/xarm_msgs/include/xarm_msgs/xarm_msgs/srv/detail/get_digital_io__builder.hpp
[0.545s] -- Up-to-date symlink: /home/anatoly/ros2k_ws/install/xarm_msgs/include/xarm_msgs/xarm_msgs/srv/detail/get_digital_io__struct.hpp
[0.545s] -- Up-to-date symlink: /home/anatoly/ros2k_ws/install/xarm_msgs/include/xarm_msgs/xarm_msgs/srv/detail/get_digital_io__traits.hpp
[0.545s] -- Up-to-date symlink: /home/anatoly/ros2k_ws/install/xarm_msgs/include/xarm_msgs/xarm_msgs/srv/detail/get_digital_io__type_support.hpp
[0.545s] -- Up-to-date symlink: /home/anatoly/ros2k_ws/install/xarm_msgs/include/xarm_msgs/xarm_msgs/srv/detail/get_float32__builder.hpp
[0.545s] -- Up-to-date symlink: /home/anatoly/ros2k_ws/install/xarm_msgs/include/xarm_msgs/xarm_msgs/srv/detail/get_float32__struct.hpp
[0.545s] -- Up-to-date symlink: /home/anatoly/ros2k_ws/install/xarm_msgs/include/xarm_msgs/xarm_msgs/srv/detail/get_float32__traits.hpp
[0.545s] -- Up-to-date symlink: /home/anatoly/ros2k_ws/install/xarm_msgs/include/xarm_msgs/xarm_msgs/srv/detail/get_float32__type_support.hpp
[0.545s] -- Up-to-date symlink: /home/anatoly/ros2k_ws/install/xarm_msgs/include/xarm_msgs/xarm_msgs/srv/detail/get_float32_list__builder.hpp
[0.546s] -- Up-to-date symlink: /home/anatoly/ros2k_ws/install/xarm_msgs/include/xarm_msgs/xarm_msgs/srv/detail/get_float32_list__struct.hpp
[0.546s] -- Up-to-date symlink: /home/anatoly/ros2k_ws/install/xarm_msgs/include/xarm_msgs/xarm_msgs/srv/detail/get_float32_list__traits.hpp
[0.546s] -- Up-to-date symlink: /home/anatoly/ros2k_ws/install/xarm_msgs/include/xarm_msgs/xarm_msgs/srv/detail/get_float32_list__type_support.hpp
[0.546s] -- Up-to-date symlink: /home/anatoly/ros2k_ws/install/xarm_msgs/include/xarm_msgs/xarm_msgs/srv/detail/get_int16__builder.hpp
[0.546s] -- Up-to-date symlink: /home/anatoly/ros2k_ws/install/xarm_msgs/include/xarm_msgs/xarm_msgs/srv/detail/get_int16__struct.hpp
[0.546s] -- Up-to-date symlink: /home/anatoly/ros2k_ws/install/xarm_msgs/include/xarm_msgs/xarm_msgs/srv/detail/get_int16__traits.hpp
[0.546s] -- Up-to-date symlink: /home/anatoly/ros2k_ws/install/xarm_msgs/include/xarm_msgs/xarm_msgs/srv/detail/get_int16__type_support.hpp
[0.546s] -- Up-to-date symlink: /home/anatoly/ros2k_ws/install/xarm_msgs/include/xarm_msgs/xarm_msgs/srv/detail/get_int16_list__builder.hpp
[0.546s] -- Up-to-date symlink: /home/anatoly/ros2k_ws/install/xarm_msgs/include/xarm_msgs/xarm_msgs/srv/detail/get_int16_list__struct.hpp
[0.547s] -- Up-to-date symlink: /home/anatoly/ros2k_ws/install/xarm_msgs/include/xarm_msgs/xarm_msgs/srv/detail/get_int16_list__traits.hpp
[0.547s] -- Up-to-date symlink: /home/anatoly/ros2k_ws/install/xarm_msgs/include/xarm_msgs/xarm_msgs/srv/detail/get_int16_list__type_support.hpp
[0.547s] -- Up-to-date symlink: /home/anatoly/ros2k_ws/install/xarm_msgs/include/xarm_msgs/xarm_msgs/srv/detail/get_int32__builder.hpp
[0.547s] -- Up-to-date symlink: /home/anatoly/ros2k_ws/install/xarm_msgs/include/xarm_msgs/xarm_msgs/srv/detail/get_int32__struct.hpp
[0.547s] -- Up-to-date symlink: /home/anatoly/ros2k_ws/install/xarm_msgs/include/xarm_msgs/xarm_msgs/srv/detail/get_int32__traits.hpp
[0.547s] -- Up-to-date symlink: /home/anatoly/ros2k_ws/install/xarm_msgs/include/xarm_msgs/xarm_msgs/srv/detail/get_int32__type_support.hpp
[0.547s] -- Up-to-date symlink: /home/anatoly/ros2k_ws/install/xarm_msgs/include/xarm_msgs/xarm_msgs/srv/detail/get_int32_by_type__builder.hpp
[0.547s] -- Up-to-date symlink: /home/anatoly/ros2k_ws/install/xarm_msgs/include/xarm_msgs/xarm_msgs/srv/detail/get_int32_by_type__struct.hpp
[0.548s] -- Up-to-date symlink: /home/anatoly/ros2k_ws/install/xarm_msgs/include/xarm_msgs/xarm_msgs/srv/detail/get_int32_by_type__traits.hpp
[0.548s] -- Up-to-date symlink: /home/anatoly/ros2k_ws/install/xarm_msgs/include/xarm_msgs/xarm_msgs/srv/detail/get_int32_by_type__type_support.hpp
[0.548s] -- Up-to-date symlink: /home/anatoly/ros2k_ws/install/xarm_msgs/include/xarm_msgs/xarm_msgs/srv/detail/get_set_modbus_data__builder.hpp
[0.548s] -- Up-to-date symlink: /home/anatoly/ros2k_ws/install/xarm_msgs/include/xarm_msgs/xarm_msgs/srv/detail/get_set_modbus_data__struct.hpp
[0.548s] -- Up-to-date symlink: /home/anatoly/ros2k_ws/install/xarm_msgs/include/xarm_msgs/xarm_msgs/srv/detail/get_set_modbus_data__traits.hpp
[0.548s] -- Up-to-date symlink: /home/anatoly/ros2k_ws/install/xarm_msgs/include/xarm_msgs/xarm_msgs/srv/detail/get_set_modbus_data__type_support.hpp
[0.548s] -- Up-to-date symlink: /home/anatoly/ros2k_ws/install/xarm_msgs/include/xarm_msgs/xarm_msgs/srv/detail/gripper_move__builder.hpp
[0.548s] -- Up-to-date symlink: /home/anatoly/ros2k_ws/install/xarm_msgs/include/xarm_msgs/xarm_msgs/srv/detail/gripper_move__struct.hpp
[0.548s] -- Up-to-date symlink: /home/anatoly/ros2k_ws/install/xarm_msgs/include/xarm_msgs/xarm_msgs/srv/detail/gripper_move__traits.hpp
[0.549s] -- Up-to-date symlink: /home/anatoly/ros2k_ws/install/xarm_msgs/include/xarm_msgs/xarm_msgs/srv/detail/gripper_move__type_support.hpp
[0.549s] -- Up-to-date symlink: /home/anatoly/ros2k_ws/install/xarm_msgs/include/xarm_msgs/xarm_msgs/srv/detail/iden_load__builder.hpp
[0.549s] -- Up-to-date symlink: /home/anatoly/ros2k_ws/install/xarm_msgs/include/xarm_msgs/xarm_msgs/srv/detail/iden_load__struct.hpp
[0.549s] -- Up-to-date symlink: /home/anatoly/ros2k_ws/install/xarm_msgs/include/xarm_msgs/xarm_msgs/srv/detail/iden_load__traits.hpp
[0.549s] -- Up-to-date symlink: /home/anatoly/ros2k_ws/install/xarm_msgs/include/xarm_msgs/xarm_msgs/srv/detail/iden_load__type_support.hpp
[0.549s] -- Up-to-date symlink: /home/anatoly/ros2k_ws/install/xarm_msgs/include/xarm_msgs/xarm_msgs/srv/detail/linear_motor_back_origin__builder.hpp
[0.549s] -- Up-to-date symlink: /home/anatoly/ros2k_ws/install/xarm_msgs/include/xarm_msgs/xarm_msgs/srv/detail/linear_motor_back_origin__struct.hpp
[0.549s] -- Up-to-date symlink: /home/anatoly/ros2k_ws/install/xarm_msgs/include/xarm_msgs/xarm_msgs/srv/detail/linear_motor_back_origin__traits.hpp
[0.550s] -- Up-to-date symlink: /home/anatoly/ros2k_ws/install/xarm_msgs/include/xarm_msgs/xarm_msgs/srv/detail/linear_motor_back_origin__type_support.hpp
[0.550s] -- Up-to-date symlink: /home/anatoly/ros2k_ws/install/xarm_msgs/include/xarm_msgs/xarm_msgs/srv/detail/linear_motor_set_pos__builder.hpp
[0.550s] -- Up-to-date symlink: /home/anatoly/ros2k_ws/install/xarm_msgs/include/xarm_msgs/xarm_msgs/srv/detail/linear_motor_set_pos__struct.hpp
[0.550s] -- Up-to-date symlink: /home/anatoly/ros2k_ws/install/xarm_msgs/include/xarm_msgs/xarm_msgs/srv/detail/linear_motor_set_pos__traits.hpp
[0.550s] -- Up-to-date symlink: /home/anatoly/ros2k_ws/install/xarm_msgs/include/xarm_msgs/xarm_msgs/srv/detail/linear_motor_set_pos__type_support.hpp
[0.550s] -- Up-to-date symlink: /home/anatoly/ros2k_ws/install/xarm_msgs/include/xarm_msgs/xarm_msgs/srv/detail/linear_track_back_origin__builder.hpp
[0.550s] -- Up-to-date symlink: /home/anatoly/ros2k_ws/install/xarm_msgs/include/xarm_msgs/xarm_msgs/srv/detail/linear_track_back_origin__struct.hpp
[0.550s] -- Up-to-date symlink: /home/anatoly/ros2k_ws/install/xarm_msgs/include/xarm_msgs/xarm_msgs/srv/detail/linear_track_back_origin__traits.hpp
[0.551s] -- Up-to-date symlink: /home/anatoly/ros2k_ws/install/xarm_msgs/include/xarm_msgs/xarm_msgs/srv/detail/linear_track_back_origin__type_support.hpp
[0.551s] -- Up-to-date symlink: /home/anatoly/ros2k_ws/install/xarm_msgs/include/xarm_msgs/xarm_msgs/srv/detail/linear_track_set_pos__builder.hpp
[0.551s] -- Up-to-date symlink: /home/anatoly/ros2k_ws/install/xarm_msgs/include/xarm_msgs/xarm_msgs/srv/detail/linear_track_set_pos__struct.hpp
[0.551s] -- Up-to-date symlink: /home/anatoly/ros2k_ws/install/xarm_msgs/include/xarm_msgs/xarm_msgs/srv/detail/linear_track_set_pos__traits.hpp
[0.551s] -- Up-to-date symlink: /home/anatoly/ros2k_ws/install/xarm_msgs/include/xarm_msgs/xarm_msgs/srv/detail/linear_track_set_pos__type_support.hpp
[0.551s] -- Up-to-date symlink: /home/anatoly/ros2k_ws/install/xarm_msgs/include/xarm_msgs/xarm_msgs/srv/detail/move_cartesian__builder.hpp
[0.551s] -- Up-to-date symlink: /home/anatoly/ros2k_ws/install/xarm_msgs/include/xarm_msgs/xarm_msgs/srv/detail/move_cartesian__struct.hpp
[0.551s] -- Up-to-date symlink: /home/anatoly/ros2k_ws/install/xarm_msgs/include/xarm_msgs/xarm_msgs/srv/detail/move_cartesian__traits.hpp
[0.552s] -- Up-to-date symlink: /home/anatoly/ros2k_ws/install/xarm_msgs/include/xarm_msgs/xarm_msgs/srv/detail/move_cartesian__type_support.hpp
[0.552s] -- Up-to-date symlink: /home/anatoly/ros2k_ws/install/xarm_msgs/include/xarm_msgs/xarm_msgs/srv/detail/move_circle__builder.hpp
[0.552s] -- Up-to-date symlink: /home/anatoly/ros2k_ws/install/xarm_msgs/include/xarm_msgs/xarm_msgs/srv/detail/move_circle__struct.hpp
[0.552s] -- Up-to-date symlink: /home/anatoly/ros2k_ws/install/xarm_msgs/include/xarm_msgs/xarm_msgs/srv/detail/move_circle__traits.hpp
[0.552s] -- Up-to-date symlink: /home/anatoly/ros2k_ws/install/xarm_msgs/include/xarm_msgs/xarm_msgs/srv/detail/move_circle__type_support.hpp
[0.552s] -- Up-to-date symlink: /home/anatoly/ros2k_ws/install/xarm_msgs/include/xarm_msgs/xarm_msgs/srv/detail/move_home__builder.hpp
[0.552s] -- Up-to-date symlink: /home/anatoly/ros2k_ws/install/xarm_msgs/include/xarm_msgs/xarm_msgs/srv/detail/move_home__struct.hpp
[0.552s] -- Up-to-date symlink: /home/anatoly/ros2k_ws/install/xarm_msgs/include/xarm_msgs/xarm_msgs/srv/detail/move_home__traits.hpp
[0.553s] -- Up-to-date symlink: /home/anatoly/ros2k_ws/install/xarm_msgs/include/xarm_msgs/xarm_msgs/srv/detail/move_home__type_support.hpp
[0.553s] -- Up-to-date symlink: /home/anatoly/ros2k_ws/install/xarm_msgs/include/xarm_msgs/xarm_msgs/srv/detail/move_joint__builder.hpp
[0.553s] -- Up-to-date symlink: /home/anatoly/ros2k_ws/install/xarm_msgs/include/xarm_msgs/xarm_msgs/srv/detail/move_joint__struct.hpp
[0.553s] -- Up-to-date symlink: /home/anatoly/ros2k_ws/install/xarm_msgs/include/xarm_msgs/xarm_msgs/srv/detail/move_joint__traits.hpp
[0.553s] -- Up-to-date symlink: /home/anatoly/ros2k_ws/install/xarm_msgs/include/xarm_msgs/xarm_msgs/srv/detail/move_joint__type_support.hpp
[0.553s] -- Up-to-date symlink: /home/anatoly/ros2k_ws/install/xarm_msgs/include/xarm_msgs/xarm_msgs/srv/detail/move_velocity__builder.hpp
[0.553s] -- Up-to-date symlink: /home/anatoly/ros2k_ws/install/xarm_msgs/include/xarm_msgs/xarm_msgs/srv/detail/move_velocity__struct.hpp
[0.553s] -- Up-to-date symlink: /home/anatoly/ros2k_ws/install/xarm_msgs/include/xarm_msgs/xarm_msgs/srv/detail/move_velocity__traits.hpp
[0.554s] -- Up-to-date symlink: /home/anatoly/ros2k_ws/install/xarm_msgs/include/xarm_msgs/xarm_msgs/srv/detail/move_velocity__type_support.hpp
[0.554s] -- Up-to-date symlink: /home/anatoly/ros2k_ws/install/xarm_msgs/include/xarm_msgs/xarm_msgs/srv/detail/plan_exec__builder.hpp
[0.554s] -- Up-to-date symlink: /home/anatoly/ros2k_ws/install/xarm_msgs/include/xarm_msgs/xarm_msgs/srv/detail/plan_exec__struct.hpp
[0.554s] -- Up-to-date symlink: /home/anatoly/ros2k_ws/install/xarm_msgs/include/xarm_msgs/xarm_msgs/srv/detail/plan_exec__traits.hpp
[0.554s] -- Up-to-date symlink: /home/anatoly/ros2k_ws/install/xarm_msgs/include/xarm_msgs/xarm_msgs/srv/detail/plan_exec__type_support.hpp
[0.554s] -- Up-to-date symlink: /home/anatoly/ros2k_ws/install/xarm_msgs/include/xarm_msgs/xarm_msgs/srv/detail/plan_joint__builder.hpp
[0.554s] -- Up-to-date symlink: /home/anatoly/ros2k_ws/install/xarm_msgs/include/xarm_msgs/xarm_msgs/srv/detail/plan_joint__struct.hpp
[0.555s] -- Up-to-date symlink: /home/anatoly/ros2k_ws/install/xarm_msgs/include/xarm_msgs/xarm_msgs/srv/detail/plan_joint__traits.hpp
[0.555s] -- Up-to-date symlink: /home/anatoly/ros2k_ws/install/xarm_msgs/include/xarm_msgs/xarm_msgs/srv/detail/plan_joint__type_support.hpp
[0.555s] -- Up-to-date symlink: /home/anatoly/ros2k_ws/install/xarm_msgs/include/xarm_msgs/xarm_msgs/srv/detail/plan_pose__builder.hpp
[0.555s] -- Up-to-date symlink: /home/anatoly/ros2k_ws/install/xarm_msgs/include/xarm_msgs/xarm_msgs/srv/detail/plan_pose__struct.hpp
[0.555s] -- Up-to-date symlink: /home/anatoly/ros2k_ws/install/xarm_msgs/include/xarm_msgs/xarm_msgs/srv/detail/plan_pose__traits.hpp
[0.555s] -- Up-to-date symlink: /home/anatoly/ros2k_ws/install/xarm_msgs/include/xarm_msgs/xarm_msgs/srv/detail/plan_pose__type_support.hpp
[0.555s] -- Up-to-date symlink: /home/anatoly/ros2k_ws/install/xarm_msgs/include/xarm_msgs/xarm_msgs/srv/detail/plan_single_straight__builder.hpp
[0.555s] -- Up-to-date symlink: /home/anatoly/ros2k_ws/install/xarm_msgs/include/xarm_msgs/xarm_msgs/srv/detail/plan_single_straight__struct.hpp
[0.555s] -- Up-to-date symlink: /home/anatoly/ros2k_ws/install/xarm_msgs/include/xarm_msgs/xarm_msgs/srv/detail/plan_single_straight__traits.hpp
[0.556s] -- Up-to-date symlink: /home/anatoly/ros2k_ws/install/xarm_msgs/include/xarm_msgs/xarm_msgs/srv/detail/plan_single_straight__type_support.hpp
[0.556s] -- Up-to-date symlink: /home/anatoly/ros2k_ws/install/xarm_msgs/include/xarm_msgs/xarm_msgs/srv/detail/robotiq_activate__builder.hpp
[0.556s] -- Up-to-date symlink: /home/anatoly/ros2k_ws/install/xarm_msgs/include/xarm_msgs/xarm_msgs/srv/detail/robotiq_activate__struct.hpp
[0.556s] -- Up-to-date symlink: /home/anatoly/ros2k_ws/install/xarm_msgs/include/xarm_msgs/xarm_msgs/srv/detail/robotiq_activate__traits.hpp
[0.556s] -- Up-to-date symlink: /home/anatoly/ros2k_ws/install/xarm_msgs/include/xarm_msgs/xarm_msgs/srv/detail/robotiq_activate__type_support.hpp
[0.556s] -- Up-to-date symlink: /home/anatoly/ros2k_ws/install/xarm_msgs/include/xarm_msgs/xarm_msgs/srv/detail/robotiq_get_status__builder.hpp
[0.556s] -- Up-to-date symlink: /home/anatoly/ros2k_ws/install/xarm_msgs/include/xarm_msgs/xarm_msgs/srv/detail/robotiq_get_status__struct.hpp
[0.556s] -- Up-to-date symlink: /home/anatoly/ros2k_ws/install/xarm_msgs/include/xarm_msgs/xarm_msgs/srv/detail/robotiq_get_status__traits.hpp
[0.557s] -- Up-to-date symlink: /home/anatoly/ros2k_ws/install/xarm_msgs/include/xarm_msgs/xarm_msgs/srv/detail/robotiq_get_status__type_support.hpp
[0.557s] -- Up-to-date symlink: /home/anatoly/ros2k_ws/install/xarm_msgs/include/xarm_msgs/xarm_msgs/srv/detail/robotiq_move__builder.hpp
[0.557s] -- Up-to-date symlink: /home/anatoly/ros2k_ws/install/xarm_msgs/include/xarm_msgs/xarm_msgs/srv/detail/robotiq_move__struct.hpp
[0.557s] -- Up-to-date symlink: /home/anatoly/ros2k_ws/install/xarm_msgs/include/xarm_msgs/xarm_msgs/srv/detail/robotiq_move__traits.hpp
[0.557s] -- Up-to-date symlink: /home/anatoly/ros2k_ws/install/xarm_msgs/include/xarm_msgs/xarm_msgs/srv/detail/robotiq_move__type_support.hpp
[0.557s] -- Up-to-date symlink: /home/anatoly/ros2k_ws/install/xarm_msgs/include/xarm_msgs/xarm_msgs/srv/detail/robotiq_reset__builder.hpp
[0.557s] -- Up-to-date symlink: /home/anatoly/ros2k_ws/install/xarm_msgs/include/xarm_msgs/xarm_msgs/srv/detail/robotiq_reset__struct.hpp
[0.557s] -- Up-to-date symlink: /home/anatoly/ros2k_ws/install/xarm_msgs/include/xarm_msgs/xarm_msgs/srv/detail/robotiq_reset__traits.hpp
[0.557s] -- Up-to-date symlink: /home/anatoly/ros2k_ws/install/xarm_msgs/include/xarm_msgs/xarm_msgs/srv/detail/robotiq_reset__type_support.hpp
[0.558s] -- Up-to-date symlink: /home/anatoly/ros2k_ws/install/xarm_msgs/include/xarm_msgs/xarm_msgs/srv/detail/set_analog_io__builder.hpp
[0.558s] -- Up-to-date symlink: /home/anatoly/ros2k_ws/install/xarm_msgs/include/xarm_msgs/xarm_msgs/srv/detail/set_analog_io__struct.hpp
[0.558s] -- Up-to-date symlink: /home/anatoly/ros2k_ws/install/xarm_msgs/include/xarm_msgs/xarm_msgs/srv/detail/set_analog_io__traits.hpp
[0.558s] -- Up-to-date symlink: /home/anatoly/ros2k_ws/install/xarm_msgs/include/xarm_msgs/xarm_msgs/srv/detail/set_analog_io__type_support.hpp
[0.558s] -- Up-to-date symlink: /home/anatoly/ros2k_ws/install/xarm_msgs/include/xarm_msgs/xarm_msgs/srv/detail/set_digital_io__builder.hpp
[0.558s] -- Up-to-date symlink: /home/anatoly/ros2k_ws/install/xarm_msgs/include/xarm_msgs/xarm_msgs/srv/detail/set_digital_io__struct.hpp
[0.558s] -- Up-to-date symlink: /home/anatoly/ros2k_ws/install/xarm_msgs/include/xarm_msgs/xarm_msgs/srv/detail/set_digital_io__traits.hpp
[0.558s] -- Up-to-date symlink: /home/anatoly/ros2k_ws/install/xarm_msgs/include/xarm_msgs/xarm_msgs/srv/detail/set_digital_io__type_support.hpp
[0.559s] -- Up-to-date symlink: /home/anatoly/ros2k_ws/install/xarm_msgs/include/xarm_msgs/xarm_msgs/srv/detail/set_float32__builder.hpp
[0.559s] -- Up-to-date symlink: /home/anatoly/ros2k_ws/install/xarm_msgs/include/xarm_msgs/xarm_msgs/srv/detail/set_float32__struct.hpp
[0.559s] -- Up-to-date symlink: /home/anatoly/ros2k_ws/install/xarm_msgs/include/xarm_msgs/xarm_msgs/srv/detail/set_float32__traits.hpp
[0.559s] -- Up-to-date symlink: /home/anatoly/ros2k_ws/install/xarm_msgs/include/xarm_msgs/xarm_msgs/srv/detail/set_float32__type_support.hpp
[0.559s] -- Up-to-date symlink: /home/anatoly/ros2k_ws/install/xarm_msgs/include/xarm_msgs/xarm_msgs/srv/detail/set_float32_list__builder.hpp
[0.559s] -- Up-to-date symlink: /home/anatoly/ros2k_ws/install/xarm_msgs/include/xarm_msgs/xarm_msgs/srv/detail/set_float32_list__struct.hpp
[0.559s] -- Up-to-date symlink: /home/anatoly/ros2k_ws/install/xarm_msgs/include/xarm_msgs/xarm_msgs/srv/detail/set_float32_list__traits.hpp
[0.559s] -- Up-to-date symlink: /home/anatoly/ros2k_ws/install/xarm_msgs/include/xarm_msgs/xarm_msgs/srv/detail/set_float32_list__type_support.hpp
[0.560s] -- Up-to-date symlink: /home/anatoly/ros2k_ws/install/xarm_msgs/include/xarm_msgs/xarm_msgs/srv/detail/set_int16__builder.hpp
[0.560s] -- Up-to-date symlink: /home/anatoly/ros2k_ws/install/xarm_msgs/include/xarm_msgs/xarm_msgs/srv/detail/set_int16__struct.hpp
[0.560s] -- Up-to-date symlink: /home/anatoly/ros2k_ws/install/xarm_msgs/include/xarm_msgs/xarm_msgs/srv/detail/set_int16__traits.hpp
[0.560s] -- Up-to-date symlink: /home/anatoly/ros2k_ws/install/xarm_msgs/include/xarm_msgs/xarm_msgs/srv/detail/set_int16__type_support.hpp
[0.560s] -- Up-to-date symlink: /home/anatoly/ros2k_ws/install/xarm_msgs/include/xarm_msgs/xarm_msgs/srv/detail/set_int16_by_id__builder.hpp
[0.560s] -- Up-to-date symlink: /home/anatoly/ros2k_ws/install/xarm_msgs/include/xarm_msgs/xarm_msgs/srv/detail/set_int16_by_id__struct.hpp
[0.560s] -- Up-to-date symlink: /home/anatoly/ros2k_ws/install/xarm_msgs/include/xarm_msgs/xarm_msgs/srv/detail/set_int16_by_id__traits.hpp
[0.560s] -- Up-to-date symlink: /home/anatoly/ros2k_ws/install/xarm_msgs/include/xarm_msgs/xarm_msgs/srv/detail/set_int16_by_id__type_support.hpp
[0.560s] -- Up-to-date symlink: /home/anatoly/ros2k_ws/install/xarm_msgs/include/xarm_msgs/xarm_msgs/srv/detail/set_int16_list__builder.hpp
[0.561s] -- Up-to-date symlink: /home/anatoly/ros2k_ws/install/xarm_msgs/include/xarm_msgs/xarm_msgs/srv/detail/set_int16_list__struct.hpp
[0.561s] -- Up-to-date symlink: /home/anatoly/ros2k_ws/install/xarm_msgs/include/xarm_msgs/xarm_msgs/srv/detail/set_int16_list__traits.hpp
[0.561s] -- Up-to-date symlink: /home/anatoly/ros2k_ws/install/xarm_msgs/include/xarm_msgs/xarm_msgs/srv/detail/set_int16_list__type_support.hpp
[0.561s] -- Up-to-date symlink: /home/anatoly/ros2k_ws/install/xarm_msgs/include/xarm_msgs/xarm_msgs/srv/detail/set_int32__builder.hpp
[0.561s] -- Up-to-date symlink: /home/anatoly/ros2k_ws/install/xarm_msgs/include/xarm_msgs/xarm_msgs/srv/detail/set_int32__struct.hpp
[0.561s] -- Up-to-date symlink: /home/anatoly/ros2k_ws/install/xarm_msgs/include/xarm_msgs/xarm_msgs/srv/detail/set_int32__traits.hpp
[0.561s] -- Up-to-date symlink: /home/anatoly/ros2k_ws/install/xarm_msgs/include/xarm_msgs/xarm_msgs/srv/detail/set_int32__type_support.hpp
[0.561s] -- Up-to-date symlink: /home/anatoly/ros2k_ws/install/xarm_msgs/include/xarm_msgs/xarm_msgs/srv/detail/set_int32_by_type__builder.hpp
[0.562s] -- Up-to-date symlink: /home/anatoly/ros2k_ws/install/xarm_msgs/include/xarm_msgs/xarm_msgs/srv/detail/set_int32_by_type__struct.hpp
[0.562s] -- Up-to-date symlink: /home/anatoly/ros2k_ws/install/xarm_msgs/include/xarm_msgs/xarm_msgs/srv/detail/set_int32_by_type__traits.hpp
[0.562s] -- Up-to-date symlink: /home/anatoly/ros2k_ws/install/xarm_msgs/include/xarm_msgs/xarm_msgs/srv/detail/set_int32_by_type__type_support.hpp
[0.562s] -- Up-to-date symlink: /home/anatoly/ros2k_ws/install/xarm_msgs/include/xarm_msgs/xarm_msgs/srv/detail/set_modbus_timeout__builder.hpp
[0.562s] -- Up-to-date symlink: /home/anatoly/ros2k_ws/install/xarm_msgs/include/xarm_msgs/xarm_msgs/srv/detail/set_modbus_timeout__struct.hpp
[0.562s] -- Up-to-date symlink: /home/anatoly/ros2k_ws/install/xarm_msgs/include/xarm_msgs/xarm_msgs/srv/detail/set_modbus_timeout__traits.hpp
[0.562s] -- Up-to-date symlink: /home/anatoly/ros2k_ws/install/xarm_msgs/include/xarm_msgs/xarm_msgs/srv/detail/set_modbus_timeout__type_support.hpp
[0.562s] -- Up-to-date symlink: /home/anatoly/ros2k_ws/install/xarm_msgs/include/xarm_msgs/xarm_msgs/srv/detail/set_tcp_load__builder.hpp
[0.563s] -- Up-to-date symlink: /home/anatoly/ros2k_ws/install/xarm_msgs/include/xarm_msgs/xarm_msgs/srv/detail/set_tcp_load__struct.hpp
[0.563s] -- Up-to-date symlink: /home/anatoly/ros2k_ws/install/xarm_msgs/include/xarm_msgs/xarm_msgs/srv/detail/set_tcp_load__traits.hpp
[0.563s] -- Up-to-date symlink: /home/anatoly/ros2k_ws/install/xarm_msgs/include/xarm_msgs/xarm_msgs/srv/detail/set_tcp_load__type_support.hpp
[0.563s] -- Up-to-date symlink: /home/anatoly/ros2k_ws/install/xarm_msgs/include/xarm_msgs/xarm_msgs/srv/detail/traj_ctrl__builder.hpp
[0.563s] -- Up-to-date symlink: /home/anatoly/ros2k_ws/install/xarm_msgs/include/xarm_msgs/xarm_msgs/srv/detail/traj_ctrl__struct.hpp
[0.563s] -- Up-to-date symlink: /home/anatoly/ros2k_ws/install/xarm_msgs/include/xarm_msgs/xarm_msgs/srv/detail/traj_ctrl__traits.hpp
[0.563s] -- Up-to-date symlink: /home/anatoly/ros2k_ws/install/xarm_msgs/include/xarm_msgs/xarm_msgs/srv/detail/traj_ctrl__type_support.hpp
[0.563s] -- Up-to-date symlink: /home/anatoly/ros2k_ws/install/xarm_msgs/include/xarm_msgs/xarm_msgs/srv/detail/traj_play__builder.hpp
[0.564s] -- Up-to-date symlink: /home/anatoly/ros2k_ws/install/xarm_msgs/include/xarm_msgs/xarm_msgs/srv/detail/traj_play__struct.hpp
[0.564s] -- Up-to-date symlink: /home/anatoly/ros2k_ws/install/xarm_msgs/include/xarm_msgs/xarm_msgs/srv/detail/traj_play__traits.hpp
[0.564s] -- Up-to-date symlink: /home/anatoly/ros2k_ws/install/xarm_msgs/include/xarm_msgs/xarm_msgs/srv/detail/traj_play__type_support.hpp
[0.564s] -- Up-to-date symlink: /home/anatoly/ros2k_ws/install/xarm_msgs/include/xarm_msgs/xarm_msgs/srv/detail/vacuum_gripper_ctrl__builder.hpp
[0.564s] -- Up-to-date symlink: /home/anatoly/ros2k_ws/install/xarm_msgs/include/xarm_msgs/xarm_msgs/srv/detail/vacuum_gripper_ctrl__struct.hpp
[0.564s] -- Up-to-date symlink: /home/anatoly/ros2k_ws/install/xarm_msgs/include/xarm_msgs/xarm_msgs/srv/detail/vacuum_gripper_ctrl__traits.hpp
[0.564s] -- Up-to-date symlink: /home/anatoly/ros2k_ws/install/xarm_msgs/include/xarm_msgs/xarm_msgs/srv/detail/vacuum_gripper_ctrl__type_support.hpp
[0.564s] -- Up-to-date symlink: /home/anatoly/ros2k_ws/install/xarm_msgs/include/xarm_msgs/xarm_msgs/srv/ft_admittance_params.hpp
[0.565s] -- Up-to-date symlink: /home/anatoly/ros2k_ws/install/xarm_msgs/include/xarm_msgs/xarm_msgs/srv/ft_cali_load.hpp
[0.565s] -- Up-to-date symlink: /home/anatoly/ros2k_ws/install/xarm_msgs/include/xarm_msgs/xarm_msgs/srv/ft_force_config.hpp
[0.565s] -- Up-to-date symlink: /home/anatoly/ros2k_ws/install/xarm_msgs/include/xarm_msgs/xarm_msgs/srv/ft_force_params.hpp
[0.565s] -- Up-to-date symlink: /home/anatoly/ros2k_ws/install/xarm_msgs/include/xarm_msgs/xarm_msgs/srv/ft_force_pid.hpp
[0.565s] -- Up-to-date symlink: /home/anatoly/ros2k_ws/install/xarm_msgs/include/xarm_msgs/xarm_msgs/srv/ft_impedance.hpp
[0.565s] -- Up-to-date symlink: /home/anatoly/ros2k_ws/install/xarm_msgs/include/xarm_msgs/xarm_msgs/srv/get_analog_io.hpp
[0.565s] -- Up-to-date symlink: /home/anatoly/ros2k_ws/install/xarm_msgs/include/xarm_msgs/xarm_msgs/srv/get_digital_io.hpp
[0.566s] -- Up-to-date symlink: /home/anatoly/ros2k_ws/install/xarm_msgs/include/xarm_msgs/xarm_msgs/srv/get_float32.hpp
[0.566s] -- Up-to-date symlink: /home/anatoly/ros2k_ws/install/xarm_msgs/include/xarm_msgs/xarm_msgs/srv/get_float32_list.hpp
[0.566s] -- Up-to-date symlink: /home/anatoly/ros2k_ws/install/xarm_msgs/include/xarm_msgs/xarm_msgs/srv/get_int16.hpp
[0.566s] -- Up-to-date symlink: /home/anatoly/ros2k_ws/install/xarm_msgs/include/xarm_msgs/xarm_msgs/srv/get_int16_list.hpp
[0.566s] -- Up-to-date symlink: /home/anatoly/ros2k_ws/install/xarm_msgs/include/xarm_msgs/xarm_msgs/srv/get_int32.hpp
[0.566s] -- Up-to-date symlink: /home/anatoly/ros2k_ws/install/xarm_msgs/include/xarm_msgs/xarm_msgs/srv/get_int32_by_type.hpp
[0.566s] -- Up-to-date symlink: /home/anatoly/ros2k_ws/install/xarm_msgs/include/xarm_msgs/xarm_msgs/srv/get_set_modbus_data.hpp
[0.567s] -- Up-to-date symlink: /home/anatoly/ros2k_ws/install/xarm_msgs/include/xarm_msgs/xarm_msgs/srv/gripper_move.hpp
[0.567s] -- Up-to-date symlink: /home/anatoly/ros2k_ws/install/xarm_msgs/include/xarm_msgs/xarm_msgs/srv/iden_load.hpp
[0.567s] -- Up-to-date symlink: /home/anatoly/ros2k_ws/install/xarm_msgs/include/xarm_msgs/xarm_msgs/srv/linear_motor_back_origin.hpp
[0.567s] -- Up-to-date symlink: /home/anatoly/ros2k_ws/install/xarm_msgs/include/xarm_msgs/xarm_msgs/srv/linear_motor_set_pos.hpp
[0.567s] -- Up-to-date symlink: /home/anatoly/ros2k_ws/install/xarm_msgs/include/xarm_msgs/xarm_msgs/srv/linear_track_back_origin.hpp
[0.567s] -- Up-to-date symlink: /home/anatoly/ros2k_ws/install/xarm_msgs/include/xarm_msgs/xarm_msgs/srv/linear_track_set_pos.hpp
[0.567s] -- Up-to-date symlink: /home/anatoly/ros2k_ws/install/xarm_msgs/include/xarm_msgs/xarm_msgs/srv/move_cartesian.hpp
[0.567s] -- Up-to-date symlink: /home/anatoly/ros2k_ws/install/xarm_msgs/include/xarm_msgs/xarm_msgs/srv/move_circle.hpp
[0.568s] -- Up-to-date symlink: /home/anatoly/ros2k_ws/install/xarm_msgs/include/xarm_msgs/xarm_msgs/srv/move_home.hpp
[0.568s] -- Up-to-date symlink: /home/anatoly/ros2k_ws/install/xarm_msgs/include/xarm_msgs/xarm_msgs/srv/move_joint.hpp
[0.568s] -- Up-to-date symlink: /home/anatoly/ros2k_ws/install/xarm_msgs/include/xarm_msgs/xarm_msgs/srv/move_velocity.hpp
[0.568s] -- Up-to-date symlink: /home/anatoly/ros2k_ws/install/xarm_msgs/include/xarm_msgs/xarm_msgs/srv/plan_exec.hpp
[0.568s] -- Up-to-date symlink: /home/anatoly/ros2k_ws/install/xarm_msgs/include/xarm_msgs/xarm_msgs/srv/plan_joint.hpp
[0.568s] -- Up-to-date symlink: /home/anatoly/ros2k_ws/install/xarm_msgs/include/xarm_msgs/xarm_msgs/srv/plan_pose.hpp
[0.568s] -- Up-to-date symlink: /home/anatoly/ros2k_ws/install/xarm_msgs/include/xarm_msgs/xarm_msgs/srv/plan_single_straight.hpp
[0.569s] -- Up-to-date symlink: /home/anatoly/ros2k_ws/install/xarm_msgs/include/xarm_msgs/xarm_msgs/srv/robotiq_activate.hpp
[0.569s] -- Up-to-date symlink: /home/anatoly/ros2k_ws/install/xarm_msgs/include/xarm_msgs/xarm_msgs/srv/robotiq_get_status.hpp
[0.569s] -- Up-to-date symlink: /home/anatoly/ros2k_ws/install/xarm_msgs/include/xarm_msgs/xarm_msgs/srv/robotiq_move.hpp
[0.569s] -- Up-to-date symlink: /home/anatoly/ros2k_ws/install/xarm_msgs/include/xarm_msgs/xarm_msgs/srv/robotiq_reset.hpp
[0.569s] -- Up-to-date symlink: /home/anatoly/ros2k_ws/install/xarm_msgs/include/xarm_msgs/xarm_msgs/srv/set_analog_io.hpp
[0.569s] -- Up-to-date symlink: /home/anatoly/ros2k_ws/install/xarm_msgs/include/xarm_msgs/xarm_msgs/srv/set_digital_io.hpp
[0.569s] -- Up-to-date symlink: /home/anatoly/ros2k_ws/install/xarm_msgs/include/xarm_msgs/xarm_msgs/srv/set_float32.hpp
[0.569s] -- Up-to-date symlink: /home/anatoly/ros2k_ws/install/xarm_msgs/include/xarm_msgs/xarm_msgs/srv/set_float32_list.hpp
[0.570s] -- Up-to-date symlink: /home/anatoly/ros2k_ws/install/xarm_msgs/include/xarm_msgs/xarm_msgs/srv/set_int16.hpp
[0.570s] -- Up-to-date symlink: /home/anatoly/ros2k_ws/install/xarm_msgs/include/xarm_msgs/xarm_msgs/srv/set_int16_by_id.hpp
[0.570s] -- Up-to-date symlink: /home/anatoly/ros2k_ws/install/xarm_msgs/include/xarm_msgs/xarm_msgs/srv/set_int16_list.hpp
[0.570s] -- Up-to-date symlink: /home/anatoly/ros2k_ws/install/xarm_msgs/include/xarm_msgs/xarm_msgs/srv/set_int32.hpp
[0.570s] -- Up-to-date symlink: /home/anatoly/ros2k_ws/install/xarm_msgs/include/xarm_msgs/xarm_msgs/srv/set_int32_by_type.hpp
[0.570s] -- Up-to-date symlink: /home/anatoly/ros2k_ws/install/xarm_msgs/include/xarm_msgs/xarm_msgs/srv/set_modbus_timeout.hpp
[0.570s] -- Up-to-date symlink: /home/anatoly/ros2k_ws/install/xarm_msgs/include/xarm_msgs/xarm_msgs/srv/set_tcp_load.hpp
[0.570s] -- Up-to-date symlink: /home/anatoly/ros2k_ws/install/xarm_msgs/include/xarm_msgs/xarm_msgs/srv/traj_ctrl.hpp
[0.570s] -- Up-to-date symlink: /home/anatoly/ros2k_ws/install/xarm_msgs/include/xarm_msgs/xarm_msgs/srv/traj_play.hpp
[0.571s] -- Up-to-date symlink: /home/anatoly/ros2k_ws/install/xarm_msgs/include/xarm_msgs/xarm_msgs/srv/vacuum_gripper_ctrl.hpp
[0.572s] -- Up-to-date symlink: /home/anatoly/ros2k_ws/install/xarm_msgs/include/xarm_msgs/xarm_msgs/msg/detail/cio_state__rosidl_typesupport_fastrtps_cpp.hpp
[0.573s] -- Up-to-date symlink: /home/anatoly/ros2k_ws/install/xarm_msgs/include/xarm_msgs/xarm_msgs/msg/detail/io_state__rosidl_typesupport_fastrtps_cpp.hpp
[0.573s] -- Up-to-date symlink: /home/anatoly/ros2k_ws/install/xarm_msgs/include/xarm_msgs/xarm_msgs/msg/detail/move_velocity__rosidl_typesupport_fastrtps_cpp.hpp
[0.573s] -- Up-to-date symlink: /home/anatoly/ros2k_ws/install/xarm_msgs/include/xarm_msgs/xarm_msgs/msg/detail/robot_msg__rosidl_typesupport_fastrtps_cpp.hpp
[0.573s] -- Up-to-date symlink: /home/anatoly/ros2k_ws/install/xarm_msgs/include/xarm_msgs/xarm_msgs/msg/rosidl_typesupport_fastrtps_cpp__visibility_control.h
[0.573s] -- Up-to-date symlink: /home/anatoly/ros2k_ws/install/xarm_msgs/include/xarm_msgs/xarm_msgs/srv/detail/bio_gripper_ctrl__rosidl_typesupport_fastrtps_cpp.hpp
[0.573s] -- Up-to-date symlink: /home/anatoly/ros2k_ws/install/xarm_msgs/include/xarm_msgs/xarm_msgs/srv/detail/bio_gripper_enable__rosidl_typesupport_fastrtps_cpp.hpp
[0.573s] -- Up-to-date symlink: /home/anatoly/ros2k_ws/install/xarm_msgs/include/xarm_msgs/xarm_msgs/srv/detail/call__rosidl_typesupport_fastrtps_cpp.hpp
[0.573s] -- Up-to-date symlink: /home/anatoly/ros2k_ws/install/xarm_msgs/include/xarm_msgs/xarm_msgs/srv/detail/ft_admittance_params__rosidl_typesupport_fastrtps_cpp.hpp
[0.573s] -- Up-to-date symlink: /home/anatoly/ros2k_ws/install/xarm_msgs/include/xarm_msgs/xarm_msgs/srv/detail/ft_cali_load__rosidl_typesupport_fastrtps_cpp.hpp
[0.574s] -- Up-to-date symlink: /home/anatoly/ros2k_ws/install/xarm_msgs/include/xarm_msgs/xarm_msgs/srv/detail/ft_force_config__rosidl_typesupport_fastrtps_cpp.hpp
[0.574s] -- Up-to-date symlink: /home/anatoly/ros2k_ws/install/xarm_msgs/include/xarm_msgs/xarm_msgs/srv/detail/ft_force_params__rosidl_typesupport_fastrtps_cpp.hpp
[0.574s] -- Up-to-date symlink: /home/anatoly/ros2k_ws/install/xarm_msgs/include/xarm_msgs/xarm_msgs/srv/detail/ft_force_pid__rosidl_typesupport_fastrtps_cpp.hpp
[0.574s] -- Up-to-date symlink: /home/anatoly/ros2k_ws/install/xarm_msgs/include/xarm_msgs/xarm_msgs/srv/detail/ft_impedance__rosidl_typesupport_fastrtps_cpp.hpp
[0.574s] -- Up-to-date symlink: /home/anatoly/ros2k_ws/install/xarm_msgs/include/xarm_msgs/xarm_msgs/srv/detail/get_analog_io__rosidl_typesupport_fastrtps_cpp.hpp
[0.574s] -- Up-to-date symlink: /home/anatoly/ros2k_ws/install/xarm_msgs/include/xarm_msgs/xarm_msgs/srv/detail/get_digital_io__rosidl_typesupport_fastrtps_cpp.hpp
[0.574s] -- Up-to-date symlink: /home/anatoly/ros2k_ws/install/xarm_msgs/include/xarm_msgs/xarm_msgs/srv/detail/get_float32__rosidl_typesupport_fastrtps_cpp.hpp
[0.574s] -- Up-to-date symlink: /home/anatoly/ros2k_ws/install/xarm_msgs/include/xarm_msgs/xarm_msgs/srv/detail/get_float32_list__rosidl_typesupport_fastrtps_cpp.hpp
[0.574s] -- Up-to-date symlink: /home/anatoly/ros2k_ws/install/xarm_msgs/include/xarm_msgs/xarm_msgs/srv/detail/get_int16__rosidl_typesupport_fastrtps_cpp.hpp
[0.575s] -- Up-to-date symlink: /home/anatoly/ros2k_ws/install/xarm_msgs/include/xarm_msgs/xarm_msgs/srv/detail/get_int16_list__rosidl_typesupport_fastrtps_cpp.hpp
[0.575s] -- Up-to-date symlink: /home/anatoly/ros2k_ws/install/xarm_msgs/include/xarm_msgs/xarm_msgs/srv/detail/get_int32__rosidl_typesupport_fastrtps_cpp.hpp
[0.575s] -- Up-to-date symlink: /home/anatoly/ros2k_ws/install/xarm_msgs/include/xarm_msgs/xarm_msgs/srv/detail/get_int32_by_type__rosidl_typesupport_fastrtps_cpp.hpp
[0.575s] -- Up-to-date symlink: /home/anatoly/ros2k_ws/install/xarm_msgs/include/xarm_msgs/xarm_msgs/srv/detail/get_set_modbus_data__rosidl_typesupport_fastrtps_cpp.hpp
[0.575s] -- Up-to-date symlink: /home/anatoly/ros2k_ws/install/xarm_msgs/include/xarm_msgs/xarm_msgs/srv/detail/gripper_move__rosidl_typesupport_fastrtps_cpp.hpp
[0.575s] -- Up-to-date symlink: /home/anatoly/ros2k_ws/install/xarm_msgs/include/xarm_msgs/xarm_msgs/srv/detail/iden_load__rosidl_typesupport_fastrtps_cpp.hpp
[0.575s] -- Up-to-date symlink: /home/anatoly/ros2k_ws/install/xarm_msgs/include/xarm_msgs/xarm_msgs/srv/detail/linear_motor_back_origin__rosidl_typesupport_fastrtps_cpp.hpp
[0.575s] -- Up-to-date symlink: /home/anatoly/ros2k_ws/install/xarm_msgs/include/xarm_msgs/xarm_msgs/srv/detail/linear_motor_set_pos__rosidl_typesupport_fastrtps_cpp.hpp
[0.575s] -- Up-to-date symlink: /home/anatoly/ros2k_ws/install/xarm_msgs/include/xarm_msgs/xarm_msgs/srv/detail/linear_track_back_origin__rosidl_typesupport_fastrtps_cpp.hpp
[0.576s] -- Up-to-date symlink: /home/anatoly/ros2k_ws/install/xarm_msgs/include/xarm_msgs/xarm_msgs/srv/detail/linear_track_set_pos__rosidl_typesupport_fastrtps_cpp.hpp
[0.576s] -- Up-to-date symlink: /home/anatoly/ros2k_ws/install/xarm_msgs/include/xarm_msgs/xarm_msgs/srv/detail/move_cartesian__rosidl_typesupport_fastrtps_cpp.hpp
[0.576s] -- Up-to-date symlink: /home/anatoly/ros2k_ws/install/xarm_msgs/include/xarm_msgs/xarm_msgs/srv/detail/move_circle__rosidl_typesupport_fastrtps_cpp.hpp
[0.576s] -- Up-to-date symlink: /home/anatoly/ros2k_ws/install/xarm_msgs/include/xarm_msgs/xarm_msgs/srv/detail/move_home__rosidl_typesupport_fastrtps_cpp.hpp
[0.576s] -- Up-to-date symlink: /home/anatoly/ros2k_ws/install/xarm_msgs/include/xarm_msgs/xarm_msgs/srv/detail/move_joint__rosidl_typesupport_fastrtps_cpp.hpp
[0.576s] -- Up-to-date symlink: /home/anatoly/ros2k_ws/install/xarm_msgs/include/xarm_msgs/xarm_msgs/srv/detail/move_velocity__rosidl_typesupport_fastrtps_cpp.hpp
[0.576s] -- Up-to-date symlink: /home/anatoly/ros2k_ws/install/xarm_msgs/include/xarm_msgs/xarm_msgs/srv/detail/plan_exec__rosidl_typesupport_fastrtps_cpp.hpp
[0.577s] -- Up-to-date symlink: /home/anatoly/ros2k_ws/install/xarm_msgs/include/xarm_msgs/xarm_msgs/srv/detail/plan_joint__rosidl_typesupport_fastrtps_cpp.hpp
[0.578s] -- Up-to-date symlink: /home/anatoly/ros2k_ws/install/xarm_msgs/include/xarm_msgs/xarm_msgs/srv/detail/plan_pose__rosidl_typesupport_fastrtps_cpp.hpp
[0.578s] -- Up-to-date symlink: /home/anatoly/ros2k_ws/install/xarm_msgs/include/xarm_msgs/xarm_msgs/srv/detail/plan_single_straight__rosidl_typesupport_fastrtps_cpp.hpp
[0.578s] -- Up-to-date symlink: /home/anatoly/ros2k_ws/install/xarm_msgs/include/xarm_msgs/xarm_msgs/srv/detail/robotiq_activate__rosidl_typesupport_fastrtps_cpp.hpp
[0.579s] -- Up-to-date symlink: /home/anatoly/ros2k_ws/install/xarm_msgs/include/xarm_msgs/xarm_msgs/srv/detail/robotiq_get_status__rosidl_typesupport_fastrtps_cpp.hpp
[0.579s] -- Up-to-date symlink: /home/anatoly/ros2k_ws/install/xarm_msgs/include/xarm_msgs/xarm_msgs/srv/detail/robotiq_move__rosidl_typesupport_fastrtps_cpp.hpp
[0.579s] -- Up-to-date symlink: /home/anatoly/ros2k_ws/install/xarm_msgs/include/xarm_msgs/xarm_msgs/srv/detail/robotiq_reset__rosidl_typesupport_fastrtps_cpp.hpp
[0.579s] -- Up-to-date symlink: /home/anatoly/ros2k_ws/install/xarm_msgs/include/xarm_msgs/xarm_msgs/srv/detail/set_analog_io__rosidl_typesupport_fastrtps_cpp.hpp
[0.579s] -- Up-to-date symlink: /home/anatoly/ros2k_ws/install/xarm_msgs/include/xarm_msgs/xarm_msgs/srv/detail/set_digital_io__rosidl_typesupport_fastrtps_cpp.hpp
[0.579s] -- Up-to-date symlink: /home/anatoly/ros2k_ws/install/xarm_msgs/include/xarm_msgs/xarm_msgs/srv/detail/set_float32__rosidl_typesupport_fastrtps_cpp.hpp
[0.579s] -- Up-to-date symlink: /home/anatoly/ros2k_ws/install/xarm_msgs/include/xarm_msgs/xarm_msgs/srv/detail/set_float32_list__rosidl_typesupport_fastrtps_cpp.hpp
[0.579s] -- Up-to-date symlink: /home/anatoly/ros2k_ws/install/xarm_msgs/include/xarm_msgs/xarm_msgs/srv/detail/set_int16__rosidl_typesupport_fastrtps_cpp.hpp
[0.579s] -- Up-to-date symlink: /home/anatoly/ros2k_ws/install/xarm_msgs/include/xarm_msgs/xarm_msgs/srv/detail/set_int16_by_id__rosidl_typesupport_fastrtps_cpp.hpp
[0.579s] -- Up-to-date symlink: /home/anatoly/ros2k_ws/install/xarm_msgs/include/xarm_msgs/xarm_msgs/srv/detail/set_int16_list__rosidl_typesupport_fastrtps_cpp.hpp
[0.579s] -- Up-to-date symlink: /home/anatoly/ros2k_ws/install/xarm_msgs/include/xarm_msgs/xarm_msgs/srv/detail/set_int32__rosidl_typesupport_fastrtps_cpp.hpp
[0.579s] -- Up-to-date symlink: /home/anatoly/ros2k_ws/install/xarm_msgs/include/xarm_msgs/xarm_msgs/srv/detail/set_int32_by_type__rosidl_typesupport_fastrtps_cpp.hpp
[0.579s] -- Up-to-date symlink: /home/anatoly/ros2k_ws/install/xarm_msgs/include/xarm_msgs/xarm_msgs/srv/detail/set_modbus_timeout__rosidl_typesupport_fastrtps_cpp.hpp
[0.579s] -- Up-to-date symlink: /home/anatoly/ros2k_ws/install/xarm_msgs/include/xarm_msgs/xarm_msgs/srv/detail/set_tcp_load__rosidl_typesupport_fastrtps_cpp.hpp
[0.579s] -- Up-to-date symlink: /home/anatoly/ros2k_ws/install/xarm_msgs/include/xarm_msgs/xarm_msgs/srv/detail/traj_ctrl__rosidl_typesupport_fastrtps_cpp.hpp
[0.580s] -- Up-to-date symlink: /home/anatoly/ros2k_ws/install/xarm_msgs/include/xarm_msgs/xarm_msgs/srv/detail/traj_play__rosidl_typesupport_fastrtps_cpp.hpp
[0.580s] -- Up-to-date symlink: /home/anatoly/ros2k_ws/install/xarm_msgs/include/xarm_msgs/xarm_msgs/srv/detail/vacuum_gripper_ctrl__rosidl_typesupport_fastrtps_cpp.hpp
[0.580s] -- Up-to-date symlink: /home/anatoly/ros2k_ws/install/xarm_msgs/include/xarm_msgs/xarm_msgs/msg/detail/cio_state__rosidl_typesupport_introspection_c.h
[0.580s] -- Up-to-date symlink: /home/anatoly/ros2k_ws/install/xarm_msgs/include/xarm_msgs/xarm_msgs/msg/detail/io_state__rosidl_typesupport_introspection_c.h
[0.580s] -- Up-to-date symlink: /home/anatoly/ros2k_ws/install/xarm_msgs/include/xarm_msgs/xarm_msgs/msg/detail/move_velocity__rosidl_typesupport_introspection_c.h
[0.580s] -- Up-to-date symlink: /home/anatoly/ros2k_ws/install/xarm_msgs/include/xarm_msgs/xarm_msgs/msg/detail/robot_msg__rosidl_typesupport_introspection_c.h
[0.580s] -- Up-to-date symlink: /home/anatoly/ros2k_ws/install/xarm_msgs/include/xarm_msgs/xarm_msgs/msg/rosidl_typesupport_introspection_c__visibility_control.h
[0.580s] -- Up-to-date symlink: /home/anatoly/ros2k_ws/install/xarm_msgs/include/xarm_msgs/xarm_msgs/srv/detail/bio_gripper_ctrl__rosidl_typesupport_introspection_c.h
[0.580s] -- Up-to-date symlink: /home/anatoly/ros2k_ws/install/xarm_msgs/include/xarm_msgs/xarm_msgs/srv/detail/bio_gripper_enable__rosidl_typesupport_introspection_c.h
[0.581s] -- Up-to-date symlink: /home/anatoly/ros2k_ws/install/xarm_msgs/include/xarm_msgs/xarm_msgs/srv/detail/call__rosidl_typesupport_introspection_c.h
[0.581s] -- Up-to-date symlink: /home/anatoly/ros2k_ws/install/xarm_msgs/include/xarm_msgs/xarm_msgs/srv/detail/ft_admittance_params__rosidl_typesupport_introspection_c.h
[0.581s] -- Up-to-date symlink: /home/anatoly/ros2k_ws/install/xarm_msgs/include/xarm_msgs/xarm_msgs/srv/detail/ft_cali_load__rosidl_typesupport_introspection_c.h
[0.581s] -- Up-to-date symlink: /home/anatoly/ros2k_ws/install/xarm_msgs/include/xarm_msgs/xarm_msgs/srv/detail/ft_force_config__rosidl_typesupport_introspection_c.h
[0.581s] -- Up-to-date symlink: /home/anatoly/ros2k_ws/install/xarm_msgs/include/xarm_msgs/xarm_msgs/srv/detail/ft_force_params__rosidl_typesupport_introspection_c.h
[0.581s] -- Up-to-date symlink: /home/anatoly/ros2k_ws/install/xarm_msgs/include/xarm_msgs/xarm_msgs/srv/detail/ft_force_pid__rosidl_typesupport_introspection_c.h
[0.581s] -- Up-to-date symlink: /home/anatoly/ros2k_ws/install/xarm_msgs/include/xarm_msgs/xarm_msgs/srv/detail/ft_impedance__rosidl_typesupport_introspection_c.h
[0.581s] -- Up-to-date symlink: /home/anatoly/ros2k_ws/install/xarm_msgs/include/xarm_msgs/xarm_msgs/srv/detail/get_analog_io__rosidl_typesupport_introspection_c.h
[0.581s] -- Up-to-date symlink: /home/anatoly/ros2k_ws/install/xarm_msgs/include/xarm_msgs/xarm_msgs/srv/detail/get_digital_io__rosidl_typesupport_introspection_c.h
[0.582s] -- Up-to-date symlink: /home/anatoly/ros2k_ws/install/xarm_msgs/include/xarm_msgs/xarm_msgs/srv/detail/get_float32__rosidl_typesupport_introspection_c.h
[0.582s] -- Up-to-date symlink: /home/anatoly/ros2k_ws/install/xarm_msgs/include/xarm_msgs/xarm_msgs/srv/detail/get_float32_list__rosidl_typesupport_introspection_c.h
[0.582s] -- Up-to-date symlink: /home/anatoly/ros2k_ws/install/xarm_msgs/include/xarm_msgs/xarm_msgs/srv/detail/get_int16__rosidl_typesupport_introspection_c.h
[0.582s] -- Up-to-date symlink: /home/anatoly/ros2k_ws/install/xarm_msgs/include/xarm_msgs/xarm_msgs/srv/detail/get_int16_list__rosidl_typesupport_introspection_c.h
[0.582s] -- Up-to-date symlink: /home/anatoly/ros2k_ws/install/xarm_msgs/include/xarm_msgs/xarm_msgs/srv/detail/get_int32__rosidl_typesupport_introspection_c.h
[0.582s] -- Up-to-date symlink: /home/anatoly/ros2k_ws/install/xarm_msgs/include/xarm_msgs/xarm_msgs/srv/detail/get_int32_by_type__rosidl_typesupport_introspection_c.h
[0.582s] -- Up-to-date symlink: /home/anatoly/ros2k_ws/install/xarm_msgs/include/xarm_msgs/xarm_msgs/srv/detail/get_set_modbus_data__rosidl_typesupport_introspection_c.h
[0.582s] -- Up-to-date symlink: /home/anatoly/ros2k_ws/install/xarm_msgs/include/xarm_msgs/xarm_msgs/srv/detail/gripper_move__rosidl_typesupport_introspection_c.h
[0.583s] -- Up-to-date symlink: /home/anatoly/ros2k_ws/install/xarm_msgs/include/xarm_msgs/xarm_msgs/srv/detail/iden_load__rosidl_typesupport_introspection_c.h
[0.583s] -- Up-to-date symlink: /home/anatoly/ros2k_ws/install/xarm_msgs/include/xarm_msgs/xarm_msgs/srv/detail/linear_motor_back_origin__rosidl_typesupport_introspection_c.h
[0.583s] -- Up-to-date symlink: /home/anatoly/ros2k_ws/install/xarm_msgs/include/xarm_msgs/xarm_msgs/srv/detail/linear_motor_set_pos__rosidl_typesupport_introspection_c.h
[0.583s] -- Up-to-date symlink: /home/anatoly/ros2k_ws/install/xarm_msgs/include/xarm_msgs/xarm_msgs/srv/detail/linear_track_back_origin__rosidl_typesupport_introspection_c.h
[0.583s] -- Up-to-date symlink: /home/anatoly/ros2k_ws/install/xarm_msgs/include/xarm_msgs/xarm_msgs/srv/detail/linear_track_set_pos__rosidl_typesupport_introspection_c.h
[0.583s] -- Up-to-date symlink: /home/anatoly/ros2k_ws/install/xarm_msgs/include/xarm_msgs/xarm_msgs/srv/detail/move_cartesian__rosidl_typesupport_introspection_c.h
[0.583s] -- Up-to-date symlink: /home/anatoly/ros2k_ws/install/xarm_msgs/include/xarm_msgs/xarm_msgs/srv/detail/move_circle__rosidl_typesupport_introspection_c.h
[0.583s] -- Up-to-date symlink: /home/anatoly/ros2k_ws/install/xarm_msgs/include/xarm_msgs/xarm_msgs/srv/detail/move_home__rosidl_typesupport_introspection_c.h
[0.583s] -- Up-to-date symlink: /home/anatoly/ros2k_ws/install/xarm_msgs/include/xarm_msgs/xarm_msgs/srv/detail/move_joint__rosidl_typesupport_introspection_c.h
[0.584s] -- Up-to-date symlink: /home/anatoly/ros2k_ws/install/xarm_msgs/include/xarm_msgs/xarm_msgs/srv/detail/move_velocity__rosidl_typesupport_introspection_c.h
[0.584s] -- Up-to-date symlink: /home/anatoly/ros2k_ws/install/xarm_msgs/include/xarm_msgs/xarm_msgs/srv/detail/plan_exec__rosidl_typesupport_introspection_c.h
[0.584s] -- Up-to-date symlink: /home/anatoly/ros2k_ws/install/xarm_msgs/include/xarm_msgs/xarm_msgs/srv/detail/plan_joint__rosidl_typesupport_introspection_c.h
[0.584s] -- Up-to-date symlink: /home/anatoly/ros2k_ws/install/xarm_msgs/include/xarm_msgs/xarm_msgs/srv/detail/plan_pose__rosidl_typesupport_introspection_c.h
[0.584s] -- Up-to-date symlink: /home/anatoly/ros2k_ws/install/xarm_msgs/include/xarm_msgs/xarm_msgs/srv/detail/plan_single_straight__rosidl_typesupport_introspection_c.h
[0.584s] -- Up-to-date symlink: /home/anatoly/ros2k_ws/install/xarm_msgs/include/xarm_msgs/xarm_msgs/srv/detail/robotiq_activate__rosidl_typesupport_introspection_c.h
[0.584s] -- Up-to-date symlink: /home/anatoly/ros2k_ws/install/xarm_msgs/include/xarm_msgs/xarm_msgs/srv/detail/robotiq_get_status__rosidl_typesupport_introspection_c.h
[0.584s] -- Up-to-date symlink: /home/anatoly/ros2k_ws/install/xarm_msgs/include/xarm_msgs/xarm_msgs/srv/detail/robotiq_move__rosidl_typesupport_introspection_c.h
[0.585s] -- Up-to-date symlink: /home/anatoly/ros2k_ws/install/xarm_msgs/include/xarm_msgs/xarm_msgs/srv/detail/robotiq_reset__rosidl_typesupport_introspection_c.h
[0.585s] -- Up-to-date symlink: /home/anatoly/ros2k_ws/install/xarm_msgs/include/xarm_msgs/xarm_msgs/srv/detail/set_analog_io__rosidl_typesupport_introspection_c.h
[0.585s] -- Up-to-date symlink: /home/anatoly/ros2k_ws/install/xarm_msgs/include/xarm_msgs/xarm_msgs/srv/detail/set_digital_io__rosidl_typesupport_introspection_c.h
[0.585s] -- Up-to-date symlink: /home/anatoly/ros2k_ws/install/xarm_msgs/include/xarm_msgs/xarm_msgs/srv/detail/set_float32__rosidl_typesupport_introspection_c.h
[0.585s] -- Up-to-date symlink: /home/anatoly/ros2k_ws/install/xarm_msgs/include/xarm_msgs/xarm_msgs/srv/detail/set_float32_list__rosidl_typesupport_introspection_c.h
[0.585s] -- Up-to-date symlink: /home/anatoly/ros2k_ws/install/xarm_msgs/include/xarm_msgs/xarm_msgs/srv/detail/set_int16__rosidl_typesupport_introspection_c.h
[0.585s] -- Up-to-date symlink: /home/anatoly/ros2k_ws/install/xarm_msgs/include/xarm_msgs/xarm_msgs/srv/detail/set_int16_by_id__rosidl_typesupport_introspection_c.h
[0.585s] -- Up-to-date symlink: /home/anatoly/ros2k_ws/install/xarm_msgs/include/xarm_msgs/xarm_msgs/srv/detail/set_int16_list__rosidl_typesupport_introspection_c.h
[0.585s] -- Up-to-date symlink: /home/anatoly/ros2k_ws/install/xarm_msgs/include/xarm_msgs/xarm_msgs/srv/detail/set_int32__rosidl_typesupport_introspection_c.h
[0.585s] -- Up-to-date symlink: /home/anatoly/ros2k_ws/install/xarm_msgs/include/xarm_msgs/xarm_msgs/srv/detail/set_int32_by_type__rosidl_typesupport_introspection_c.h
[0.586s] -- Up-to-date symlink: /home/anatoly/ros2k_ws/install/xarm_msgs/include/xarm_msgs/xarm_msgs/srv/detail/set_modbus_timeout__rosidl_typesupport_introspection_c.h
[0.586s] -- Up-to-date symlink: /home/anatoly/ros2k_ws/install/xarm_msgs/include/xarm_msgs/xarm_msgs/srv/detail/set_tcp_load__rosidl_typesupport_introspection_c.h
[0.586s] -- Up-to-date symlink: /home/anatoly/ros2k_ws/install/xarm_msgs/include/xarm_msgs/xarm_msgs/srv/detail/traj_ctrl__rosidl_typesupport_introspection_c.h
[0.586s] -- Up-to-date symlink: /home/anatoly/ros2k_ws/install/xarm_msgs/include/xarm_msgs/xarm_msgs/srv/detail/traj_play__rosidl_typesupport_introspection_c.h
[0.586s] -- Up-to-date symlink: /home/anatoly/ros2k_ws/install/xarm_msgs/include/xarm_msgs/xarm_msgs/srv/detail/vacuum_gripper_ctrl__rosidl_typesupport_introspection_c.h
[0.587s] -- Up-to-date symlink: /home/anatoly/ros2k_ws/install/xarm_msgs/include/xarm_msgs/xarm_msgs/msg/detail/cio_state__rosidl_typesupport_introspection_cpp.hpp
[0.587s] -- Up-to-date symlink: /home/anatoly/ros2k_ws/install/xarm_msgs/include/xarm_msgs/xarm_msgs/msg/detail/io_state__rosidl_typesupport_introspection_cpp.hpp
[0.587s] -- Up-to-date symlink: /home/anatoly/ros2k_ws/install/xarm_msgs/include/xarm_msgs/xarm_msgs/msg/detail/move_velocity__rosidl_typesupport_introspection_cpp.hpp
[0.588s] -- Up-to-date symlink: /home/anatoly/ros2k_ws/install/xarm_msgs/include/xarm_msgs/xarm_msgs/msg/detail/robot_msg__rosidl_typesupport_introspection_cpp.hpp
[0.588s] -- Up-to-date symlink: /home/anatoly/ros2k_ws/install/xarm_msgs/include/xarm_msgs/xarm_msgs/srv/detail/bio_gripper_ctrl__rosidl_typesupport_introspection_cpp.hpp
[0.588s] -- Up-to-date symlink: /home/anatoly/ros2k_ws/install/xarm_msgs/include/xarm_msgs/xarm_msgs/srv/detail/bio_gripper_enable__rosidl_typesupport_introspection_cpp.hpp
[0.588s] -- Up-to-date symlink: /home/anatoly/ros2k_ws/install/xarm_msgs/include/xarm_msgs/xarm_msgs/srv/detail/call__rosidl_typesupport_introspection_cpp.hpp
[0.588s] -- Up-to-date symlink: /home/anatoly/ros2k_ws/install/xarm_msgs/include/xarm_msgs/xarm_msgs/srv/detail/ft_admittance_params__rosidl_typesupport_introspection_cpp.hpp
[0.588s] -- Up-to-date symlink: /home/anatoly/ros2k_ws/install/xarm_msgs/include/xarm_msgs/xarm_msgs/srv/detail/ft_cali_load__rosidl_typesupport_introspection_cpp.hpp
[0.588s] -- Up-to-date symlink: /home/anatoly/ros2k_ws/install/xarm_msgs/include/xarm_msgs/xarm_msgs/srv/detail/ft_force_config__rosidl_typesupport_introspection_cpp.hpp
[0.588s] -- Up-to-date symlink: /home/anatoly/ros2k_ws/install/xarm_msgs/include/xarm_msgs/xarm_msgs/srv/detail/ft_force_params__rosidl_typesupport_introspection_cpp.hpp
[0.588s] -- Up-to-date symlink: /home/anatoly/ros2k_ws/install/xarm_msgs/include/xarm_msgs/xarm_msgs/srv/detail/ft_force_pid__rosidl_typesupport_introspection_cpp.hpp
[0.589s] -- Up-to-date symlink: /home/anatoly/ros2k_ws/install/xarm_msgs/include/xarm_msgs/xarm_msgs/srv/detail/ft_impedance__rosidl_typesupport_introspection_cpp.hpp
[0.589s] -- Up-to-date symlink: /home/anatoly/ros2k_ws/install/xarm_msgs/include/xarm_msgs/xarm_msgs/srv/detail/get_analog_io__rosidl_typesupport_introspection_cpp.hpp
[0.589s] -- Up-to-date symlink: /home/anatoly/ros2k_ws/install/xarm_msgs/include/xarm_msgs/xarm_msgs/srv/detail/get_digital_io__rosidl_typesupport_introspection_cpp.hpp
[0.589s] -- Up-to-date symlink: /home/anatoly/ros2k_ws/install/xarm_msgs/include/xarm_msgs/xarm_msgs/srv/detail/get_float32__rosidl_typesupport_introspection_cpp.hpp
[0.589s] -- Up-to-date symlink: /home/anatoly/ros2k_ws/install/xarm_msgs/include/xarm_msgs/xarm_msgs/srv/detail/get_float32_list__rosidl_typesupport_introspection_cpp.hpp
[0.589s] -- Up-to-date symlink: /home/anatoly/ros2k_ws/install/xarm_msgs/include/xarm_msgs/xarm_msgs/srv/detail/get_int16__rosidl_typesupport_introspection_cpp.hpp
[0.589s] -- Up-to-date symlink: /home/anatoly/ros2k_ws/install/xarm_msgs/include/xarm_msgs/xarm_msgs/srv/detail/get_int16_list__rosidl_typesupport_introspection_cpp.hpp
[0.589s] -- Up-to-date symlink: /home/anatoly/ros2k_ws/install/xarm_msgs/include/xarm_msgs/xarm_msgs/srv/detail/get_int32__rosidl_typesupport_introspection_cpp.hpp
[0.591s] -- Up-to-date symlink: /home/anatoly/ros2k_ws/install/xarm_msgs/include/xarm_msgs/xarm_msgs/srv/detail/get_int32_by_type__rosidl_typesupport_introspection_cpp.hpp
[0.591s] -- Up-to-date symlink: /home/anatoly/ros2k_ws/install/xarm_msgs/include/xarm_msgs/xarm_msgs/srv/detail/get_set_modbus_data__rosidl_typesupport_introspection_cpp.hpp
[0.592s] -- Up-to-date symlink: /home/anatoly/ros2k_ws/install/xarm_msgs/include/xarm_msgs/xarm_msgs/srv/detail/gripper_move__rosidl_typesupport_introspection_cpp.hpp
[0.592s] -- Up-to-date symlink: /home/anatoly/ros2k_ws/install/xarm_msgs/include/xarm_msgs/xarm_msgs/srv/detail/iden_load__rosidl_typesupport_introspection_cpp.hpp
[0.592s] -- Up-to-date symlink: /home/anatoly/ros2k_ws/install/xarm_msgs/include/xarm_msgs/xarm_msgs/srv/detail/linear_motor_back_origin__rosidl_typesupport_introspection_cpp.hpp
[0.592s] -- Up-to-date symlink: /home/anatoly/ros2k_ws/install/xarm_msgs/include/xarm_msgs/xarm_msgs/srv/detail/linear_motor_set_pos__rosidl_typesupport_introspection_cpp.hpp
[0.592s] -- Up-to-date symlink: /home/anatoly/ros2k_ws/install/xarm_msgs/include/xarm_msgs/xarm_msgs/srv/detail/linear_track_back_origin__rosidl_typesupport_introspection_cpp.hpp
[0.592s] -- Up-to-date symlink: /home/anatoly/ros2k_ws/install/xarm_msgs/include/xarm_msgs/xarm_msgs/srv/detail/linear_track_set_pos__rosidl_typesupport_introspection_cpp.hpp
[0.592s] -- Up-to-date symlink: /home/anatoly/ros2k_ws/install/xarm_msgs/include/xarm_msgs/xarm_msgs/srv/detail/move_cartesian__rosidl_typesupport_introspection_cpp.hpp
[0.592s] -- Up-to-date symlink: /home/anatoly/ros2k_ws/install/xarm_msgs/include/xarm_msgs/xarm_msgs/srv/detail/move_circle__rosidl_typesupport_introspection_cpp.hpp
[0.593s] -- Up-to-date symlink: /home/anatoly/ros2k_ws/install/xarm_msgs/include/xarm_msgs/xarm_msgs/srv/detail/move_home__rosidl_typesupport_introspection_cpp.hpp
[0.593s] -- Up-to-date symlink: /home/anatoly/ros2k_ws/install/xarm_msgs/include/xarm_msgs/xarm_msgs/srv/detail/move_joint__rosidl_typesupport_introspection_cpp.hpp
[0.593s] -- Up-to-date symlink: /home/anatoly/ros2k_ws/install/xarm_msgs/include/xarm_msgs/xarm_msgs/srv/detail/move_velocity__rosidl_typesupport_introspection_cpp.hpp
[0.593s] -- Up-to-date symlink: /home/anatoly/ros2k_ws/install/xarm_msgs/include/xarm_msgs/xarm_msgs/srv/detail/plan_exec__rosidl_typesupport_introspection_cpp.hpp
[0.593s] -- Up-to-date symlink: /home/anatoly/ros2k_ws/install/xarm_msgs/include/xarm_msgs/xarm_msgs/srv/detail/plan_joint__rosidl_typesupport_introspection_cpp.hpp
[0.593s] -- Up-to-date symlink: /home/anatoly/ros2k_ws/install/xarm_msgs/include/xarm_msgs/xarm_msgs/srv/detail/plan_pose__rosidl_typesupport_introspection_cpp.hpp
[0.594s] -- Up-to-date symlink: /home/anatoly/ros2k_ws/install/xarm_msgs/include/xarm_msgs/xarm_msgs/srv/detail/plan_single_straight__rosidl_typesupport_introspection_cpp.hpp
[0.594s] -- Up-to-date symlink: /home/anatoly/ros2k_ws/install/xarm_msgs/include/xarm_msgs/xarm_msgs/srv/detail/robotiq_activate__rosidl_typesupport_introspection_cpp.hpp
[0.594s] -- Up-to-date symlink: /home/anatoly/ros2k_ws/install/xarm_msgs/include/xarm_msgs/xarm_msgs/srv/detail/robotiq_get_status__rosidl_typesupport_introspection_cpp.hpp
[0.594s] -- Up-to-date symlink: /home/anatoly/ros2k_ws/install/xarm_msgs/include/xarm_msgs/xarm_msgs/srv/detail/robotiq_move__rosidl_typesupport_introspection_cpp.hpp
[0.594s] -- Up-to-date symlink: /home/anatoly/ros2k_ws/install/xarm_msgs/include/xarm_msgs/xarm_msgs/srv/detail/robotiq_reset__rosidl_typesupport_introspection_cpp.hpp
[0.594s] -- Up-to-date symlink: /home/anatoly/ros2k_ws/install/xarm_msgs/include/xarm_msgs/xarm_msgs/srv/detail/set_analog_io__rosidl_typesupport_introspection_cpp.hpp
[0.594s] -- Up-to-date symlink: /home/anatoly/ros2k_ws/install/xarm_msgs/include/xarm_msgs/xarm_msgs/srv/detail/set_digital_io__rosidl_typesupport_introspection_cpp.hpp
[0.594s] -- Up-to-date symlink: /home/anatoly/ros2k_ws/install/xarm_msgs/include/xarm_msgs/xarm_msgs/srv/detail/set_float32__rosidl_typesupport_introspection_cpp.hpp
[0.595s] -- Up-to-date symlink: /home/anatoly/ros2k_ws/install/xarm_msgs/include/xarm_msgs/xarm_msgs/srv/detail/set_float32_list__rosidl_typesupport_introspection_cpp.hpp
[0.595s] -- Up-to-date symlink: /home/anatoly/ros2k_ws/install/xarm_msgs/include/xarm_msgs/xarm_msgs/srv/detail/set_int16__rosidl_typesupport_introspection_cpp.hpp
[0.595s] -- Up-to-date symlink: /home/anatoly/ros2k_ws/install/xarm_msgs/include/xarm_msgs/xarm_msgs/srv/detail/set_int16_by_id__rosidl_typesupport_introspection_cpp.hpp
[0.595s] -- Up-to-date symlink: /home/anatoly/ros2k_ws/install/xarm_msgs/include/xarm_msgs/xarm_msgs/srv/detail/set_int16_list__rosidl_typesupport_introspection_cpp.hpp
[0.595s] -- Up-to-date symlink: /home/anatoly/ros2k_ws/install/xarm_msgs/include/xarm_msgs/xarm_msgs/srv/detail/set_int32__rosidl_typesupport_introspection_cpp.hpp
[0.595s] -- Up-to-date symlink: /home/anatoly/ros2k_ws/install/xarm_msgs/include/xarm_msgs/xarm_msgs/srv/detail/set_int32_by_type__rosidl_typesupport_introspection_cpp.hpp
[0.595s] -- Up-to-date symlink: /home/anatoly/ros2k_ws/install/xarm_msgs/include/xarm_msgs/xarm_msgs/srv/detail/set_modbus_timeout__rosidl_typesupport_introspection_cpp.hpp
[0.595s] -- Up-to-date symlink: /home/anatoly/ros2k_ws/install/xarm_msgs/include/xarm_msgs/xarm_msgs/srv/detail/set_tcp_load__rosidl_typesupport_introspection_cpp.hpp
[0.595s] -- Up-to-date symlink: /home/anatoly/ros2k_ws/install/xarm_msgs/include/xarm_msgs/xarm_msgs/srv/detail/traj_ctrl__rosidl_typesupport_introspection_cpp.hpp
[0.596s] -- Up-to-date symlink: /home/anatoly/ros2k_ws/install/xarm_msgs/include/xarm_msgs/xarm_msgs/srv/detail/traj_play__rosidl_typesupport_introspection_cpp.hpp
[0.596s] -- Up-to-date symlink: /home/anatoly/ros2k_ws/install/xarm_msgs/include/xarm_msgs/xarm_msgs/srv/detail/vacuum_gripper_ctrl__rosidl_typesupport_introspection_cpp.hpp
[0.596s] -- Up-to-date symlink: /home/anatoly/ros2k_ws/install/xarm_msgs/share/xarm_msgs/environment/pythonpath.sh
[0.596s] -- Up-to-date symlink: /home/anatoly/ros2k_ws/install/xarm_msgs/share/xarm_msgs/environment/pythonpath.dsv
[0.596s] -- Up-to-date symlink: /home/anatoly/ros2k_ws/install/xarm_msgs/lib/python3.12/site-packages/xarm_msgs-0.0.0-py3.12.egg-info/PKG-INFO
[0.596s] -- Up-to-date symlink: /home/anatoly/ros2k_ws/install/xarm_msgs/lib/python3.12/site-packages/xarm_msgs-0.0.0-py3.12.egg-info/SOURCES.txt
[0.596s] -- Up-to-date symlink: /home/anatoly/ros2k_ws/install/xarm_msgs/lib/python3.12/site-packages/xarm_msgs-0.0.0-py3.12.egg-info/dependency_links.txt
[0.597s] -- Up-to-date symlink: /home/anatoly/ros2k_ws/install/xarm_msgs/lib/python3.12/site-packages/xarm_msgs-0.0.0-py3.12.egg-info/top_level.txt
[0.599s] -- Up-to-date symlink: /home/anatoly/ros2k_ws/install/xarm_msgs/lib/python3.12/site-packages/xarm_msgs/__init__.py
[0.599s] -- Up-to-date symlink: /home/anatoly/ros2k_ws/install/xarm_msgs/lib/python3.12/site-packages/xarm_msgs/_xarm_msgs_s.ep.rosidl_typesupport_c.c
[0.599s] -- Up-to-date symlink: /home/anatoly/ros2k_ws/install/xarm_msgs/lib/python3.12/site-packages/xarm_msgs/_xarm_msgs_s.ep.rosidl_typesupport_fastrtps_c.c
[0.599s] -- Up-to-date symlink: /home/anatoly/ros2k_ws/install/xarm_msgs/lib/python3.12/site-packages/xarm_msgs/_xarm_msgs_s.ep.rosidl_typesupport_introspection_c.c
[0.600s] -- Up-to-date symlink: /home/anatoly/ros2k_ws/install/xarm_msgs/lib/python3.12/site-packages/xarm_msgs/msg/__init__.py
[0.600s] -- Up-to-date symlink: /home/anatoly/ros2k_ws/install/xarm_msgs/lib/python3.12/site-packages/xarm_msgs/msg/_cio_state.py
[0.600s] -- Up-to-date symlink: /home/anatoly/ros2k_ws/install/xarm_msgs/lib/python3.12/site-packages/xarm_msgs/msg/_cio_state_s.c
[0.600s] -- Up-to-date symlink: /home/anatoly/ros2k_ws/install/xarm_msgs/lib/python3.12/site-packages/xarm_msgs/msg/_io_state.py
[0.600s] -- Up-to-date symlink: /home/anatoly/ros2k_ws/install/xarm_msgs/lib/python3.12/site-packages/xarm_msgs/msg/_io_state_s.c
[0.600s] -- Up-to-date symlink: /home/anatoly/ros2k_ws/install/xarm_msgs/lib/python3.12/site-packages/xarm_msgs/msg/_move_velocity.py
[0.601s] -- Up-to-date symlink: /home/anatoly/ros2k_ws/install/xarm_msgs/lib/python3.12/site-packages/xarm_msgs/msg/_move_velocity_s.c
[0.601s] -- Up-to-date symlink: /home/anatoly/ros2k_ws/install/xarm_msgs/lib/python3.12/site-packages/xarm_msgs/msg/_robot_msg.py
[0.601s] -- Up-to-date symlink: /home/anatoly/ros2k_ws/install/xarm_msgs/lib/python3.12/site-packages/xarm_msgs/msg/_robot_msg_s.c
[0.601s] -- Up-to-date symlink: /home/anatoly/ros2k_ws/install/xarm_msgs/lib/python3.12/site-packages/xarm_msgs/srv/__init__.py
[0.601s] -- Up-to-date symlink: /home/anatoly/ros2k_ws/install/xarm_msgs/lib/python3.12/site-packages/xarm_msgs/srv/_bio_gripper_ctrl.py
[0.601s] -- Up-to-date symlink: /home/anatoly/ros2k_ws/install/xarm_msgs/lib/python3.12/site-packages/xarm_msgs/srv/_bio_gripper_ctrl_s.c
[0.601s] -- Up-to-date symlink: /home/anatoly/ros2k_ws/install/xarm_msgs/lib/python3.12/site-packages/xarm_msgs/srv/_bio_gripper_enable.py
[0.602s] -- Up-to-date symlink: /home/anatoly/ros2k_ws/install/xarm_msgs/lib/python3.12/site-packages/xarm_msgs/srv/_bio_gripper_enable_s.c
[0.602s] -- Up-to-date symlink: /home/anatoly/ros2k_ws/install/xarm_msgs/lib/python3.12/site-packages/xarm_msgs/srv/_call.py
[0.602s] -- Up-to-date symlink: /home/anatoly/ros2k_ws/install/xarm_msgs/lib/python3.12/site-packages/xarm_msgs/srv/_call_s.c
[0.602s] -- Up-to-date symlink: /home/anatoly/ros2k_ws/install/xarm_msgs/lib/python3.12/site-packages/xarm_msgs/srv/_ft_admittance_params.py
[0.602s] -- Up-to-date symlink: /home/anatoly/ros2k_ws/install/xarm_msgs/lib/python3.12/site-packages/xarm_msgs/srv/_ft_admittance_params_s.c
[0.602s] -- Up-to-date symlink: /home/anatoly/ros2k_ws/install/xarm_msgs/lib/python3.12/site-packages/xarm_msgs/srv/_ft_cali_load.py
[0.603s] -- Up-to-date symlink: /home/anatoly/ros2k_ws/install/xarm_msgs/lib/python3.12/site-packages/xarm_msgs/srv/_ft_cali_load_s.c
[0.603s] -- Up-to-date symlink: /home/anatoly/ros2k_ws/install/xarm_msgs/lib/python3.12/site-packages/xarm_msgs/srv/_ft_force_config.py
[0.603s] -- Up-to-date symlink: /home/anatoly/ros2k_ws/install/xarm_msgs/lib/python3.12/site-packages/xarm_msgs/srv/_ft_force_config_s.c
[0.603s] -- Up-to-date symlink: /home/anatoly/ros2k_ws/install/xarm_msgs/lib/python3.12/site-packages/xarm_msgs/srv/_ft_force_params.py
[0.603s] -- Up-to-date symlink: /home/anatoly/ros2k_ws/install/xarm_msgs/lib/python3.12/site-packages/xarm_msgs/srv/_ft_force_params_s.c
[0.603s] -- Up-to-date symlink: /home/anatoly/ros2k_ws/install/xarm_msgs/lib/python3.12/site-packages/xarm_msgs/srv/_ft_force_pid.py
[0.604s] -- Up-to-date symlink: /home/anatoly/ros2k_ws/install/xarm_msgs/lib/python3.12/site-packages/xarm_msgs/srv/_ft_force_pid_s.c
[0.604s] -- Up-to-date symlink: /home/anatoly/ros2k_ws/install/xarm_msgs/lib/python3.12/site-packages/xarm_msgs/srv/_ft_impedance.py
[0.604s] -- Up-to-date symlink: /home/anatoly/ros2k_ws/install/xarm_msgs/lib/python3.12/site-packages/xarm_msgs/srv/_ft_impedance_s.c
[0.604s] -- Up-to-date symlink: /home/anatoly/ros2k_ws/install/xarm_msgs/lib/python3.12/site-packages/xarm_msgs/srv/_get_analog_io.py
[0.604s] -- Up-to-date symlink: /home/anatoly/ros2k_ws/install/xarm_msgs/lib/python3.12/site-packages/xarm_msgs/srv/_get_analog_io_s.c
[0.604s] -- Up-to-date symlink: /home/anatoly/ros2k_ws/install/xarm_msgs/lib/python3.12/site-packages/xarm_msgs/srv/_get_digital_io.py
[0.604s] -- Up-to-date symlink: /home/anatoly/ros2k_ws/install/xarm_msgs/lib/python3.12/site-packages/xarm_msgs/srv/_get_digital_io_s.c
[0.604s] -- Up-to-date symlink: /home/anatoly/ros2k_ws/install/xarm_msgs/lib/python3.12/site-packages/xarm_msgs/srv/_get_float32.py
[0.606s] -- Up-to-date symlink: /home/anatoly/ros2k_ws/install/xarm_msgs/lib/python3.12/site-packages/xarm_msgs/srv/_get_float32_list.py
[0.606s] -- Up-to-date symlink: /home/anatoly/ros2k_ws/install/xarm_msgs/lib/python3.12/site-packages/xarm_msgs/srv/_get_float32_list_s.c
[0.607s] -- Up-to-date symlink: /home/anatoly/ros2k_ws/install/xarm_msgs/lib/python3.12/site-packages/xarm_msgs/srv/_get_float32_s.c
[0.607s] -- Up-to-date symlink: /home/anatoly/ros2k_ws/install/xarm_msgs/lib/python3.12/site-packages/xarm_msgs/srv/_get_int16.py
[0.607s] -- Up-to-date symlink: /home/anatoly/ros2k_ws/install/xarm_msgs/lib/python3.12/site-packages/xarm_msgs/srv/_get_int16_list.py
[0.607s] -- Up-to-date symlink: /home/anatoly/ros2k_ws/install/xarm_msgs/lib/python3.12/site-packages/xarm_msgs/srv/_get_int16_list_s.c
[0.607s] -- Up-to-date symlink: /home/anatoly/ros2k_ws/install/xarm_msgs/lib/python3.12/site-packages/xarm_msgs/srv/_get_int16_s.c
[0.607s] -- Up-to-date symlink: /home/anatoly/ros2k_ws/install/xarm_msgs/lib/python3.12/site-packages/xarm_msgs/srv/_get_int32.py
[0.607s] -- Up-to-date symlink: /home/anatoly/ros2k_ws/install/xarm_msgs/lib/python3.12/site-packages/xarm_msgs/srv/_get_int32_by_type.py
[0.607s] -- Up-to-date symlink: /home/anatoly/ros2k_ws/install/xarm_msgs/lib/python3.12/site-packages/xarm_msgs/srv/_get_int32_by_type_s.c
[0.607s] -- Up-to-date symlink: /home/anatoly/ros2k_ws/install/xarm_msgs/lib/python3.12/site-packages/xarm_msgs/srv/_get_int32_s.c
[0.607s] -- Up-to-date symlink: /home/anatoly/ros2k_ws/install/xarm_msgs/lib/python3.12/site-packages/xarm_msgs/srv/_get_set_modbus_data.py
[0.608s] -- Up-to-date symlink: /home/anatoly/ros2k_ws/install/xarm_msgs/lib/python3.12/site-packages/xarm_msgs/srv/_get_set_modbus_data_s.c
[0.608s] -- Up-to-date symlink: /home/anatoly/ros2k_ws/install/xarm_msgs/lib/python3.12/site-packages/xarm_msgs/srv/_gripper_move.py
[0.608s] -- Up-to-date symlink: /home/anatoly/ros2k_ws/install/xarm_msgs/lib/python3.12/site-packages/xarm_msgs/srv/_gripper_move_s.c
[0.608s] -- Up-to-date symlink: /home/anatoly/ros2k_ws/install/xarm_msgs/lib/python3.12/site-packages/xarm_msgs/srv/_iden_load.py
[0.608s] -- Up-to-date symlink: /home/anatoly/ros2k_ws/install/xarm_msgs/lib/python3.12/site-packages/xarm_msgs/srv/_iden_load_s.c
[0.608s] -- Up-to-date symlink: /home/anatoly/ros2k_ws/install/xarm_msgs/lib/python3.12/site-packages/xarm_msgs/srv/_linear_motor_back_origin.py
[0.608s] -- Up-to-date symlink: /home/anatoly/ros2k_ws/install/xarm_msgs/lib/python3.12/site-packages/xarm_msgs/srv/_linear_motor_back_origin_s.c
[0.608s] -- Up-to-date symlink: /home/anatoly/ros2k_ws/install/xarm_msgs/lib/python3.12/site-packages/xarm_msgs/srv/_linear_motor_set_pos.py
[0.608s] -- Up-to-date symlink: /home/anatoly/ros2k_ws/install/xarm_msgs/lib/python3.12/site-packages/xarm_msgs/srv/_linear_motor_set_pos_s.c
[0.608s] -- Up-to-date symlink: /home/anatoly/ros2k_ws/install/xarm_msgs/lib/python3.12/site-packages/xarm_msgs/srv/_linear_track_back_origin.py
[0.608s] -- Up-to-date symlink: /home/anatoly/ros2k_ws/install/xarm_msgs/lib/python3.12/site-packages/xarm_msgs/srv/_linear_track_back_origin_s.c
[0.608s] -- Up-to-date symlink: /home/anatoly/ros2k_ws/install/xarm_msgs/lib/python3.12/site-packages/xarm_msgs/srv/_linear_track_set_pos.py
[0.609s] -- Up-to-date symlink: /home/anatoly/ros2k_ws/install/xarm_msgs/lib/python3.12/site-packages/xarm_msgs/srv/_linear_track_set_pos_s.c
[0.609s] -- Up-to-date symlink: /home/anatoly/ros2k_ws/install/xarm_msgs/lib/python3.12/site-packages/xarm_msgs/srv/_move_cartesian.py
[0.609s] -- Up-to-date symlink: /home/anatoly/ros2k_ws/install/xarm_msgs/lib/python3.12/site-packages/xarm_msgs/srv/_move_cartesian_s.c
[0.609s] -- Up-to-date symlink: /home/anatoly/ros2k_ws/install/xarm_msgs/lib/python3.12/site-packages/xarm_msgs/srv/_move_circle.py
[0.609s] -- Up-to-date symlink: /home/anatoly/ros2k_ws/install/xarm_msgs/lib/python3.12/site-packages/xarm_msgs/srv/_move_circle_s.c
[0.609s] -- Up-to-date symlink: /home/anatoly/ros2k_ws/install/xarm_msgs/lib/python3.12/site-packages/xarm_msgs/srv/_move_home.py
[0.609s] -- Up-to-date symlink: /home/anatoly/ros2k_ws/install/xarm_msgs/lib/python3.12/site-packages/xarm_msgs/srv/_move_home_s.c
[0.609s] -- Up-to-date symlink: /home/anatoly/ros2k_ws/install/xarm_msgs/lib/python3.12/site-packages/xarm_msgs/srv/_move_joint.py
[0.609s] -- Up-to-date symlink: /home/anatoly/ros2k_ws/install/xarm_msgs/lib/python3.12/site-packages/xarm_msgs/srv/_move_joint_s.c
[0.609s] -- Up-to-date symlink: /home/anatoly/ros2k_ws/install/xarm_msgs/lib/python3.12/site-packages/xarm_msgs/srv/_move_velocity.py
[0.610s] -- Up-to-date symlink: /home/anatoly/ros2k_ws/install/xarm_msgs/lib/python3.12/site-packages/xarm_msgs/srv/_move_velocity_s.c
[0.610s] -- Up-to-date symlink: /home/anatoly/ros2k_ws/install/xarm_msgs/lib/python3.12/site-packages/xarm_msgs/srv/_plan_exec.py
[0.610s] -- Up-to-date symlink: /home/anatoly/ros2k_ws/install/xarm_msgs/lib/python3.12/site-packages/xarm_msgs/srv/_plan_exec_s.c
[0.610s] -- Up-to-date symlink: /home/anatoly/ros2k_ws/install/xarm_msgs/lib/python3.12/site-packages/xarm_msgs/srv/_plan_joint.py
[0.610s] -- Up-to-date symlink: /home/anatoly/ros2k_ws/install/xarm_msgs/lib/python3.12/site-packages/xarm_msgs/srv/_plan_joint_s.c
[0.610s] -- Up-to-date symlink: /home/anatoly/ros2k_ws/install/xarm_msgs/lib/python3.12/site-packages/xarm_msgs/srv/_plan_pose.py
[0.610s] -- Up-to-date symlink: /home/anatoly/ros2k_ws/install/xarm_msgs/lib/python3.12/site-packages/xarm_msgs/srv/_plan_pose_s.c
[0.610s] -- Up-to-date symlink: /home/anatoly/ros2k_ws/install/xarm_msgs/lib/python3.12/site-packages/xarm_msgs/srv/_plan_single_straight.py
[0.610s] -- Up-to-date symlink: /home/anatoly/ros2k_ws/install/xarm_msgs/lib/python3.12/site-packages/xarm_msgs/srv/_plan_single_straight_s.c
[0.610s] -- Up-to-date symlink: /home/anatoly/ros2k_ws/install/xarm_msgs/lib/python3.12/site-packages/xarm_msgs/srv/_robotiq_activate.py
[0.610s] -- Up-to-date symlink: /home/anatoly/ros2k_ws/install/xarm_msgs/lib/python3.12/site-packages/xarm_msgs/srv/_robotiq_activate_s.c
[0.610s] -- Up-to-date symlink: /home/anatoly/ros2k_ws/install/xarm_msgs/lib/python3.12/site-packages/xarm_msgs/srv/_robotiq_get_status.py
[0.611s] -- Up-to-date symlink: /home/anatoly/ros2k_ws/install/xarm_msgs/lib/python3.12/site-packages/xarm_msgs/srv/_robotiq_get_status_s.c
[0.611s] -- Up-to-date symlink: /home/anatoly/ros2k_ws/install/xarm_msgs/lib/python3.12/site-packages/xarm_msgs/srv/_robotiq_move.py
[0.611s] -- Up-to-date symlink: /home/anatoly/ros2k_ws/install/xarm_msgs/lib/python3.12/site-packages/xarm_msgs/srv/_robotiq_move_s.c
[0.611s] -- Up-to-date symlink: /home/anatoly/ros2k_ws/install/xarm_msgs/lib/python3.12/site-packages/xarm_msgs/srv/_robotiq_reset.py
[0.611s] -- Up-to-date symlink: /home/anatoly/ros2k_ws/install/xarm_msgs/lib/python3.12/site-packages/xarm_msgs/srv/_robotiq_reset_s.c
[0.611s] -- Up-to-date symlink: /home/anatoly/ros2k_ws/install/xarm_msgs/lib/python3.12/site-packages/xarm_msgs/srv/_set_analog_io.py
[0.611s] -- Up-to-date symlink: /home/anatoly/ros2k_ws/install/xarm_msgs/lib/python3.12/site-packages/xarm_msgs/srv/_set_analog_io_s.c
[0.611s] -- Up-to-date symlink: /home/anatoly/ros2k_ws/install/xarm_msgs/lib/python3.12/site-packages/xarm_msgs/srv/_set_digital_io.py
[0.611s] -- Up-to-date symlink: /home/anatoly/ros2k_ws/install/xarm_msgs/lib/python3.12/site-packages/xarm_msgs/srv/_set_digital_io_s.c
[0.611s] -- Up-to-date symlink: /home/anatoly/ros2k_ws/install/xarm_msgs/lib/python3.12/site-packages/xarm_msgs/srv/_set_float32.py
[0.611s] -- Up-to-date symlink: /home/anatoly/ros2k_ws/install/xarm_msgs/lib/python3.12/site-packages/xarm_msgs/srv/_set_float32_list.py
[0.611s] -- Up-to-date symlink: /home/anatoly/ros2k_ws/install/xarm_msgs/lib/python3.12/site-packages/xarm_msgs/srv/_set_float32_list_s.c
[0.611s] -- Up-to-date symlink: /home/anatoly/ros2k_ws/install/xarm_msgs/lib/python3.12/site-packages/xarm_msgs/srv/_set_float32_s.c
[0.612s] -- Up-to-date symlink: /home/anatoly/ros2k_ws/install/xarm_msgs/lib/python3.12/site-packages/xarm_msgs/srv/_set_int16.py
[0.612s] -- Up-to-date symlink: /home/anatoly/ros2k_ws/install/xarm_msgs/lib/python3.12/site-packages/xarm_msgs/srv/_set_int16_by_id.py
[0.612s] -- Up-to-date symlink: /home/anatoly/ros2k_ws/install/xarm_msgs/lib/python3.12/site-packages/xarm_msgs/srv/_set_int16_by_id_s.c
[0.612s] -- Up-to-date symlink: /home/anatoly/ros2k_ws/install/xarm_msgs/lib/python3.12/site-packages/xarm_msgs/srv/_set_int16_list.py
[0.612s] -- Up-to-date symlink: /home/anatoly/ros2k_ws/install/xarm_msgs/lib/python3.12/site-packages/xarm_msgs/srv/_set_int16_list_s.c
[0.612s] -- Up-to-date symlink: /home/anatoly/ros2k_ws/install/xarm_msgs/lib/python3.12/site-packages/xarm_msgs/srv/_set_int16_s.c
[0.612s] -- Up-to-date symlink: /home/anatoly/ros2k_ws/install/xarm_msgs/lib/python3.12/site-packages/xarm_msgs/srv/_set_int32.py
[0.612s] -- Up-to-date symlink: /home/anatoly/ros2k_ws/install/xarm_msgs/lib/python3.12/site-packages/xarm_msgs/srv/_set_int32_by_type.py
[0.612s] -- Up-to-date symlink: /home/anatoly/ros2k_ws/install/xarm_msgs/lib/python3.12/site-packages/xarm_msgs/srv/_set_int32_by_type_s.c
[0.612s] -- Up-to-date symlink: /home/anatoly/ros2k_ws/install/xarm_msgs/lib/python3.12/site-packages/xarm_msgs/srv/_set_int32_s.c
[0.612s] -- Up-to-date symlink: /home/anatoly/ros2k_ws/install/xarm_msgs/lib/python3.12/site-packages/xarm_msgs/srv/_set_modbus_timeout.py
[0.613s] -- Up-to-date symlink: /home/anatoly/ros2k_ws/install/xarm_msgs/lib/python3.12/site-packages/xarm_msgs/srv/_set_modbus_timeout_s.c
[0.613s] -- Up-to-date symlink: /home/anatoly/ros2k_ws/install/xarm_msgs/lib/python3.12/site-packages/xarm_msgs/srv/_set_tcp_load.py
[0.613s] -- Up-to-date symlink: /home/anatoly/ros2k_ws/install/xarm_msgs/lib/python3.12/site-packages/xarm_msgs/srv/_set_tcp_load_s.c
[0.613s] -- Up-to-date symlink: /home/anatoly/ros2k_ws/install/xarm_msgs/lib/python3.12/site-packages/xarm_msgs/srv/_traj_ctrl.py
[0.613s] -- Up-to-date symlink: /home/anatoly/ros2k_ws/install/xarm_msgs/lib/python3.12/site-packages/xarm_msgs/srv/_traj_ctrl_s.c
[0.613s] -- Up-to-date symlink: /home/anatoly/ros2k_ws/install/xarm_msgs/lib/python3.12/site-packages/xarm_msgs/srv/_traj_play.py
[0.613s] -- Up-to-date symlink: /home/anatoly/ros2k_ws/install/xarm_msgs/lib/python3.12/site-packages/xarm_msgs/srv/_traj_play_s.c
[0.613s] -- Up-to-date symlink: /home/anatoly/ros2k_ws/install/xarm_msgs/lib/python3.12/site-packages/xarm_msgs/srv/_vacuum_gripper_ctrl.py
[0.614s] -- Up-to-date symlink: /home/anatoly/ros2k_ws/install/xarm_msgs/lib/python3.12/site-packages/xarm_msgs/srv/_vacuum_gripper_ctrl_s.c
[0.614s] -- Up-to-date symlink: /home/anatoly/ros2k_ws/install/xarm_msgs/lib/python3.12/site-packages/xarm_msgs/xarm_msgs_s__rosidl_typesupport_c.so
[0.614s] -- Up-to-date symlink: /home/anatoly/ros2k_ws/install/xarm_msgs/lib/python3.12/site-packages/xarm_msgs/xarm_msgs_s__rosidl_typesupport_fastrtps_c.so
[0.614s] -- Up-to-date symlink: /home/anatoly/ros2k_ws/install/xarm_msgs/lib/python3.12/site-packages/xarm_msgs/xarm_msgs_s__rosidl_typesupport_introspection_c.so
[0.614s] -- Up-to-date symlink: /home/anatoly/ros2k_ws/install/xarm_msgs/lib/python3.12/site-packages/xarm_msgs/xarm_msgs_s__rosidl_typesupport_fastrtps_c.so
[0.614s] -- Up-to-date symlink: /home/anatoly/ros2k_ws/install/xarm_msgs/lib/python3.12/site-packages/xarm_msgs/xarm_msgs_s__rosidl_typesupport_introspection_c.so
[0.615s] -- Up-to-date symlink: /home/anatoly/ros2k_ws/install/xarm_msgs/lib/python3.12/site-packages/xarm_msgs/xarm_msgs_s__rosidl_typesupport_c.so
[0.615s] -- Up-to-date symlink: /home/anatoly/ros2k_ws/install/xarm_msgs/share/xarm_msgs/rust/Cargo.toml
[0.615s] -- Up-to-date symlink: /home/anatoly/ros2k_ws/install/xarm_msgs/share/xarm_msgs/rust/build.rs
[0.615s] -- Up-to-date symlink: /home/anatoly/ros2k_ws/install/xarm_msgs/share/xarm_msgs/rust/src/lib.rs
[0.615s] -- Up-to-date symlink: /home/anatoly/ros2k_ws/install/xarm_msgs/share/xarm_msgs/rust/src/msg.rs
[0.616s] -- Up-to-date symlink: /home/anatoly/ros2k_ws/install/xarm_msgs/share/xarm_msgs/rust/src/msg/rmw.rs
[0.616s] -- Up-to-date symlink: /home/anatoly/ros2k_ws/install/xarm_msgs/share/xarm_msgs/rust/src/srv.rs
[0.616s] -- Up-to-date symlink: /home/anatoly/ros2k_ws/install/xarm_msgs/share/xarm_msgs/rust/src/srv/rmw.rs
[0.616s] -- Up-to-date symlink: /home/anatoly/ros2k_ws/install/xarm_msgs/share/xarm_msgs/msg/RobotMsg.idl
[0.616s] -- Up-to-date symlink: /home/anatoly/ros2k_ws/install/xarm_msgs/share/xarm_msgs/msg/IOState.idl
[0.617s] -- Up-to-date symlink: /home/anatoly/ros2k_ws/install/xarm_msgs/share/xarm_msgs/msg/CIOState.idl
[0.617s] -- Up-to-date symlink: /home/anatoly/ros2k_ws/install/xarm_msgs/share/xarm_msgs/msg/MoveVelocity.idl
[0.617s] -- Up-to-date symlink: /home/anatoly/ros2k_ws/install/xarm_msgs/share/xarm_msgs/srv/BioGripperCtrl.idl
[0.617s] -- Up-to-date symlink: /home/anatoly/ros2k_ws/install/xarm_msgs/share/xarm_msgs/srv/BioGripperEnable.idl
[0.617s] -- Up-to-date symlink: /home/anatoly/ros2k_ws/install/xarm_msgs/share/xarm_msgs/srv/Call.idl
[0.617s] -- Up-to-date symlink: /home/anatoly/ros2k_ws/install/xarm_msgs/share/xarm_msgs/srv/GetAnalogIO.idl
[0.618s] -- Up-to-date symlink: /home/anatoly/ros2k_ws/install/xarm_msgs/share/xarm_msgs/srv/GetDigitalIO.idl
[0.618s] -- Up-to-date symlink: /home/anatoly/ros2k_ws/install/xarm_msgs/share/xarm_msgs/srv/GetFloat32.idl
[0.618s] -- Up-to-date symlink: /home/anatoly/ros2k_ws/install/xarm_msgs/share/xarm_msgs/srv/GetFloat32List.idl
[0.618s] -- Up-to-date symlink: /home/anatoly/ros2k_ws/install/xarm_msgs/share/xarm_msgs/srv/GetInt16.idl
[0.618s] -- Up-to-date symlink: /home/anatoly/ros2k_ws/install/xarm_msgs/share/xarm_msgs/srv/GetInt16List.idl
[0.619s] -- Up-to-date symlink: /home/anatoly/ros2k_ws/install/xarm_msgs/share/xarm_msgs/srv/GetInt32.idl
[0.619s] -- Up-to-date symlink: /home/anatoly/ros2k_ws/install/xarm_msgs/share/xarm_msgs/srv/GetInt32ByType.idl
[0.619s] -- Up-to-date symlink: /home/anatoly/ros2k_ws/install/xarm_msgs/share/xarm_msgs/srv/GetSetModbusData.idl
[0.619s] -- Up-to-date symlink: /home/anatoly/ros2k_ws/install/xarm_msgs/share/xarm_msgs/srv/GripperMove.idl
[0.619s] -- Up-to-date symlink: /home/anatoly/ros2k_ws/install/xarm_msgs/share/xarm_msgs/srv/MoveCartesian.idl
[0.619s] -- Up-to-date symlink: /home/anatoly/ros2k_ws/install/xarm_msgs/share/xarm_msgs/srv/MoveCircle.idl
[0.620s] -- Up-to-date symlink: /home/anatoly/ros2k_ws/install/xarm_msgs/share/xarm_msgs/srv/MoveHome.idl
[0.620s] -- Up-to-date symlink: /home/anatoly/ros2k_ws/install/xarm_msgs/share/xarm_msgs/srv/MoveJoint.idl
[0.620s] -- Up-to-date symlink: /home/anatoly/ros2k_ws/install/xarm_msgs/share/xarm_msgs/srv/MoveVelocity.idl
[0.620s] -- Up-to-date symlink: /home/anatoly/ros2k_ws/install/xarm_msgs/share/xarm_msgs/srv/RobotiqActivate.idl
[0.621s] -- Up-to-date symlink: /home/anatoly/ros2k_ws/install/xarm_msgs/share/xarm_msgs/srv/RobotiqGetStatus.idl
[0.621s] -- Up-to-date symlink: /home/anatoly/ros2k_ws/install/xarm_msgs/share/xarm_msgs/srv/RobotiqMove.idl
[0.621s] -- Up-to-date symlink: /home/anatoly/ros2k_ws/install/xarm_msgs/share/xarm_msgs/srv/RobotiqReset.idl
[0.621s] -- Up-to-date symlink: /home/anatoly/ros2k_ws/install/xarm_msgs/share/xarm_msgs/srv/SetAnalogIO.idl
[0.621s] -- Up-to-date symlink: /home/anatoly/ros2k_ws/install/xarm_msgs/share/xarm_msgs/srv/SetDigitalIO.idl
[0.621s] -- Up-to-date symlink: /home/anatoly/ros2k_ws/install/xarm_msgs/share/xarm_msgs/srv/SetFloat32.idl
[0.622s] -- Up-to-date symlink: /home/anatoly/ros2k_ws/install/xarm_msgs/share/xarm_msgs/srv/SetFloat32List.idl
[0.622s] -- Up-to-date symlink: /home/anatoly/ros2k_ws/install/xarm_msgs/share/xarm_msgs/srv/SetInt16.idl
[0.622s] -- Up-to-date symlink: /home/anatoly/ros2k_ws/install/xarm_msgs/share/xarm_msgs/srv/SetInt16ById.idl
[0.622s] -- Up-to-date symlink: /home/anatoly/ros2k_ws/install/xarm_msgs/share/xarm_msgs/srv/SetInt16List.idl
[0.622s] -- Up-to-date symlink: /home/anatoly/ros2k_ws/install/xarm_msgs/share/xarm_msgs/srv/SetInt32.idl
[0.623s] -- Up-to-date symlink: /home/anatoly/ros2k_ws/install/xarm_msgs/share/xarm_msgs/srv/SetInt32ByType.idl
[0.623s] -- Up-to-date symlink: /home/anatoly/ros2k_ws/install/xarm_msgs/share/xarm_msgs/srv/TrajCtrl.idl
[0.623s] -- Up-to-date symlink: /home/anatoly/ros2k_ws/install/xarm_msgs/share/xarm_msgs/srv/TrajPlay.idl
[0.623s] -- Up-to-date symlink: /home/anatoly/ros2k_ws/install/xarm_msgs/share/xarm_msgs/srv/VacuumGripperCtrl.idl
[0.623s] -- Up-to-date symlink: /home/anatoly/ros2k_ws/install/xarm_msgs/share/xarm_msgs/srv/SetTcpLoad.idl
[0.623s] -- Up-to-date symlink: /home/anatoly/ros2k_ws/install/xarm_msgs/share/xarm_msgs/srv/SetModbusTimeout.idl
[0.624s] -- Up-to-date symlink: /home/anatoly/ros2k_ws/install/xarm_msgs/share/xarm_msgs/srv/IdenLoad.idl
[0.624s] -- Up-to-date symlink: /home/anatoly/ros2k_ws/install/xarm_msgs/share/xarm_msgs/srv/FtCaliLoad.idl
[0.624s] -- Up-to-date symlink: /home/anatoly/ros2k_ws/install/xarm_msgs/share/xarm_msgs/srv/FtForceParams.idl
[0.624s] -- Up-to-date symlink: /home/anatoly/ros2k_ws/install/xarm_msgs/share/xarm_msgs/srv/FtAdmittanceParams.idl
[0.624s] -- Up-to-date symlink: /home/anatoly/ros2k_ws/install/xarm_msgs/share/xarm_msgs/srv/LinearMotorBackOrigin.idl
[0.625s] -- Up-to-date symlink: /home/anatoly/ros2k_ws/install/xarm_msgs/share/xarm_msgs/srv/LinearMotorSetPos.idl
[0.625s] -- Up-to-date symlink: /home/anatoly/ros2k_ws/install/xarm_msgs/share/xarm_msgs/srv/PlanExec.idl
[0.625s] -- Up-to-date symlink: /home/anatoly/ros2k_ws/install/xarm_msgs/share/xarm_msgs/srv/PlanJoint.idl
[0.625s] -- Up-to-date symlink: /home/anatoly/ros2k_ws/install/xarm_msgs/share/xarm_msgs/srv/PlanPose.idl
[0.625s] -- Up-to-date symlink: /home/anatoly/ros2k_ws/install/xarm_msgs/share/xarm_msgs/srv/PlanSingleStraight.idl
[0.626s] -- Up-to-date symlink: /home/anatoly/ros2k_ws/install/xarm_msgs/share/xarm_msgs/srv/FtForceConfig.idl
[0.626s] -- Up-to-date symlink: /home/anatoly/ros2k_ws/install/xarm_msgs/share/xarm_msgs/srv/FtForcePid.idl
[0.626s] -- Up-to-date symlink: /home/anatoly/ros2k_ws/install/xarm_msgs/share/xarm_msgs/srv/FtImpedance.idl
[0.626s] -- Up-to-date symlink: /home/anatoly/ros2k_ws/install/xarm_msgs/share/xarm_msgs/srv/LinearTrackBackOrigin.idl
[0.626s] -- Up-to-date symlink: /home/anatoly/ros2k_ws/install/xarm_msgs/share/xarm_msgs/srv/LinearTrackSetPos.idl
[0.626s] -- Up-to-date symlink: /home/anatoly/ros2k_ws/install/xarm_msgs/share/xarm_msgs/msg/RobotMsg.msg
[0.627s] -- Up-to-date symlink: /home/anatoly/ros2k_ws/install/xarm_msgs/share/xarm_msgs/msg/IOState.msg
[0.627s] -- Up-to-date symlink: /home/anatoly/ros2k_ws/install/xarm_msgs/share/xarm_msgs/msg/CIOState.msg
[0.627s] -- Up-to-date symlink: /home/anatoly/ros2k_ws/install/xarm_msgs/share/xarm_msgs/msg/MoveVelocity.msg
[0.627s] -- Up-to-date symlink: /home/anatoly/ros2k_ws/install/xarm_msgs/share/xarm_msgs/srv/BioGripperCtrl.srv
[0.627s] -- Up-to-date symlink: /home/anatoly/ros2k_ws/install/xarm_msgs/share/xarm_msgs/srv/BioGripperEnable.srv
[0.627s] -- Up-to-date symlink: /home/anatoly/ros2k_ws/install/xarm_msgs/share/xarm_msgs/srv/Call.srv
[0.628s] -- Up-to-date symlink: /home/anatoly/ros2k_ws/install/xarm_msgs/share/xarm_msgs/srv/GetAnalogIO.srv
[0.628s] -- Up-to-date symlink: /home/anatoly/ros2k_ws/install/xarm_msgs/share/xarm_msgs/srv/GetDigitalIO.srv
[0.628s] -- Up-to-date symlink: /home/anatoly/ros2k_ws/install/xarm_msgs/share/xarm_msgs/srv/GetFloat32.srv
[0.628s] -- Up-to-date symlink: /home/anatoly/ros2k_ws/install/xarm_msgs/share/xarm_msgs/srv/GetFloat32List.srv
[0.628s] -- Up-to-date symlink: /home/anatoly/ros2k_ws/install/xarm_msgs/share/xarm_msgs/srv/GetInt16.srv
[0.629s] -- Up-to-date symlink: /home/anatoly/ros2k_ws/install/xarm_msgs/share/xarm_msgs/srv/GetInt16List.srv
[0.629s] -- Up-to-date symlink: /home/anatoly/ros2k_ws/install/xarm_msgs/share/xarm_msgs/srv/GetInt32.srv
[0.629s] -- Up-to-date symlink: /home/anatoly/ros2k_ws/install/xarm_msgs/share/xarm_msgs/srv/GetInt32ByType.srv
[0.629s] -- Up-to-date symlink: /home/anatoly/ros2k_ws/install/xarm_msgs/share/xarm_msgs/srv/GetSetModbusData.srv
[0.629s] -- Up-to-date symlink: /home/anatoly/ros2k_ws/install/xarm_msgs/share/xarm_msgs/srv/GripperMove.srv
[0.629s] -- Up-to-date symlink: /home/anatoly/ros2k_ws/install/xarm_msgs/share/xarm_msgs/srv/MoveCartesian.srv
[0.630s] -- Up-to-date symlink: /home/anatoly/ros2k_ws/install/xarm_msgs/share/xarm_msgs/srv/MoveCircle.srv
[0.630s] -- Up-to-date symlink: /home/anatoly/ros2k_ws/install/xarm_msgs/share/xarm_msgs/srv/MoveHome.srv
[0.630s] -- Up-to-date symlink: /home/anatoly/ros2k_ws/install/xarm_msgs/share/xarm_msgs/srv/MoveJoint.srv
[0.630s] -- Up-to-date symlink: /home/anatoly/ros2k_ws/install/xarm_msgs/share/xarm_msgs/srv/MoveVelocity.srv
[0.630s] -- Up-to-date symlink: /home/anatoly/ros2k_ws/install/xarm_msgs/share/xarm_msgs/srv/RobotiqActivate.srv
[0.631s] -- Up-to-date symlink: /home/anatoly/ros2k_ws/install/xarm_msgs/share/xarm_msgs/srv/RobotiqGetStatus.srv
[0.631s] -- Up-to-date symlink: /home/anatoly/ros2k_ws/install/xarm_msgs/share/xarm_msgs/srv/RobotiqMove.srv
[0.631s] -- Up-to-date symlink: /home/anatoly/ros2k_ws/install/xarm_msgs/share/xarm_msgs/srv/RobotiqReset.srv
[0.631s] -- Up-to-date symlink: /home/anatoly/ros2k_ws/install/xarm_msgs/share/xarm_msgs/srv/SetAnalogIO.srv
[0.631s] -- Up-to-date symlink: /home/anatoly/ros2k_ws/install/xarm_msgs/share/xarm_msgs/srv/SetDigitalIO.srv
[0.631s] -- Up-to-date symlink: /home/anatoly/ros2k_ws/install/xarm_msgs/share/xarm_msgs/srv/SetFloat32.srv
[0.632s] -- Up-to-date symlink: /home/anatoly/ros2k_ws/install/xarm_msgs/share/xarm_msgs/srv/SetFloat32List.srv
[0.632s] -- Up-to-date symlink: /home/anatoly/ros2k_ws/install/xarm_msgs/share/xarm_msgs/srv/SetInt16.srv
[0.632s] -- Up-to-date symlink: /home/anatoly/ros2k_ws/install/xarm_msgs/share/xarm_msgs/srv/SetInt16ById.srv
[0.632s] -- Up-to-date symlink: /home/anatoly/ros2k_ws/install/xarm_msgs/share/xarm_msgs/srv/SetInt16List.srv
[0.632s] -- Up-to-date symlink: /home/anatoly/ros2k_ws/install/xarm_msgs/share/xarm_msgs/srv/SetInt32.srv
[0.633s] -- Up-to-date symlink: /home/anatoly/ros2k_ws/install/xarm_msgs/share/xarm_msgs/srv/SetInt32ByType.srv
[0.633s] -- Up-to-date symlink: /home/anatoly/ros2k_ws/install/xarm_msgs/share/xarm_msgs/srv/TrajCtrl.srv
[0.633s] -- Up-to-date symlink: /home/anatoly/ros2k_ws/install/xarm_msgs/share/xarm_msgs/srv/TrajPlay.srv
[0.633s] -- Up-to-date symlink: /home/anatoly/ros2k_ws/install/xarm_msgs/share/xarm_msgs/srv/VacuumGripperCtrl.srv
[0.633s] -- Up-to-date symlink: /home/anatoly/ros2k_ws/install/xarm_msgs/share/xarm_msgs/srv/SetTcpLoad.srv
[0.634s] -- Up-to-date symlink: /home/anatoly/ros2k_ws/install/xarm_msgs/share/xarm_msgs/srv/SetModbusTimeout.srv
[0.634s] -- Up-to-date symlink: /home/anatoly/ros2k_ws/install/xarm_msgs/share/xarm_msgs/srv/IdenLoad.srv
[0.634s] -- Up-to-date symlink: /home/anatoly/ros2k_ws/install/xarm_msgs/share/xarm_msgs/srv/FtCaliLoad.srv
[0.634s] -- Up-to-date symlink: /home/anatoly/ros2k_ws/install/xarm_msgs/share/xarm_msgs/srv/FtForceParams.srv
[0.634s] -- Up-to-date symlink: /home/anatoly/ros2k_ws/install/xarm_msgs/share/xarm_msgs/srv/FtAdmittanceParams.srv
[0.634s] -- Up-to-date symlink: /home/anatoly/ros2k_ws/install/xarm_msgs/share/xarm_msgs/srv/LinearMotorBackOrigin.srv
[0.635s] -- Up-to-date symlink: /home/anatoly/ros2k_ws/install/xarm_msgs/share/xarm_msgs/srv/LinearMotorSetPos.srv
[0.635s] -- Up-to-date symlink: /home/anatoly/ros2k_ws/install/xarm_msgs/share/xarm_msgs/srv/PlanExec.srv
[0.635s] -- Up-to-date symlink: /home/anatoly/ros2k_ws/install/xarm_msgs/share/xarm_msgs/srv/PlanJoint.srv
[0.635s] -- Up-to-date symlink: /home/anatoly/ros2k_ws/install/xarm_msgs/share/xarm_msgs/srv/PlanPose.srv
[0.635s] -- Up-to-date symlink: /home/anatoly/ros2k_ws/install/xarm_msgs/share/xarm_msgs/srv/PlanSingleStraight.srv
[0.635s] -- Up-to-date symlink: /home/anatoly/ros2k_ws/install/xarm_msgs/share/xarm_msgs/srv/FtForceConfig.srv
[0.636s] -- Up-to-date symlink: /home/anatoly/ros2k_ws/install/xarm_msgs/share/xarm_msgs/srv/FtForcePid.srv
[0.636s] -- Up-to-date symlink: /home/anatoly/ros2k_ws/install/xarm_msgs/share/xarm_msgs/srv/FtImpedance.srv
[0.636s] -- Up-to-date symlink: /home/anatoly/ros2k_ws/install/xarm_msgs/share/xarm_msgs/srv/LinearTrackBackOrigin.srv
[0.636s] -- Up-to-date symlink: /home/anatoly/ros2k_ws/install/xarm_msgs/share/xarm_msgs/srv/LinearTrackSetPos.srv
[0.636s] -- Up-to-date symlink: /home/anatoly/ros2k_ws/install/xarm_msgs/share/ament_index/resource_index/package_run_dependencies/xarm_msgs
[0.637s] -- Up-to-date symlink: /home/anatoly/ros2k_ws/install/xarm_msgs/share/ament_index/resource_index/parent_prefix_path/xarm_msgs
[0.637s] -- Up-to-date symlink: /home/anatoly/ros2k_ws/install/xarm_msgs/share/xarm_msgs/environment/ament_prefix_path.sh
[0.637s] -- Up-to-date symlink: /home/anatoly/ros2k_ws/install/xarm_msgs/share/xarm_msgs/environment/ament_prefix_path.dsv
[0.637s] -- Up-to-date symlink: /home/anatoly/ros2k_ws/install/xarm_msgs/share/xarm_msgs/environment/path.sh
[0.637s] -- Up-to-date symlink: /home/anatoly/ros2k_ws/install/xarm_msgs/share/xarm_msgs/environment/path.dsv
[0.638s] -- Up-to-date symlink: /home/anatoly/ros2k_ws/install/xarm_msgs/share/xarm_msgs/local_setup.bash
[0.638s] -- Up-to-date symlink: /home/anatoly/ros2k_ws/install/xarm_msgs/share/xarm_msgs/local_setup.sh
[0.638s] -- Up-to-date symlink: /home/anatoly/ros2k_ws/install/xarm_msgs/share/xarm_msgs/local_setup.zsh
[0.638s] -- Up-to-date symlink: /home/anatoly/ros2k_ws/install/xarm_msgs/share/xarm_msgs/local_setup.dsv
[0.638s] -- Symlinking: /home/anatoly/ros2k_ws/install/xarm_msgs/share/xarm_msgs/package.dsv
[0.650s] -- Up-to-date symlink: /home/anatoly/ros2k_ws/install/xarm_msgs/share/ament_index/resource_index/packages/xarm_msgs
[0.650s] -- Up-to-date symlink: /home/anatoly/ros2k_ws/install/xarm_msgs/share/xarm_msgs/cmake/rosidl_cmake-extras.cmake
[0.650s] -- Up-to-date symlink: /home/anatoly/ros2k_ws/install/xarm_msgs/share/xarm_msgs/cmake/ament_cmake_export_dependencies-extras.cmake
[0.651s] -- Up-to-date symlink: /home/anatoly/ros2k_ws/install/xarm_msgs/share/xarm_msgs/cmake/ament_cmake_export_include_directories-extras.cmake
[0.651s] -- Up-to-date symlink: /home/anatoly/ros2k_ws/install/xarm_msgs/share/xarm_msgs/cmake/ament_cmake_export_libraries-extras.cmake
[0.651s] -- Up-to-date symlink: /home/anatoly/ros2k_ws/install/xarm_msgs/share/xarm_msgs/cmake/ament_cmake_export_targets-extras.cmake
[0.651s] -- Up-to-date symlink: /home/anatoly/ros2k_ws/install/xarm_msgs/share/xarm_msgs/cmake/rosidl_cmake_export_typesupport_targets-extras.cmake
[0.651s] -- Up-to-date symlink: /home/anatoly/ros2k_ws/install/xarm_msgs/share/xarm_msgs/cmake/rosidl_cmake_export_typesupport_libraries-extras.cmake
[0.652s] -- Up-to-date symlink: /home/anatoly/ros2k_ws/install/xarm_msgs/share/xarm_msgs/cmake/rosidl_cmake_aggregate_target-extras.cmake
[0.652s] -- Up-to-date symlink: /home/anatoly/ros2k_ws/install/xarm_msgs/share/xarm_msgs/cmake/xarm_msgsConfig.cmake
[0.652s] -- Up-to-date symlink: /home/anatoly/ros2k_ws/install/xarm_msgs/share/xarm_msgs/cmake/xarm_msgsConfig-version.cmake
[0.652s] -- Up-to-date symlink: /home/anatoly/ros2k_ws/install/xarm_msgs/share/xarm_msgs/package.xml
[0.652s] -- Up-to-date: /home/anatoly/ros2k_ws/install/xarm_msgs/lib/libxarm_msgs__rosidl_generator_c.so
[0.653s] -- Up-to-date: /home/anatoly/ros2k_ws/install/xarm_msgs/lib/libxarm_msgs__rosidl_typesupport_fastrtps_c.so
[0.653s] -- Up-to-date: /home/anatoly/ros2k_ws/install/xarm_msgs/lib/libxarm_msgs__rosidl_typesupport_fastrtps_cpp.so
[0.653s] -- Up-to-date: /home/anatoly/ros2k_ws/install/xarm_msgs/lib/libxarm_msgs__rosidl_typesupport_introspection_c.so
[0.653s] -- Up-to-date: /home/anatoly/ros2k_ws/install/xarm_msgs/lib/libxarm_msgs__rosidl_typesupport_c.so
[0.654s] -- Up-to-date: /home/anatoly/ros2k_ws/install/xarm_msgs/lib/libxarm_msgs__rosidl_typesupport_introspection_cpp.so
[0.654s] -- Up-to-date: /home/anatoly/ros2k_ws/install/xarm_msgs/lib/libxarm_msgs__rosidl_typesupport_cpp.so
[0.692s] Listing '/home/anatoly/ros2k_ws/install/xarm_msgs/lib/python3.12/site-packages/xarm_msgs'...
[0.692s] Listing '/home/anatoly/ros2k_ws/install/xarm_msgs/lib/python3.12/site-packages/xarm_msgs/msg'...
[0.693s] Listing '/home/anatoly/ros2k_ws/install/xarm_msgs/lib/python3.12/site-packages/xarm_msgs/srv'...
[0.698s] -- Up-to-date: /home/anatoly/ros2k_ws/install/xarm_msgs/lib/libxarm_msgs__rosidl_generator_py.so
[0.699s] -- Up-to-date: /home/anatoly/ros2k_ws/install/xarm_msgs/share/xarm_msgs/cmake/export_xarm_msgs__rosidl_generator_cExport.cmake
[0.699s] -- Up-to-date: /home/anatoly/ros2k_ws/install/xarm_msgs/share/xarm_msgs/cmake/export_xarm_msgs__rosidl_generator_cExport-release.cmake
[0.699s] -- Up-to-date: /home/anatoly/ros2k_ws/install/xarm_msgs/share/xarm_msgs/cmake/export_xarm_msgs__rosidl_typesupport_fastrtps_cExport.cmake
[0.699s] -- Up-to-date: /home/anatoly/ros2k_ws/install/xarm_msgs/share/xarm_msgs/cmake/export_xarm_msgs__rosidl_typesupport_fastrtps_cExport-release.cmake
[0.699s] -- Up-to-date: /home/anatoly/ros2k_ws/install/xarm_msgs/share/xarm_msgs/cmake/export_xarm_msgs__rosidl_generator_cppExport.cmake
[0.699s] -- Up-to-date: /home/anatoly/ros2k_ws/install/xarm_msgs/share/xarm_msgs/cmake/export_xarm_msgs__rosidl_typesupport_fastrtps_cppExport.cmake
[0.699s] -- Up-to-date: /home/anatoly/ros2k_ws/install/xarm_msgs/share/xarm_msgs/cmake/export_xarm_msgs__rosidl_typesupport_fastrtps_cppExport-release.cmake
[0.699s] -- Up-to-date: /home/anatoly/ros2k_ws/install/xarm_msgs/share/xarm_msgs/cmake/xarm_msgs__rosidl_typesupport_introspection_cExport.cmake
[0.699s] -- Up-to-date: /home/anatoly/ros2k_ws/install/xarm_msgs/share/xarm_msgs/cmake/xarm_msgs__rosidl_typesupport_introspection_cExport-release.cmake
[0.699s] -- Up-to-date: /home/anatoly/ros2k_ws/install/xarm_msgs/share/xarm_msgs/cmake/xarm_msgs__rosidl_typesupport_cExport.cmake
[0.700s] -- Up-to-date: /home/anatoly/ros2k_ws/install/xarm_msgs/share/xarm_msgs/cmake/xarm_msgs__rosidl_typesupport_cExport-release.cmake
[0.700s] -- Up-to-date: /home/anatoly/ros2k_ws/install/xarm_msgs/share/xarm_msgs/cmake/xarm_msgs__rosidl_typesupport_introspection_cppExport.cmake
[0.700s] -- Up-to-date: /home/anatoly/ros2k_ws/install/xarm_msgs/share/xarm_msgs/cmake/xarm_msgs__rosidl_typesupport_introspection_cppExport-release.cmake
[0.700s] -- Up-to-date: /home/anatoly/ros2k_ws/install/xarm_msgs/share/xarm_msgs/cmake/xarm_msgs__rosidl_typesupport_cppExport.cmake
[0.700s] -- Up-to-date: /home/anatoly/ros2k_ws/install/xarm_msgs/share/xarm_msgs/cmake/xarm_msgs__rosidl_typesupport_cppExport-release.cmake
[0.700s] -- Up-to-date: /home/anatoly/ros2k_ws/install/xarm_msgs/share/xarm_msgs/cmake/export_xarm_msgs__rosidl_generator_pyExport.cmake
[0.700s] -- Up-to-date: /home/anatoly/ros2k_ws/install/xarm_msgs/share/xarm_msgs/cmake/export_xarm_msgs__rosidl_generator_pyExport-release.cmake
[0.703s] Invoked command in '/home/anatoly/ros2k_ws/build/xarm_msgs' returned '0': CMAKE_PREFIX_PATH=${CMAKE_PREFIX_PATH}:/home/anatoly/ros2k_ws/install/uf_ros_lib:/opt/ros/kilted DEBUGINFOD_URLS=https://debuginfod.ubuntu.com /usr/bin/cmake --install /home/anatoly/ros2k_ws/build/xarm_msgs
