[0.094s] DEBUG:colcon:Command line arguments: ['/usr/bin/colcon', 'build', '--packages-up-to', 'xarm_moveit_config', '--symlink-install', '--cmake-args', '-DCMAKE_BUILD_TYPE=Release', '--event-handlers', 'console_direct+', '--packages-skip', 'realsense_gazebo_plugin', 'xarm_gazebo', 'd435i_xarm_setup']
[0.094s] DEBUG:colcon:Parsed command line arguments: Namespace(log_base=None, log_level=None, verb_name='build', build_base='build', install_base='install', merge_install=False, symlink_install=True, test_result_base=None, continue_on_error=False, executor='parallel', parallel_workers=12, event_handlers=['console_direct+'], ignore_user_meta=False, metas=['./colcon.meta'], base_paths=['.'], packages_ignore=None, packages_ignore_regex=None, paths=None, packages_up_to=['xarm_moveit_config'], packages_up_to_regex=None, packages_above=None, packages_above_and_dependencies=None, packages_above_depth=None, packages_select_by_dep=None, packages_skip_by_dep=None, packages_skip_up_to=None, packages_select_build_failed=False, packages_skip_build_finished=False, packages_select_test_failures=False, packages_skip_test_passed=False, packages_select=None, packages_skip=['realsense_gazebo_plugin', 'xarm_gazebo', 'd435i_xarm_setup'], packages_select_regex=None, packages_skip_regex=None, packages_start=None, packages_end=None, allow_overriding=[], cmake_args=['-DCMAKE_BUILD_TYPE=Release'], cmake_target=None, cmake_target_skip_unavailable=False, cmake_clean_cache=False, cmake_clean_first=False, cmake_force_configure=False, ament_cmake_args=None, catkin_cmake_args=None, catkin_skip_building_tests=False, mixin_files=None, mixin=None, verb_parser=<colcon_mixin.mixin.mixin_argument.MixinArgumentDecorator object at 0x76c9cbf91a00>, verb_extension=<colcon_core.verb.build.BuildVerb object at 0x76c9cbf91730>, main=<bound method BuildVerb.main of <colcon_core.verb.build.BuildVerb object at 0x76c9cbf91730>>, mixin_verb=('build',))
[0.129s] Level 1:colcon.colcon_core.package_discovery:discover_packages(colcon_meta) check parameters
[0.129s] Level 1:colcon.colcon_core.package_discovery:discover_packages(recursive) check parameters
[0.129s] Level 1:colcon.colcon_core.package_discovery:discover_packages(ignore) check parameters
[0.129s] Level 1:colcon.colcon_core.package_discovery:discover_packages(path) check parameters
[0.129s] Level 1:colcon.colcon_core.package_discovery:discover_packages(colcon_meta) discover
[0.129s] Level 1:colcon.colcon_core.package_discovery:discover_packages(recursive) discover
[0.129s] INFO:colcon.colcon_core.package_discovery:Crawling recursively for packages in '/home/anatoly/ros2k_ws'
[0.129s] Level 1:colcon.colcon_core.package_identification:_identify(.) by extensions ['ignore', 'ignore_ament_install']
[0.129s] Level 1:colcon.colcon_core.package_identification:_identify(.) by extension 'ignore'
[0.129s] Level 1:colcon.colcon_core.package_identification:_identify(.) by extension 'ignore_ament_install'
[0.129s] Level 1:colcon.colcon_core.package_identification:_identify(.) by extensions ['colcon_pkg']
[0.129s] Level 1:colcon.colcon_core.package_identification:_identify(.) by extension 'colcon_pkg'
[0.129s] Level 1:colcon.colcon_core.package_identification:_identify(.) by extensions ['colcon_meta']
[0.129s] Level 1:colcon.colcon_core.package_identification:_identify(.) by extension 'colcon_meta'
[0.130s] Level 1:colcon.colcon_core.package_identification:_identify(.) by extensions ['ros']
[0.130s] Level 1:colcon.colcon_core.package_identification:_identify(.) by extension 'ros'
[0.151s] Level 1:colcon.colcon_core.package_identification:_identify(.) by extensions ['cmake', 'python']
[0.151s] Level 1:colcon.colcon_core.package_identification:_identify(.) by extension 'cmake'
[0.151s] Level 1:colcon.colcon_core.package_identification:_identify(.) by extension 'python'
[0.151s] Level 1:colcon.colcon_core.package_identification:_identify(.) by extensions ['python_setup_py']
[0.151s] Level 1:colcon.colcon_core.package_identification:_identify(.) by extension 'python_setup_py'
[0.151s] Level 1:colcon.colcon_core.package_identification:_identify(build) by extensions ['ignore', 'ignore_ament_install']
[0.152s] Level 1:colcon.colcon_core.package_identification:_identify(build) by extension 'ignore'
[0.152s] Level 1:colcon.colcon_core.package_identification:_identify(build) ignored
[0.152s] Level 1:colcon.colcon_core.package_identification:_identify(install) by extensions ['ignore', 'ignore_ament_install']
[0.152s] Level 1:colcon.colcon_core.package_identification:_identify(install) by extension 'ignore'
[0.152s] Level 1:colcon.colcon_core.package_identification:_identify(install) ignored
[0.152s] Level 1:colcon.colcon_core.package_identification:_identify(log) by extensions ['ignore', 'ignore_ament_install']
[0.152s] Level 1:colcon.colcon_core.package_identification:_identify(log) by extension 'ignore'
[0.152s] Level 1:colcon.colcon_core.package_identification:_identify(log) ignored
[0.152s] Level 1:colcon.colcon_core.package_identification:_identify(src) by extensions ['ignore', 'ignore_ament_install']
[0.152s] Level 1:colcon.colcon_core.package_identification:_identify(src) by extension 'ignore'
[0.152s] Level 1:colcon.colcon_core.package_identification:_identify(src) by extension 'ignore_ament_install'
[0.152s] Level 1:colcon.colcon_core.package_identification:_identify(src) by extensions ['colcon_pkg']
[0.152s] Level 1:colcon.colcon_core.package_identification:_identify(src) by extension 'colcon_pkg'
[0.152s] Level 1:colcon.colcon_core.package_identification:_identify(src) by extensions ['colcon_meta']
[0.152s] Level 1:colcon.colcon_core.package_identification:_identify(src) by extension 'colcon_meta'
[0.152s] Level 1:colcon.colcon_core.package_identification:_identify(src) by extensions ['ros']
[0.152s] Level 1:colcon.colcon_core.package_identification:_identify(src) by extension 'ros'
[0.152s] Level 1:colcon.colcon_core.package_identification:_identify(src) by extensions ['cmake', 'python']
[0.152s] Level 1:colcon.colcon_core.package_identification:_identify(src) by extension 'cmake'
[0.152s] Level 1:colcon.colcon_core.package_identification:_identify(src) by extension 'python'
[0.152s] Level 1:colcon.colcon_core.package_identification:_identify(src) by extensions ['python_setup_py']
[0.152s] Level 1:colcon.colcon_core.package_identification:_identify(src) by extension 'python_setup_py'
[0.153s] Level 1:colcon.colcon_core.package_identification:_identify(src/object_recognition_msgs) by extensions ['ignore', 'ignore_ament_install']
[0.153s] Level 1:colcon.colcon_core.package_identification:_identify(src/object_recognition_msgs) by extension 'ignore'
[0.153s] Level 1:colcon.colcon_core.package_identification:_identify(src/object_recognition_msgs) by extension 'ignore_ament_install'
[0.153s] Level 1:colcon.colcon_core.package_identification:_identify(src/object_recognition_msgs) by extensions ['colcon_pkg']
[0.153s] Level 1:colcon.colcon_core.package_identification:_identify(src/object_recognition_msgs) by extension 'colcon_pkg'
[0.153s] Level 1:colcon.colcon_core.package_identification:_identify(src/object_recognition_msgs) by extensions ['colcon_meta']
[0.153s] Level 1:colcon.colcon_core.package_identification:_identify(src/object_recognition_msgs) by extension 'colcon_meta'
[0.153s] Level 1:colcon.colcon_core.package_identification:_identify(src/object_recognition_msgs) by extensions ['ros']
[0.153s] Level 1:colcon.colcon_core.package_identification:_identify(src/object_recognition_msgs) by extension 'ros'
[0.155s] DEBUG:colcon.colcon_core.package_identification:Package 'src/object_recognition_msgs' with type 'ros.ament_cmake' and name 'object_recognition_msgs'
[0.155s] Level 1:colcon.colcon_core.package_identification:_identify(src/xarm_ros2) by extensions ['ignore', 'ignore_ament_install']
[0.155s] Level 1:colcon.colcon_core.package_identification:_identify(src/xarm_ros2) by extension 'ignore'
[0.155s] Level 1:colcon.colcon_core.package_identification:_identify(src/xarm_ros2) by extension 'ignore_ament_install'
[0.155s] Level 1:colcon.colcon_core.package_identification:_identify(src/xarm_ros2) by extensions ['colcon_pkg']
[0.155s] Level 1:colcon.colcon_core.package_identification:_identify(src/xarm_ros2) by extension 'colcon_pkg'
[0.155s] Level 1:colcon.colcon_core.package_identification:_identify(src/xarm_ros2) by extensions ['colcon_meta']
[0.155s] Level 1:colcon.colcon_core.package_identification:_identify(src/xarm_ros2) by extension 'colcon_meta'
[0.155s] Level 1:colcon.colcon_core.package_identification:_identify(src/xarm_ros2) by extensions ['ros']
[0.155s] Level 1:colcon.colcon_core.package_identification:_identify(src/xarm_ros2) by extension 'ros'
[0.155s] Level 1:colcon.colcon_core.package_identification:_identify(src/xarm_ros2) by extensions ['cmake', 'python']
[0.155s] Level 1:colcon.colcon_core.package_identification:_identify(src/xarm_ros2) by extension 'cmake'
[0.155s] Level 1:colcon.colcon_core.package_identification:_identify(src/xarm_ros2) by extension 'python'
[0.155s] Level 1:colcon.colcon_core.package_identification:_identify(src/xarm_ros2) by extensions ['python_setup_py']
[0.155s] Level 1:colcon.colcon_core.package_identification:_identify(src/xarm_ros2) by extension 'python_setup_py'
[0.155s] Level 1:colcon.colcon_core.package_identification:_identify(src/xarm_ros2/demo) by extensions ['ignore', 'ignore_ament_install']
[0.155s] Level 1:colcon.colcon_core.package_identification:_identify(src/xarm_ros2/demo) by extension 'ignore'
[0.155s] Level 1:colcon.colcon_core.package_identification:_identify(src/xarm_ros2/demo) by extension 'ignore_ament_install'
[0.155s] Level 1:colcon.colcon_core.package_identification:_identify(src/xarm_ros2/demo) by extensions ['colcon_pkg']
[0.155s] Level 1:colcon.colcon_core.package_identification:_identify(src/xarm_ros2/demo) by extension 'colcon_pkg'
[0.155s] Level 1:colcon.colcon_core.package_identification:_identify(src/xarm_ros2/demo) by extensions ['colcon_meta']
[0.156s] Level 1:colcon.colcon_core.package_identification:_identify(src/xarm_ros2/demo) by extension 'colcon_meta'
[0.156s] Level 1:colcon.colcon_core.package_identification:_identify(src/xarm_ros2/demo) by extensions ['ros']
[0.156s] Level 1:colcon.colcon_core.package_identification:_identify(src/xarm_ros2/demo) by extension 'ros'
[0.156s] Level 1:colcon.colcon_core.package_identification:_identify(src/xarm_ros2/demo) by extensions ['cmake', 'python']
[0.156s] Level 1:colcon.colcon_core.package_identification:_identify(src/xarm_ros2/demo) by extension 'cmake'
[0.156s] Level 1:colcon.colcon_core.package_identification:_identify(src/xarm_ros2/demo) by extension 'python'
[0.156s] Level 1:colcon.colcon_core.package_identification:_identify(src/xarm_ros2/demo) by extensions ['python_setup_py']
[0.156s] Level 1:colcon.colcon_core.package_identification:_identify(src/xarm_ros2/demo) by extension 'python_setup_py'
[0.156s] Level 1:colcon.colcon_core.package_identification:_identify(src/xarm_ros2/demo/mbot_demo) by extensions ['ignore', 'ignore_ament_install']
[0.156s] Level 1:colcon.colcon_core.package_identification:_identify(src/xarm_ros2/demo/mbot_demo) by extension 'ignore'
[0.156s] Level 1:colcon.colcon_core.package_identification:_identify(src/xarm_ros2/demo/mbot_demo) by extension 'ignore_ament_install'
[0.156s] Level 1:colcon.colcon_core.package_identification:_identify(src/xarm_ros2/demo/mbot_demo) by extensions ['colcon_pkg']
[0.156s] Level 1:colcon.colcon_core.package_identification:_identify(src/xarm_ros2/demo/mbot_demo) by extension 'colcon_pkg'
[0.156s] Level 1:colcon.colcon_core.package_identification:_identify(src/xarm_ros2/demo/mbot_demo) by extensions ['colcon_meta']
[0.156s] Level 1:colcon.colcon_core.package_identification:_identify(src/xarm_ros2/demo/mbot_demo) by extension 'colcon_meta'
[0.156s] Level 1:colcon.colcon_core.package_identification:_identify(src/xarm_ros2/demo/mbot_demo) by extensions ['ros']
[0.156s] Level 1:colcon.colcon_core.package_identification:_identify(src/xarm_ros2/demo/mbot_demo) by extension 'ros'
[0.157s] DEBUG:colcon.colcon_core.package_identification:Package 'src/xarm_ros2/demo/mbot_demo' with type 'ros.ament_cmake' and name 'mbot_demo'
[0.157s] Level 1:colcon.colcon_core.package_identification:_identify(src/xarm_ros2/thirdparty) by extensions ['ignore', 'ignore_ament_install']
[0.157s] Level 1:colcon.colcon_core.package_identification:_identify(src/xarm_ros2/thirdparty) by extension 'ignore'
[0.157s] Level 1:colcon.colcon_core.package_identification:_identify(src/xarm_ros2/thirdparty) by extension 'ignore_ament_install'
[0.157s] Level 1:colcon.colcon_core.package_identification:_identify(src/xarm_ros2/thirdparty) by extensions ['colcon_pkg']
[0.157s] Level 1:colcon.colcon_core.package_identification:_identify(src/xarm_ros2/thirdparty) by extension 'colcon_pkg'
[0.157s] Level 1:colcon.colcon_core.package_identification:_identify(src/xarm_ros2/thirdparty) by extensions ['colcon_meta']
[0.157s] Level 1:colcon.colcon_core.package_identification:_identify(src/xarm_ros2/thirdparty) by extension 'colcon_meta'
[0.157s] Level 1:colcon.colcon_core.package_identification:_identify(src/xarm_ros2/thirdparty) by extensions ['ros']
[0.157s] Level 1:colcon.colcon_core.package_identification:_identify(src/xarm_ros2/thirdparty) by extension 'ros'
[0.157s] Level 1:colcon.colcon_core.package_identification:_identify(src/xarm_ros2/thirdparty) by extensions ['cmake', 'python']
[0.157s] Level 1:colcon.colcon_core.package_identification:_identify(src/xarm_ros2/thirdparty) by extension 'cmake'
[0.157s] Level 1:colcon.colcon_core.package_identification:_identify(src/xarm_ros2/thirdparty) by extension 'python'
[0.157s] Level 1:colcon.colcon_core.package_identification:_identify(src/xarm_ros2/thirdparty) by extensions ['python_setup_py']
[0.157s] Level 1:colcon.colcon_core.package_identification:_identify(src/xarm_ros2/thirdparty) by extension 'python_setup_py'
[0.157s] Level 1:colcon.colcon_core.package_identification:_identify(src/xarm_ros2/thirdparty/realsense_gazebo_plugin) by extensions ['ignore', 'ignore_ament_install']
[0.157s] Level 1:colcon.colcon_core.package_identification:_identify(src/xarm_ros2/thirdparty/realsense_gazebo_plugin) by extension 'ignore'
[0.157s] Level 1:colcon.colcon_core.package_identification:_identify(src/xarm_ros2/thirdparty/realsense_gazebo_plugin) by extension 'ignore_ament_install'
[0.157s] Level 1:colcon.colcon_core.package_identification:_identify(src/xarm_ros2/thirdparty/realsense_gazebo_plugin) by extensions ['colcon_pkg']
[0.157s] Level 1:colcon.colcon_core.package_identification:_identify(src/xarm_ros2/thirdparty/realsense_gazebo_plugin) by extension 'colcon_pkg'
[0.157s] Level 1:colcon.colcon_core.package_identification:_identify(src/xarm_ros2/thirdparty/realsense_gazebo_plugin) by extensions ['colcon_meta']
[0.157s] Level 1:colcon.colcon_core.package_identification:_identify(src/xarm_ros2/thirdparty/realsense_gazebo_plugin) by extension 'colcon_meta'
[0.157s] Level 1:colcon.colcon_core.package_identification:_identify(src/xarm_ros2/thirdparty/realsense_gazebo_plugin) by extensions ['ros']
[0.157s] Level 1:colcon.colcon_core.package_identification:_identify(src/xarm_ros2/thirdparty/realsense_gazebo_plugin) by extension 'ros'
[0.158s] DEBUG:colcon.colcon_core.package_identification:Package 'src/xarm_ros2/thirdparty/realsense_gazebo_plugin' with type 'ros.ament_cmake' and name 'realsense_gazebo_plugin'
[0.158s] Level 1:colcon.colcon_core.package_identification:_identify(src/xarm_ros2/uf_ros_lib) by extensions ['ignore', 'ignore_ament_install']
[0.158s] Level 1:colcon.colcon_core.package_identification:_identify(src/xarm_ros2/uf_ros_lib) by extension 'ignore'
[0.158s] Level 1:colcon.colcon_core.package_identification:_identify(src/xarm_ros2/uf_ros_lib) by extension 'ignore_ament_install'
[0.158s] Level 1:colcon.colcon_core.package_identification:_identify(src/xarm_ros2/uf_ros_lib) by extensions ['colcon_pkg']
[0.158s] Level 1:colcon.colcon_core.package_identification:_identify(src/xarm_ros2/uf_ros_lib) by extension 'colcon_pkg'
[0.158s] Level 1:colcon.colcon_core.package_identification:_identify(src/xarm_ros2/uf_ros_lib) by extensions ['colcon_meta']
[0.158s] Level 1:colcon.colcon_core.package_identification:_identify(src/xarm_ros2/uf_ros_lib) by extension 'colcon_meta'
[0.158s] Level 1:colcon.colcon_core.package_identification:_identify(src/xarm_ros2/uf_ros_lib) by extensions ['ros']
[0.158s] Level 1:colcon.colcon_core.package_identification:_identify(src/xarm_ros2/uf_ros_lib) by extension 'ros'
[0.159s] DEBUG:colcon.colcon_core.package_identification:Package 'src/xarm_ros2/uf_ros_lib' with type 'ros.ament_python' and name 'uf_ros_lib'
[0.159s] Level 1:colcon.colcon_core.package_identification:_identify(src/xarm_ros2/xarm_api) by extensions ['ignore', 'ignore_ament_install']
[0.159s] Level 1:colcon.colcon_core.package_identification:_identify(src/xarm_ros2/xarm_api) by extension 'ignore'
[0.159s] Level 1:colcon.colcon_core.package_identification:_identify(src/xarm_ros2/xarm_api) by extension 'ignore_ament_install'
[0.159s] Level 1:colcon.colcon_core.package_identification:_identify(src/xarm_ros2/xarm_api) by extensions ['colcon_pkg']
[0.159s] Level 1:colcon.colcon_core.package_identification:_identify(src/xarm_ros2/xarm_api) by extension 'colcon_pkg'
[0.159s] Level 1:colcon.colcon_core.package_identification:_identify(src/xarm_ros2/xarm_api) by extensions ['colcon_meta']
[0.159s] Level 1:colcon.colcon_core.package_identification:_identify(src/xarm_ros2/xarm_api) by extension 'colcon_meta'
[0.159s] Level 1:colcon.colcon_core.package_identification:_identify(src/xarm_ros2/xarm_api) by extensions ['ros']
[0.159s] Level 1:colcon.colcon_core.package_identification:_identify(src/xarm_ros2/xarm_api) by extension 'ros'
[0.160s] DEBUG:colcon.colcon_core.package_identification:Package 'src/xarm_ros2/xarm_api' with type 'ros.ament_cmake' and name 'xarm_api'
[0.160s] Level 1:colcon.colcon_core.package_identification:_identify(src/xarm_ros2/xarm_controller) by extensions ['ignore', 'ignore_ament_install']
[0.160s] Level 1:colcon.colcon_core.package_identification:_identify(src/xarm_ros2/xarm_controller) by extension 'ignore'
[0.160s] Level 1:colcon.colcon_core.package_identification:_identify(src/xarm_ros2/xarm_controller) by extension 'ignore_ament_install'
[0.160s] Level 1:colcon.colcon_core.package_identification:_identify(src/xarm_ros2/xarm_controller) by extensions ['colcon_pkg']
[0.160s] Level 1:colcon.colcon_core.package_identification:_identify(src/xarm_ros2/xarm_controller) by extension 'colcon_pkg'
[0.160s] Level 1:colcon.colcon_core.package_identification:_identify(src/xarm_ros2/xarm_controller) by extensions ['colcon_meta']
[0.160s] Level 1:colcon.colcon_core.package_identification:_identify(src/xarm_ros2/xarm_controller) by extension 'colcon_meta'
[0.160s] Level 1:colcon.colcon_core.package_identification:_identify(src/xarm_ros2/xarm_controller) by extensions ['ros']
[0.160s] Level 1:colcon.colcon_core.package_identification:_identify(src/xarm_ros2/xarm_controller) by extension 'ros'
[0.161s] DEBUG:colcon.colcon_core.package_identification:Package 'src/xarm_ros2/xarm_controller' with type 'ros.ament_cmake' and name 'xarm_controller'
[0.161s] Level 1:colcon.colcon_core.package_identification:_identify(src/xarm_ros2/xarm_description) by extensions ['ignore', 'ignore_ament_install']
[0.161s] Level 1:colcon.colcon_core.package_identification:_identify(src/xarm_ros2/xarm_description) by extension 'ignore'
[0.162s] Level 1:colcon.colcon_core.package_identification:_identify(src/xarm_ros2/xarm_description) by extension 'ignore_ament_install'
[0.162s] Level 1:colcon.colcon_core.package_identification:_identify(src/xarm_ros2/xarm_description) by extensions ['colcon_pkg']
[0.162s] Level 1:colcon.colcon_core.package_identification:_identify(src/xarm_ros2/xarm_description) by extension 'colcon_pkg'
[0.162s] Level 1:colcon.colcon_core.package_identification:_identify(src/xarm_ros2/xarm_description) by extensions ['colcon_meta']
[0.162s] Level 1:colcon.colcon_core.package_identification:_identify(src/xarm_ros2/xarm_description) by extension 'colcon_meta'
[0.162s] Level 1:colcon.colcon_core.package_identification:_identify(src/xarm_ros2/xarm_description) by extensions ['ros']
[0.162s] Level 1:colcon.colcon_core.package_identification:_identify(src/xarm_ros2/xarm_description) by extension 'ros'
[0.162s] DEBUG:colcon.colcon_core.package_identification:Package 'src/xarm_ros2/xarm_description' with type 'ros.ament_cmake' and name 'xarm_description'
[0.162s] Level 1:colcon.colcon_core.package_identification:_identify(src/xarm_ros2/xarm_gazebo) by extensions ['ignore', 'ignore_ament_install']
[0.162s] Level 1:colcon.colcon_core.package_identification:_identify(src/xarm_ros2/xarm_gazebo) by extension 'ignore'
[0.162s] Level 1:colcon.colcon_core.package_identification:_identify(src/xarm_ros2/xarm_gazebo) by extension 'ignore_ament_install'
[0.162s] Level 1:colcon.colcon_core.package_identification:_identify(src/xarm_ros2/xarm_gazebo) by extensions ['colcon_pkg']
[0.162s] Level 1:colcon.colcon_core.package_identification:_identify(src/xarm_ros2/xarm_gazebo) by extension 'colcon_pkg'
[0.162s] Level 1:colcon.colcon_core.package_identification:_identify(src/xarm_ros2/xarm_gazebo) by extensions ['colcon_meta']
[0.162s] Level 1:colcon.colcon_core.package_identification:_identify(src/xarm_ros2/xarm_gazebo) by extension 'colcon_meta'
[0.162s] Level 1:colcon.colcon_core.package_identification:_identify(src/xarm_ros2/xarm_gazebo) by extensions ['ros']
[0.162s] Level 1:colcon.colcon_core.package_identification:_identify(src/xarm_ros2/xarm_gazebo) by extension 'ros'
[0.163s] DEBUG:colcon.colcon_core.package_identification:Package 'src/xarm_ros2/xarm_gazebo' with type 'ros.ament_cmake' and name 'xarm_gazebo'
[0.163s] Level 1:colcon.colcon_core.package_identification:_identify(src/xarm_ros2/xarm_moveit_config) by extensions ['ignore', 'ignore_ament_install']
[0.163s] Level 1:colcon.colcon_core.package_identification:_identify(src/xarm_ros2/xarm_moveit_config) by extension 'ignore'
[0.163s] Level 1:colcon.colcon_core.package_identification:_identify(src/xarm_ros2/xarm_moveit_config) by extension 'ignore_ament_install'
[0.163s] Level 1:colcon.colcon_core.package_identification:_identify(src/xarm_ros2/xarm_moveit_config) by extensions ['colcon_pkg']
[0.163s] Level 1:colcon.colcon_core.package_identification:_identify(src/xarm_ros2/xarm_moveit_config) by extension 'colcon_pkg'
[0.163s] Level 1:colcon.colcon_core.package_identification:_identify(src/xarm_ros2/xarm_moveit_config) by extensions ['colcon_meta']
[0.163s] Level 1:colcon.colcon_core.package_identification:_identify(src/xarm_ros2/xarm_moveit_config) by extension 'colcon_meta'
[0.163s] Level 1:colcon.colcon_core.package_identification:_identify(src/xarm_ros2/xarm_moveit_config) by extensions ['ros']
[0.163s] Level 1:colcon.colcon_core.package_identification:_identify(src/xarm_ros2/xarm_moveit_config) by extension 'ros'
[0.164s] DEBUG:colcon.colcon_core.package_identification:Package 'src/xarm_ros2/xarm_moveit_config' with type 'ros.ament_cmake' and name 'xarm_moveit_config'
[0.164s] Level 1:colcon.colcon_core.package_identification:_identify(src/xarm_ros2/xarm_moveit_servo) by extensions ['ignore', 'ignore_ament_install']
[0.164s] Level 1:colcon.colcon_core.package_identification:_identify(src/xarm_ros2/xarm_moveit_servo) by extension 'ignore'
[0.164s] Level 1:colcon.colcon_core.package_identification:_identify(src/xarm_ros2/xarm_moveit_servo) by extension 'ignore_ament_install'
[0.164s] Level 1:colcon.colcon_core.package_identification:_identify(src/xarm_ros2/xarm_moveit_servo) by extensions ['colcon_pkg']
[0.164s] Level 1:colcon.colcon_core.package_identification:_identify(src/xarm_ros2/xarm_moveit_servo) by extension 'colcon_pkg'
[0.164s] Level 1:colcon.colcon_core.package_identification:_identify(src/xarm_ros2/xarm_moveit_servo) by extensions ['colcon_meta']
[0.164s] Level 1:colcon.colcon_core.package_identification:_identify(src/xarm_ros2/xarm_moveit_servo) by extension 'colcon_meta'
[0.164s] Level 1:colcon.colcon_core.package_identification:_identify(src/xarm_ros2/xarm_moveit_servo) by extensions ['ros']
[0.164s] Level 1:colcon.colcon_core.package_identification:_identify(src/xarm_ros2/xarm_moveit_servo) by extension 'ros'
[0.165s] DEBUG:colcon.colcon_core.package_identification:Package 'src/xarm_ros2/xarm_moveit_servo' with type 'ros.ament_cmake' and name 'xarm_moveit_servo'
[0.165s] Level 1:colcon.colcon_core.package_identification:_identify(src/xarm_ros2/xarm_msgs) by extensions ['ignore', 'ignore_ament_install']
[0.165s] Level 1:colcon.colcon_core.package_identification:_identify(src/xarm_ros2/xarm_msgs) by extension 'ignore'
[0.166s] Level 1:colcon.colcon_core.package_identification:_identify(src/xarm_ros2/xarm_msgs) by extension 'ignore_ament_install'
[0.166s] Level 1:colcon.colcon_core.package_identification:_identify(src/xarm_ros2/xarm_msgs) by extensions ['colcon_pkg']
[0.166s] Level 1:colcon.colcon_core.package_identification:_identify(src/xarm_ros2/xarm_msgs) by extension 'colcon_pkg'
[0.166s] Level 1:colcon.colcon_core.package_identification:_identify(src/xarm_ros2/xarm_msgs) by extensions ['colcon_meta']
[0.166s] Level 1:colcon.colcon_core.package_identification:_identify(src/xarm_ros2/xarm_msgs) by extension 'colcon_meta'
[0.166s] Level 1:colcon.colcon_core.package_identification:_identify(src/xarm_ros2/xarm_msgs) by extensions ['ros']
[0.166s] Level 1:colcon.colcon_core.package_identification:_identify(src/xarm_ros2/xarm_msgs) by extension 'ros'
[0.166s] DEBUG:colcon.colcon_core.package_identification:Package 'src/xarm_ros2/xarm_msgs' with type 'ros.ament_cmake' and name 'xarm_msgs'
[0.166s] Level 1:colcon.colcon_core.package_identification:_identify(src/xarm_ros2/xarm_planner) by extensions ['ignore', 'ignore_ament_install']
[0.166s] Level 1:colcon.colcon_core.package_identification:_identify(src/xarm_ros2/xarm_planner) by extension 'ignore'
[0.166s] Level 1:colcon.colcon_core.package_identification:_identify(src/xarm_ros2/xarm_planner) by extension 'ignore_ament_install'
[0.166s] Level 1:colcon.colcon_core.package_identification:_identify(src/xarm_ros2/xarm_planner) by extensions ['colcon_pkg']
[0.166s] Level 1:colcon.colcon_core.package_identification:_identify(src/xarm_ros2/xarm_planner) by extension 'colcon_pkg'
[0.166s] Level 1:colcon.colcon_core.package_identification:_identify(src/xarm_ros2/xarm_planner) by extensions ['colcon_meta']
[0.166s] Level 1:colcon.colcon_core.package_identification:_identify(src/xarm_ros2/xarm_planner) by extension 'colcon_meta'
[0.167s] Level 1:colcon.colcon_core.package_identification:_identify(src/xarm_ros2/xarm_planner) by extensions ['ros']
[0.167s] Level 1:colcon.colcon_core.package_identification:_identify(src/xarm_ros2/xarm_planner) by extension 'ros'
[0.167s] DEBUG:colcon.colcon_core.package_identification:Package 'src/xarm_ros2/xarm_planner' with type 'ros.ament_cmake' and name 'xarm_planner'
[0.167s] Level 1:colcon.colcon_core.package_identification:_identify(src/xarm_ros2/xarm_sdk) by extensions ['ignore', 'ignore_ament_install']
[0.167s] Level 1:colcon.colcon_core.package_identification:_identify(src/xarm_ros2/xarm_sdk) by extension 'ignore'
[0.167s] Level 1:colcon.colcon_core.package_identification:_identify(src/xarm_ros2/xarm_sdk) by extension 'ignore_ament_install'
[0.167s] Level 1:colcon.colcon_core.package_identification:_identify(src/xarm_ros2/xarm_sdk) by extensions ['colcon_pkg']
[0.168s] Level 1:colcon.colcon_core.package_identification:_identify(src/xarm_ros2/xarm_sdk) by extension 'colcon_pkg'
[0.168s] Level 1:colcon.colcon_core.package_identification:_identify(src/xarm_ros2/xarm_sdk) by extensions ['colcon_meta']
[0.168s] Level 1:colcon.colcon_core.package_identification:_identify(src/xarm_ros2/xarm_sdk) by extension 'colcon_meta'
[0.168s] Level 1:colcon.colcon_core.package_identification:_identify(src/xarm_ros2/xarm_sdk) by extensions ['ros']
[0.168s] Level 1:colcon.colcon_core.package_identification:_identify(src/xarm_ros2/xarm_sdk) by extension 'ros'
[0.168s] DEBUG:colcon.colcon_core.package_identification:Package 'src/xarm_ros2/xarm_sdk' with type 'ros.ament_cmake' and name 'xarm_sdk'
[0.168s] Level 1:colcon.colcon_core.package_identification:_identify(src/xarm_ros2/xarm_vision) by extensions ['ignore', 'ignore_ament_install']
[0.168s] Level 1:colcon.colcon_core.package_identification:_identify(src/xarm_ros2/xarm_vision) by extension 'ignore'
[0.168s] Level 1:colcon.colcon_core.package_identification:_identify(src/xarm_ros2/xarm_vision) by extension 'ignore_ament_install'
[0.168s] Level 1:colcon.colcon_core.package_identification:_identify(src/xarm_ros2/xarm_vision) by extensions ['colcon_pkg']
[0.168s] Level 1:colcon.colcon_core.package_identification:_identify(src/xarm_ros2/xarm_vision) by extension 'colcon_pkg'
[0.168s] Level 1:colcon.colcon_core.package_identification:_identify(src/xarm_ros2/xarm_vision) by extensions ['colcon_meta']
[0.168s] Level 1:colcon.colcon_core.package_identification:_identify(src/xarm_ros2/xarm_vision) by extension 'colcon_meta'
[0.168s] Level 1:colcon.colcon_core.package_identification:_identify(src/xarm_ros2/xarm_vision) by extensions ['ros']
[0.168s] Level 1:colcon.colcon_core.package_identification:_identify(src/xarm_ros2/xarm_vision) by extension 'ros'
[0.168s] Level 1:colcon.colcon_core.package_identification:_identify(src/xarm_ros2/xarm_vision) by extensions ['cmake', 'python']
[0.168s] Level 1:colcon.colcon_core.package_identification:_identify(src/xarm_ros2/xarm_vision) by extension 'cmake'
[0.168s] Level 1:colcon.colcon_core.package_identification:_identify(src/xarm_ros2/xarm_vision) by extension 'python'
[0.168s] Level 1:colcon.colcon_core.package_identification:_identify(src/xarm_ros2/xarm_vision) by extensions ['python_setup_py']
[0.168s] Level 1:colcon.colcon_core.package_identification:_identify(src/xarm_ros2/xarm_vision) by extension 'python_setup_py'
[0.169s] Level 1:colcon.colcon_core.package_identification:_identify(src/xarm_ros2/xarm_vision/d435i_xarm_setup) by extensions ['ignore', 'ignore_ament_install']
[0.169s] Level 1:colcon.colcon_core.package_identification:_identify(src/xarm_ros2/xarm_vision/d435i_xarm_setup) by extension 'ignore'
[0.169s] Level 1:colcon.colcon_core.package_identification:_identify(src/xarm_ros2/xarm_vision/d435i_xarm_setup) by extension 'ignore_ament_install'
[0.169s] Level 1:colcon.colcon_core.package_identification:_identify(src/xarm_ros2/xarm_vision/d435i_xarm_setup) by extensions ['colcon_pkg']
[0.169s] Level 1:colcon.colcon_core.package_identification:_identify(src/xarm_ros2/xarm_vision/d435i_xarm_setup) by extension 'colcon_pkg'
[0.169s] Level 1:colcon.colcon_core.package_identification:_identify(src/xarm_ros2/xarm_vision/d435i_xarm_setup) by extensions ['colcon_meta']
[0.169s] Level 1:colcon.colcon_core.package_identification:_identify(src/xarm_ros2/xarm_vision/d435i_xarm_setup) by extension 'colcon_meta'
[0.169s] Level 1:colcon.colcon_core.package_identification:_identify(src/xarm_ros2/xarm_vision/d435i_xarm_setup) by extensions ['ros']
[0.169s] Level 1:colcon.colcon_core.package_identification:_identify(src/xarm_ros2/xarm_vision/d435i_xarm_setup) by extension 'ros'
[0.170s] DEBUG:colcon.colcon_core.package_identification:Package 'src/xarm_ros2/xarm_vision/d435i_xarm_setup' with type 'ros.ament_cmake' and name 'd435i_xarm_setup'
[0.170s] Level 1:colcon.colcon_core.package_discovery:discover_packages(recursive) using defaults
[0.170s] Level 1:colcon.colcon_core.package_discovery:discover_packages(ignore) discover
[0.170s] Level 1:colcon.colcon_core.package_discovery:discover_packages(ignore) using defaults
[0.170s] Level 1:colcon.colcon_core.package_discovery:discover_packages(path) discover
[0.170s] Level 1:colcon.colcon_core.package_discovery:discover_packages(path) using defaults
[0.190s] INFO:colcon.colcon_core.package_selection:Skipping package 'xarm_planner' in 'src/xarm_ros2/xarm_planner'
[0.190s] INFO:colcon.colcon_core.package_selection:Skipping package 'xarm_moveit_servo' in 'src/xarm_ros2/xarm_moveit_servo'
[0.190s] INFO:colcon.colcon_core.package_selection:Skipping package 'xarm_gazebo' in 'src/xarm_ros2/xarm_gazebo'
[0.190s] INFO:colcon.colcon_core.package_selection:Skipping package 'd435i_xarm_setup' in 'src/xarm_ros2/xarm_vision/d435i_xarm_setup'
[0.190s] INFO:colcon.colcon_core.package_selection:Skipping package 'realsense_gazebo_plugin' in 'src/xarm_ros2/thirdparty/realsense_gazebo_plugin'
[0.190s] INFO:colcon.colcon_core.package_selection:Skipping package 'object_recognition_msgs' in 'src/object_recognition_msgs'
[0.190s] INFO:colcon.colcon_core.package_selection:Skipping package 'mbot_demo' in 'src/xarm_ros2/demo/mbot_demo'
[0.190s] Level 1:colcon.colcon_core.package_discovery:discover_packages(prefix_path) check parameters
[0.190s] Level 1:colcon.colcon_core.package_discovery:discover_packages(prefix_path) discover
[0.192s] DEBUG:colcon.colcon_installed_package_information.package_discovery:Found 10 installed packages in /home/anatoly/ros2k_ws/install
[0.194s] DEBUG:colcon.colcon_installed_package_information.package_discovery:Found 380 installed packages in /opt/ros/kilted
[0.195s] Level 1:colcon.colcon_core.package_discovery:discover_packages(prefix_path) using defaults
[0.241s] WARNING:colcon.colcon_core.package_selection:Some selected packages are already built in one or more underlay workspaces:
	'xarm_controller' is in: /home/anatoly/ros2k_ws/install/xarm_controller
	'uf_ros_lib' is in: /home/anatoly/ros2k_ws/install/uf_ros_lib
	'xarm_msgs' is in: /home/anatoly/ros2k_ws/install/xarm_msgs
	'xarm_description' is in: /home/anatoly/ros2k_ws/install/xarm_description
If a package in a merged underlay workspace is overridden and it installs headers, then all packages in the overlay must sort their include directories by workspace order. Failure to do so may result in build failures or undefined behavior at run time.
If the overridden package is used by another package in any underlay, then the overriding package in the overlay must be API and ABI compatible or undefined behavior at run time may occur.

If you understand the risks and want to override a package anyways, add the following to the command line:
	--allow-overriding uf_ros_lib xarm_controller xarm_description xarm_msgs

This may be promoted to an error in a future release of colcon-override-check.
[0.242s] Level 5:colcon.colcon_core.verb:set package 'uf_ros_lib' build argument 'cmake_args' from command line to '['-DCMAKE_BUILD_TYPE=Release']'
[0.242s] Level 5:colcon.colcon_core.verb:set package 'uf_ros_lib' build argument 'cmake_target' from command line to 'None'
[0.242s] Level 5:colcon.colcon_core.verb:set package 'uf_ros_lib' build argument 'cmake_target_skip_unavailable' from command line to 'False'
[0.242s] Level 5:colcon.colcon_core.verb:set package 'uf_ros_lib' build argument 'cmake_clean_cache' from command line to 'False'
[0.242s] Level 5:colcon.colcon_core.verb:set package 'uf_ros_lib' build argument 'cmake_clean_first' from command line to 'False'
[0.242s] Level 5:colcon.colcon_core.verb:set package 'uf_ros_lib' build argument 'cmake_force_configure' from command line to 'False'
[0.242s] Level 5:colcon.colcon_core.verb:set package 'uf_ros_lib' build argument 'ament_cmake_args' from command line to 'None'
[0.242s] Level 5:colcon.colcon_core.verb:set package 'uf_ros_lib' build argument 'catkin_cmake_args' from command line to 'None'
[0.242s] Level 5:colcon.colcon_core.verb:set package 'uf_ros_lib' build argument 'catkin_skip_building_tests' from command line to 'False'
[0.242s] DEBUG:colcon.colcon_core.verb:Building package 'uf_ros_lib' with the following arguments: {'ament_cmake_args': None, 'build_base': '/home/anatoly/ros2k_ws/build/uf_ros_lib', 'catkin_cmake_args': None, 'catkin_skip_building_tests': False, 'cmake_args': ['-DCMAKE_BUILD_TYPE=Release'], 'cmake_clean_cache': False, 'cmake_clean_first': False, 'cmake_force_configure': False, 'cmake_target': None, 'cmake_target_skip_unavailable': False, 'install_base': '/home/anatoly/ros2k_ws/install/uf_ros_lib', 'merge_install': False, 'path': '/home/anatoly/ros2k_ws/src/xarm_ros2/uf_ros_lib', 'symlink_install': True, 'test_result_base': None}
[0.243s] Level 5:colcon.colcon_core.verb:set package 'xarm_description' build argument 'cmake_args' from command line to '['-DCMAKE_BUILD_TYPE=Release']'
[0.243s] Level 5:colcon.colcon_core.verb:set package 'xarm_description' build argument 'cmake_target' from command line to 'None'
[0.243s] Level 5:colcon.colcon_core.verb:set package 'xarm_description' build argument 'cmake_target_skip_unavailable' from command line to 'False'
[0.243s] Level 5:colcon.colcon_core.verb:set package 'xarm_description' build argument 'cmake_clean_cache' from command line to 'False'
[0.243s] Level 5:colcon.colcon_core.verb:set package 'xarm_description' build argument 'cmake_clean_first' from command line to 'False'
[0.243s] Level 5:colcon.colcon_core.verb:set package 'xarm_description' build argument 'cmake_force_configure' from command line to 'False'
[0.243s] Level 5:colcon.colcon_core.verb:set package 'xarm_description' build argument 'ament_cmake_args' from command line to 'None'
[0.243s] Level 5:colcon.colcon_core.verb:set package 'xarm_description' build argument 'catkin_cmake_args' from command line to 'None'
[0.243s] Level 5:colcon.colcon_core.verb:set package 'xarm_description' build argument 'catkin_skip_building_tests' from command line to 'False'
[0.243s] DEBUG:colcon.colcon_core.verb:Building package 'xarm_description' with the following arguments: {'ament_cmake_args': None, 'build_base': '/home/anatoly/ros2k_ws/build/xarm_description', 'catkin_cmake_args': None, 'catkin_skip_building_tests': False, 'cmake_args': ['-DCMAKE_BUILD_TYPE=Release'], 'cmake_clean_cache': False, 'cmake_clean_first': False, 'cmake_force_configure': False, 'cmake_target': None, 'cmake_target_skip_unavailable': False, 'install_base': '/home/anatoly/ros2k_ws/install/xarm_description', 'merge_install': False, 'path': '/home/anatoly/ros2k_ws/src/xarm_ros2/xarm_description', 'symlink_install': True, 'test_result_base': None}
[0.243s] Level 5:colcon.colcon_core.verb:set package 'xarm_msgs' build argument 'cmake_args' from command line to '['-DCMAKE_BUILD_TYPE=Release']'
[0.243s] Level 5:colcon.colcon_core.verb:set package 'xarm_msgs' build argument 'cmake_target' from command line to 'None'
[0.243s] Level 5:colcon.colcon_core.verb:set package 'xarm_msgs' build argument 'cmake_target_skip_unavailable' from command line to 'False'
[0.243s] Level 5:colcon.colcon_core.verb:set package 'xarm_msgs' build argument 'cmake_clean_cache' from command line to 'False'
[0.243s] Level 5:colcon.colcon_core.verb:set package 'xarm_msgs' build argument 'cmake_clean_first' from command line to 'False'
[0.243s] Level 5:colcon.colcon_core.verb:set package 'xarm_msgs' build argument 'cmake_force_configure' from command line to 'False'
[0.243s] Level 5:colcon.colcon_core.verb:set package 'xarm_msgs' build argument 'ament_cmake_args' from command line to 'None'
[0.243s] Level 5:colcon.colcon_core.verb:set package 'xarm_msgs' build argument 'catkin_cmake_args' from command line to 'None'
[0.243s] Level 5:colcon.colcon_core.verb:set package 'xarm_msgs' build argument 'catkin_skip_building_tests' from command line to 'False'
[0.243s] DEBUG:colcon.colcon_core.verb:Building package 'xarm_msgs' with the following arguments: {'ament_cmake_args': None, 'build_base': '/home/anatoly/ros2k_ws/build/xarm_msgs', 'catkin_cmake_args': None, 'catkin_skip_building_tests': False, 'cmake_args': ['-DCMAKE_BUILD_TYPE=Release'], 'cmake_clean_cache': False, 'cmake_clean_first': False, 'cmake_force_configure': False, 'cmake_target': None, 'cmake_target_skip_unavailable': False, 'install_base': '/home/anatoly/ros2k_ws/install/xarm_msgs', 'merge_install': False, 'path': '/home/anatoly/ros2k_ws/src/xarm_ros2/xarm_msgs', 'symlink_install': True, 'test_result_base': None}
[0.243s] Level 5:colcon.colcon_core.verb:set package 'xarm_sdk' build argument 'cmake_args' from command line to '['-DCMAKE_BUILD_TYPE=Release']'
[0.243s] Level 5:colcon.colcon_core.verb:set package 'xarm_sdk' build argument 'cmake_target' from command line to 'None'
[0.243s] Level 5:colcon.colcon_core.verb:set package 'xarm_sdk' build argument 'cmake_target_skip_unavailable' from command line to 'False'
[0.243s] Level 5:colcon.colcon_core.verb:set package 'xarm_sdk' build argument 'cmake_clean_cache' from command line to 'False'
[0.243s] Level 5:colcon.colcon_core.verb:set package 'xarm_sdk' build argument 'cmake_clean_first' from command line to 'False'
[0.243s] Level 5:colcon.colcon_core.verb:set package 'xarm_sdk' build argument 'cmake_force_configure' from command line to 'False'
[0.243s] Level 5:colcon.colcon_core.verb:set package 'xarm_sdk' build argument 'ament_cmake_args' from command line to 'None'
[0.243s] Level 5:colcon.colcon_core.verb:set package 'xarm_sdk' build argument 'catkin_cmake_args' from command line to 'None'
[0.244s] Level 5:colcon.colcon_core.verb:set package 'xarm_sdk' build argument 'catkin_skip_building_tests' from command line to 'False'
[0.244s] DEBUG:colcon.colcon_core.verb:Building package 'xarm_sdk' with the following arguments: {'ament_cmake_args': None, 'build_base': '/home/anatoly/ros2k_ws/build/xarm_sdk', 'catkin_cmake_args': None, 'catkin_skip_building_tests': False, 'cmake_args': ['-DCMAKE_BUILD_TYPE=Release'], 'cmake_clean_cache': False, 'cmake_clean_first': False, 'cmake_force_configure': False, 'cmake_target': None, 'cmake_target_skip_unavailable': False, 'install_base': '/home/anatoly/ros2k_ws/install/xarm_sdk', 'merge_install': False, 'path': '/home/anatoly/ros2k_ws/src/xarm_ros2/xarm_sdk', 'symlink_install': True, 'test_result_base': None}
[0.244s] Level 5:colcon.colcon_core.verb:set package 'xarm_api' build argument 'cmake_args' from command line to '['-DCMAKE_BUILD_TYPE=Release']'
[0.244s] Level 5:colcon.colcon_core.verb:set package 'xarm_api' build argument 'cmake_target' from command line to 'None'
[0.244s] Level 5:colcon.colcon_core.verb:set package 'xarm_api' build argument 'cmake_target_skip_unavailable' from command line to 'False'
[0.244s] Level 5:colcon.colcon_core.verb:set package 'xarm_api' build argument 'cmake_clean_cache' from command line to 'False'
[0.244s] Level 5:colcon.colcon_core.verb:set package 'xarm_api' build argument 'cmake_clean_first' from command line to 'False'
[0.244s] Level 5:colcon.colcon_core.verb:set package 'xarm_api' build argument 'cmake_force_configure' from command line to 'False'
[0.244s] Level 5:colcon.colcon_core.verb:set package 'xarm_api' build argument 'ament_cmake_args' from command line to 'None'
[0.244s] Level 5:colcon.colcon_core.verb:set package 'xarm_api' build argument 'catkin_cmake_args' from command line to 'None'
[0.244s] Level 5:colcon.colcon_core.verb:set package 'xarm_api' build argument 'catkin_skip_building_tests' from command line to 'False'
[0.244s] DEBUG:colcon.colcon_core.verb:Building package 'xarm_api' with the following arguments: {'ament_cmake_args': None, 'build_base': '/home/anatoly/ros2k_ws/build/xarm_api', 'catkin_cmake_args': None, 'catkin_skip_building_tests': False, 'cmake_args': ['-DCMAKE_BUILD_TYPE=Release'], 'cmake_clean_cache': False, 'cmake_clean_first': False, 'cmake_force_configure': False, 'cmake_target': None, 'cmake_target_skip_unavailable': False, 'install_base': '/home/anatoly/ros2k_ws/install/xarm_api', 'merge_install': False, 'path': '/home/anatoly/ros2k_ws/src/xarm_ros2/xarm_api', 'symlink_install': True, 'test_result_base': None}
[0.244s] Level 5:colcon.colcon_core.verb:set package 'xarm_controller' build argument 'cmake_args' from command line to '['-DCMAKE_BUILD_TYPE=Release']'
[0.244s] Level 5:colcon.colcon_core.verb:set package 'xarm_controller' build argument 'cmake_target' from command line to 'None'
[0.244s] Level 5:colcon.colcon_core.verb:set package 'xarm_controller' build argument 'cmake_target_skip_unavailable' from command line to 'False'
[0.244s] Level 5:colcon.colcon_core.verb:set package 'xarm_controller' build argument 'cmake_clean_cache' from command line to 'False'
[0.244s] Level 5:colcon.colcon_core.verb:set package 'xarm_controller' build argument 'cmake_clean_first' from command line to 'False'
[0.244s] Level 5:colcon.colcon_core.verb:set package 'xarm_controller' build argument 'cmake_force_configure' from command line to 'False'
[0.244s] Level 5:colcon.colcon_core.verb:set package 'xarm_controller' build argument 'ament_cmake_args' from command line to 'None'
[0.244s] Level 5:colcon.colcon_core.verb:set package 'xarm_controller' build argument 'catkin_cmake_args' from command line to 'None'
[0.244s] Level 5:colcon.colcon_core.verb:set package 'xarm_controller' build argument 'catkin_skip_building_tests' from command line to 'False'
[0.244s] DEBUG:colcon.colcon_core.verb:Building package 'xarm_controller' with the following arguments: {'ament_cmake_args': None, 'build_base': '/home/anatoly/ros2k_ws/build/xarm_controller', 'catkin_cmake_args': None, 'catkin_skip_building_tests': False, 'cmake_args': ['-DCMAKE_BUILD_TYPE=Release'], 'cmake_clean_cache': False, 'cmake_clean_first': False, 'cmake_force_configure': False, 'cmake_target': None, 'cmake_target_skip_unavailable': False, 'install_base': '/home/anatoly/ros2k_ws/install/xarm_controller', 'merge_install': False, 'path': '/home/anatoly/ros2k_ws/src/xarm_ros2/xarm_controller', 'symlink_install': True, 'test_result_base': None}
[0.244s] Level 5:colcon.colcon_core.verb:set package 'xarm_moveit_config' build argument 'cmake_args' from command line to '['-DCMAKE_BUILD_TYPE=Release']'
[0.244s] Level 5:colcon.colcon_core.verb:set package 'xarm_moveit_config' build argument 'cmake_target' from command line to 'None'
[0.244s] Level 5:colcon.colcon_core.verb:set package 'xarm_moveit_config' build argument 'cmake_target_skip_unavailable' from command line to 'False'
[0.244s] Level 5:colcon.colcon_core.verb:set package 'xarm_moveit_config' build argument 'cmake_clean_cache' from command line to 'False'
[0.245s] Level 5:colcon.colcon_core.verb:set package 'xarm_moveit_config' build argument 'cmake_clean_first' from command line to 'False'
[0.245s] Level 5:colcon.colcon_core.verb:set package 'xarm_moveit_config' build argument 'cmake_force_configure' from command line to 'False'
[0.245s] Level 5:colcon.colcon_core.verb:set package 'xarm_moveit_config' build argument 'ament_cmake_args' from command line to 'None'
[0.245s] Level 5:colcon.colcon_core.verb:set package 'xarm_moveit_config' build argument 'catkin_cmake_args' from command line to 'None'
[0.245s] Level 5:colcon.colcon_core.verb:set package 'xarm_moveit_config' build argument 'catkin_skip_building_tests' from command line to 'False'
[0.245s] DEBUG:colcon.colcon_core.verb:Building package 'xarm_moveit_config' with the following arguments: {'ament_cmake_args': None, 'build_base': '/home/anatoly/ros2k_ws/build/xarm_moveit_config', 'catkin_cmake_args': None, 'catkin_skip_building_tests': False, 'cmake_args': ['-DCMAKE_BUILD_TYPE=Release'], 'cmake_clean_cache': False, 'cmake_clean_first': False, 'cmake_force_configure': False, 'cmake_target': None, 'cmake_target_skip_unavailable': False, 'install_base': '/home/anatoly/ros2k_ws/install/xarm_moveit_config', 'merge_install': False, 'path': '/home/anatoly/ros2k_ws/src/xarm_ros2/xarm_moveit_config', 'symlink_install': True, 'test_result_base': None}
[0.245s] INFO:colcon.colcon_core.executor:Executing jobs using 'parallel' executor
[0.245s] DEBUG:colcon.colcon_parallel_executor.executor.parallel:run_until_complete
[0.246s] INFO:colcon.colcon_ros.task.ament_cmake.build:Building ROS package in '/home/anatoly/ros2k_ws/src/xarm_ros2/xarm_description' with build type 'ament_cmake'
[0.246s] INFO:colcon.colcon_cmake.task.cmake.build:Building CMake package in '/home/anatoly/ros2k_ws/src/xarm_ros2/xarm_description'
[0.247s] INFO:colcon.colcon_core.plugin_system:Skipping extension 'colcon_core.shell.bat': Not used on non-Windows systems
[0.247s] INFO:colcon.colcon_core.shell:Skip shell extension 'powershell' for command environment: Not usable outside of PowerShell
[0.247s] DEBUG:colcon.colcon_core.shell:Skip shell extension 'dsv' for command environment
[0.252s] INFO:colcon.colcon_ros.task.ament_cmake.build:Building ROS package in '/home/anatoly/ros2k_ws/src/xarm_ros2/xarm_msgs' with build type 'ament_cmake'
[0.252s] INFO:colcon.colcon_cmake.task.cmake.build:Building CMake package in '/home/anatoly/ros2k_ws/src/xarm_ros2/xarm_msgs'
[0.252s] INFO:colcon.colcon_core.shell:Skip shell extension 'powershell' for command environment: Not usable outside of PowerShell
[0.252s] DEBUG:colcon.colcon_core.shell:Skip shell extension 'dsv' for command environment
[0.255s] INFO:colcon.colcon_ros.task.ament_cmake.build:Building ROS package in '/home/anatoly/ros2k_ws/src/xarm_ros2/xarm_sdk' with build type 'ament_cmake'
[0.255s] INFO:colcon.colcon_cmake.task.cmake.build:Building CMake package in '/home/anatoly/ros2k_ws/src/xarm_ros2/xarm_sdk'
[0.256s] INFO:colcon.colcon_core.shell:Skip shell extension 'powershell' for command environment: Not usable outside of PowerShell
[0.256s] DEBUG:colcon.colcon_core.shell:Skip shell extension 'dsv' for command environment
[0.259s] INFO:colcon.colcon_ros.task.ament_python.build:Building ROS package in '/home/anatoly/ros2k_ws/src/xarm_ros2/uf_ros_lib' with build type 'ament_python'
[0.259s] Level 1:colcon.colcon_core.shell:create_environment_hook('uf_ros_lib', 'ament_prefix_path')
[0.259s] INFO:colcon.colcon_core.shell:Creating environment hook '/home/anatoly/ros2k_ws/install/uf_ros_lib/share/uf_ros_lib/hook/ament_prefix_path.ps1'
[0.260s] INFO:colcon.colcon_core.shell:Creating environment descriptor '/home/anatoly/ros2k_ws/install/uf_ros_lib/share/uf_ros_lib/hook/ament_prefix_path.dsv'
[0.260s] INFO:colcon.colcon_core.shell:Creating environment hook '/home/anatoly/ros2k_ws/install/uf_ros_lib/share/uf_ros_lib/hook/ament_prefix_path.sh'
[0.261s] INFO:colcon.colcon_core.shell:Skip shell extension 'powershell' for command environment: Not usable outside of PowerShell
[0.261s] DEBUG:colcon.colcon_core.shell:Skip shell extension 'dsv' for command environment
[0.267s] DEBUG:colcon.colcon_core.event_handler.log_command:Invoking command in '/home/anatoly/ros2k_ws/build/xarm_description': CMAKE_PREFIX_PATH=${CMAKE_PREFIX_PATH}:/home/anatoly/ros2k_ws/install/uf_ros_lib:/opt/ros/kilted DEBUGINFOD_URLS=https://debuginfod.ubuntu.com /usr/bin/cmake --build /home/anatoly/ros2k_ws/build/xarm_description -- -j12 -l12
[0.269s] DEBUG:colcon.colcon_core.event_handler.log_command:Invoking command in '/home/anatoly/ros2k_ws/build/xarm_msgs': CMAKE_PREFIX_PATH=${CMAKE_PREFIX_PATH}:/home/anatoly/ros2k_ws/install/uf_ros_lib:/opt/ros/kilted DEBUGINFOD_URLS=https://debuginfod.ubuntu.com /usr/bin/cmake --build /home/anatoly/ros2k_ws/build/xarm_msgs -- -j12 -l12
[0.271s] DEBUG:colcon.colcon_core.event_handler.log_command:Invoking command in '/home/anatoly/ros2k_ws/build/xarm_sdk': CMAKE_PREFIX_PATH=${CMAKE_PREFIX_PATH}:/home/anatoly/ros2k_ws/install/uf_ros_lib:/opt/ros/kilted DEBUGINFOD_URLS=https://debuginfod.ubuntu.com /usr/bin/cmake --build /home/anatoly/ros2k_ws/build/xarm_sdk -- -j12 -l12
[0.485s] INFO:colcon.colcon_core.task.python.build:Building Python package in '/home/anatoly/ros2k_ws/src/xarm_ros2/uf_ros_lib'
[0.485s] INFO:colcon.colcon_core.shell:Skip shell extension 'powershell' for command environment: Not usable outside of PowerShell
[0.485s] DEBUG:colcon.colcon_core.shell:Skip shell extension 'dsv' for command environment
[0.494s] DEBUG:colcon.colcon_core.event_handler.log_command:Invoked command in '/home/anatoly/ros2k_ws/build/xarm_description' returned '0': CMAKE_PREFIX_PATH=${CMAKE_PREFIX_PATH}:/home/anatoly/ros2k_ws/install/uf_ros_lib:/opt/ros/kilted DEBUGINFOD_URLS=https://debuginfod.ubuntu.com /usr/bin/cmake --build /home/anatoly/ros2k_ws/build/xarm_description -- -j12 -l12
[0.508s] DEBUG:colcon.colcon_core.event_handler.log_command:Invoking command in '/home/anatoly/ros2k_ws/build/xarm_description': CMAKE_PREFIX_PATH=${CMAKE_PREFIX_PATH}:/home/anatoly/ros2k_ws/install/uf_ros_lib:/opt/ros/kilted DEBUGINFOD_URLS=https://debuginfod.ubuntu.com /usr/bin/cmake --install /home/anatoly/ros2k_ws/build/xarm_description
[0.510s] DEBUG:colcon.colcon_core.event_handler.log_command:Invoked command in '/home/anatoly/ros2k_ws/build/xarm_sdk' returned '0': CMAKE_PREFIX_PATH=${CMAKE_PREFIX_PATH}:/home/anatoly/ros2k_ws/install/uf_ros_lib:/opt/ros/kilted DEBUGINFOD_URLS=https://debuginfod.ubuntu.com /usr/bin/cmake --build /home/anatoly/ros2k_ws/build/xarm_sdk -- -j12 -l12
[0.511s] DEBUG:colcon.colcon_core.event_handler.log_command:Invoking command in '/home/anatoly/ros2k_ws/build/xarm_sdk': CMAKE_PREFIX_PATH=${CMAKE_PREFIX_PATH}:/home/anatoly/ros2k_ws/install/uf_ros_lib:/opt/ros/kilted DEBUGINFOD_URLS=https://debuginfod.ubuntu.com /usr/bin/cmake --install /home/anatoly/ros2k_ws/build/xarm_sdk
[0.551s] Level 1:colcon.colcon_core.environment:create_environment_scripts_only(xarm_sdk)
[0.554s] DEBUG:colcon.colcon_core.event_handler.log_command:Invoked command in '/home/anatoly/ros2k_ws/build/xarm_sdk' returned '0': CMAKE_PREFIX_PATH=${CMAKE_PREFIX_PATH}:/home/anatoly/ros2k_ws/install/uf_ros_lib:/opt/ros/kilted DEBUGINFOD_URLS=https://debuginfod.ubuntu.com /usr/bin/cmake --install /home/anatoly/ros2k_ws/build/xarm_sdk
[0.564s] Level 1:colcon.colcon_core.environment:checking '/home/anatoly/ros2k_ws/install/xarm_sdk' for CMake module files
[0.566s] Level 1:colcon.colcon_core.environment:checking '/home/anatoly/ros2k_ws/install/xarm_sdk' for CMake config files
[0.569s] Level 1:colcon.colcon_core.shell:create_environment_hook('xarm_sdk', 'cmake_prefix_path')
[0.570s] INFO:colcon.colcon_core.shell:Creating environment hook '/home/anatoly/ros2k_ws/install/xarm_sdk/share/xarm_sdk/hook/cmake_prefix_path.ps1'
[0.571s] INFO:colcon.colcon_core.shell:Creating environment descriptor '/home/anatoly/ros2k_ws/install/xarm_sdk/share/xarm_sdk/hook/cmake_prefix_path.dsv'
[0.572s] INFO:colcon.colcon_core.shell:Creating environment hook '/home/anatoly/ros2k_ws/install/xarm_sdk/share/xarm_sdk/hook/cmake_prefix_path.sh'
[0.575s] Level 1:colcon.colcon_core.environment:checking '/home/anatoly/ros2k_ws/install/xarm_sdk/lib'
[0.575s] Level 1:colcon.colcon_core.shell:create_environment_hook('xarm_sdk', 'ld_library_path_lib')
[0.576s] INFO:colcon.colcon_core.shell:Creating environment hook '/home/anatoly/ros2k_ws/install/xarm_sdk/share/xarm_sdk/hook/ld_library_path_lib.ps1'
[0.576s] INFO:colcon.colcon_core.shell:Creating environment descriptor '/home/anatoly/ros2k_ws/install/xarm_sdk/share/xarm_sdk/hook/ld_library_path_lib.dsv'
[0.576s] INFO:colcon.colcon_core.shell:Creating environment hook '/home/anatoly/ros2k_ws/install/xarm_sdk/share/xarm_sdk/hook/ld_library_path_lib.sh'
[0.576s] Level 1:colcon.colcon_core.environment:checking '/home/anatoly/ros2k_ws/install/xarm_sdk/bin'
[0.576s] Level 1:colcon.colcon_core.environment:checking '/home/anatoly/ros2k_ws/install/xarm_sdk/lib/pkgconfig/xarm_sdk.pc'
[0.577s] Level 1:colcon.colcon_core.environment:checking '/home/anatoly/ros2k_ws/install/xarm_sdk/lib/python3.12/site-packages'
[0.577s] Level 1:colcon.colcon_core.environment:checking '/home/anatoly/ros2k_ws/install/xarm_sdk/bin'
[0.577s] INFO:colcon.colcon_core.shell:Creating package script '/home/anatoly/ros2k_ws/install/xarm_sdk/share/xarm_sdk/package.ps1'
[0.578s] INFO:colcon.colcon_core.shell:Creating package descriptor '/home/anatoly/ros2k_ws/install/xarm_sdk/share/xarm_sdk/package.dsv'
[0.578s] INFO:colcon.colcon_core.shell:Creating package script '/home/anatoly/ros2k_ws/install/xarm_sdk/share/xarm_sdk/package.sh'
[0.579s] INFO:colcon.colcon_core.shell:Creating package script '/home/anatoly/ros2k_ws/install/xarm_sdk/share/xarm_sdk/package.bash'
[0.579s] INFO:colcon.colcon_core.shell:Creating package script '/home/anatoly/ros2k_ws/install/xarm_sdk/share/xarm_sdk/package.zsh'
[0.580s] Level 1:colcon.colcon_core.environment:create_file_with_runtime_dependencies(/home/anatoly/ros2k_ws/install/xarm_sdk/share/colcon-core/packages/xarm_sdk)
[0.581s] Level 1:colcon.colcon_core.environment:create_environment_scripts_only(xarm_sdk)
[0.581s] Level 1:colcon.colcon_core.environment:checking '/home/anatoly/ros2k_ws/install/xarm_sdk' for CMake module files
[0.582s] Level 1:colcon.colcon_core.environment:checking '/home/anatoly/ros2k_ws/install/xarm_sdk' for CMake config files
[0.583s] Level 1:colcon.colcon_core.shell:create_environment_hook('xarm_sdk', 'cmake_prefix_path')
[0.583s] INFO:colcon.colcon_core.shell:Creating environment hook '/home/anatoly/ros2k_ws/install/xarm_sdk/share/xarm_sdk/hook/cmake_prefix_path.ps1'
[0.584s] INFO:colcon.colcon_core.shell:Creating environment descriptor '/home/anatoly/ros2k_ws/install/xarm_sdk/share/xarm_sdk/hook/cmake_prefix_path.dsv'
[0.584s] INFO:colcon.colcon_core.shell:Creating environment hook '/home/anatoly/ros2k_ws/install/xarm_sdk/share/xarm_sdk/hook/cmake_prefix_path.sh'
[0.585s] Level 1:colcon.colcon_core.environment:checking '/home/anatoly/ros2k_ws/install/xarm_sdk/lib'
[0.585s] Level 1:colcon.colcon_core.shell:create_environment_hook('xarm_sdk', 'ld_library_path_lib')
[0.585s] INFO:colcon.colcon_core.shell:Creating environment hook '/home/anatoly/ros2k_ws/install/xarm_sdk/share/xarm_sdk/hook/ld_library_path_lib.ps1'
[0.586s] INFO:colcon.colcon_core.shell:Creating environment descriptor '/home/anatoly/ros2k_ws/install/xarm_sdk/share/xarm_sdk/hook/ld_library_path_lib.dsv'
[0.586s] INFO:colcon.colcon_core.shell:Creating environment hook '/home/anatoly/ros2k_ws/install/xarm_sdk/share/xarm_sdk/hook/ld_library_path_lib.sh'
[0.587s] Level 1:colcon.colcon_core.environment:checking '/home/anatoly/ros2k_ws/install/xarm_sdk/bin'
[0.587s] Level 1:colcon.colcon_core.environment:checking '/home/anatoly/ros2k_ws/install/xarm_sdk/lib/pkgconfig/xarm_sdk.pc'
[0.587s] Level 1:colcon.colcon_core.environment:checking '/home/anatoly/ros2k_ws/install/xarm_sdk/lib/python3.12/site-packages'
[0.587s] Level 1:colcon.colcon_core.environment:checking '/home/anatoly/ros2k_ws/install/xarm_sdk/bin'
[0.588s] INFO:colcon.colcon_core.shell:Creating package script '/home/anatoly/ros2k_ws/install/xarm_sdk/share/xarm_sdk/package.ps1'
[0.588s] INFO:colcon.colcon_core.shell:Creating package descriptor '/home/anatoly/ros2k_ws/install/xarm_sdk/share/xarm_sdk/package.dsv'
[0.589s] INFO:colcon.colcon_core.shell:Creating package script '/home/anatoly/ros2k_ws/install/xarm_sdk/share/xarm_sdk/package.sh'
[0.589s] INFO:colcon.colcon_core.shell:Creating package script '/home/anatoly/ros2k_ws/install/xarm_sdk/share/xarm_sdk/package.bash'
[0.590s] INFO:colcon.colcon_core.shell:Creating package script '/home/anatoly/ros2k_ws/install/xarm_sdk/share/xarm_sdk/package.zsh'
[0.590s] Level 1:colcon.colcon_core.environment:create_file_with_runtime_dependencies(/home/anatoly/ros2k_ws/install/xarm_sdk/share/colcon-core/packages/xarm_sdk)
[0.591s] Level 1:colcon.colcon_core.environment:create_environment_scripts_only(xarm_description)
[0.592s] DEBUG:colcon.colcon_core.event_handler.log_command:Invoked command in '/home/anatoly/ros2k_ws/build/xarm_description' returned '0': CMAKE_PREFIX_PATH=${CMAKE_PREFIX_PATH}:/home/anatoly/ros2k_ws/install/uf_ros_lib:/opt/ros/kilted DEBUGINFOD_URLS=https://debuginfod.ubuntu.com /usr/bin/cmake --install /home/anatoly/ros2k_ws/build/xarm_description
[0.592s] Level 1:colcon.colcon_core.environment:checking '/home/anatoly/ros2k_ws/install/xarm_description' for CMake module files
[0.593s] Level 1:colcon.colcon_core.environment:checking '/home/anatoly/ros2k_ws/install/xarm_description' for CMake config files
[0.596s] Level 1:colcon.colcon_core.shell:create_environment_hook('xarm_description', 'cmake_prefix_path')
[0.596s] INFO:colcon.colcon_core.shell:Creating environment hook '/home/anatoly/ros2k_ws/install/xarm_description/share/xarm_description/hook/cmake_prefix_path.ps1'
[0.597s] INFO:colcon.colcon_core.shell:Creating environment descriptor '/home/anatoly/ros2k_ws/install/xarm_description/share/xarm_description/hook/cmake_prefix_path.dsv'
[0.597s] INFO:colcon.colcon_core.shell:Creating environment hook '/home/anatoly/ros2k_ws/install/xarm_description/share/xarm_description/hook/cmake_prefix_path.sh'
[0.597s] Level 1:colcon.colcon_core.environment:checking '/home/anatoly/ros2k_ws/install/xarm_description/bin'
[0.597s] Level 1:colcon.colcon_core.environment:checking '/home/anatoly/ros2k_ws/install/xarm_description/lib/pkgconfig/xarm_description.pc'
[0.598s] Level 1:colcon.colcon_core.environment:checking '/home/anatoly/ros2k_ws/install/xarm_description/lib/python3.12/site-packages'
[0.598s] Level 1:colcon.colcon_core.environment:checking '/home/anatoly/ros2k_ws/install/xarm_description/bin'
[0.598s] INFO:colcon.colcon_core.shell:Creating package script '/home/anatoly/ros2k_ws/install/xarm_description/share/xarm_description/package.ps1'
[0.599s] INFO:colcon.colcon_core.shell:Creating package descriptor '/home/anatoly/ros2k_ws/install/xarm_description/share/xarm_description/package.dsv'
[0.599s] INFO:colcon.colcon_core.shell:Creating package script '/home/anatoly/ros2k_ws/install/xarm_description/share/xarm_description/package.sh'
[0.599s] INFO:colcon.colcon_core.shell:Creating package script '/home/anatoly/ros2k_ws/install/xarm_description/share/xarm_description/package.bash'
[0.600s] INFO:colcon.colcon_core.shell:Creating package script '/home/anatoly/ros2k_ws/install/xarm_description/share/xarm_description/package.zsh'
[0.600s] Level 1:colcon.colcon_core.environment:create_file_with_runtime_dependencies(/home/anatoly/ros2k_ws/install/xarm_description/share/colcon-core/packages/xarm_description)
[0.601s] Level 1:colcon.colcon_core.environment:create_environment_scripts_only(xarm_description)
[0.601s] Level 1:colcon.colcon_core.environment:checking '/home/anatoly/ros2k_ws/install/xarm_description' for CMake module files
[0.601s] Level 1:colcon.colcon_core.environment:checking '/home/anatoly/ros2k_ws/install/xarm_description' for CMake config files
[0.604s] Level 1:colcon.colcon_core.shell:create_environment_hook('xarm_description', 'cmake_prefix_path')
[0.604s] INFO:colcon.colcon_core.shell:Creating environment hook '/home/anatoly/ros2k_ws/install/xarm_description/share/xarm_description/hook/cmake_prefix_path.ps1'
[0.605s] INFO:colcon.colcon_core.shell:Creating environment descriptor '/home/anatoly/ros2k_ws/install/xarm_description/share/xarm_description/hook/cmake_prefix_path.dsv'
[0.605s] INFO:colcon.colcon_core.shell:Creating environment hook '/home/anatoly/ros2k_ws/install/xarm_description/share/xarm_description/hook/cmake_prefix_path.sh'
[0.606s] Level 1:colcon.colcon_core.environment:checking '/home/anatoly/ros2k_ws/install/xarm_description/bin'
[0.606s] Level 1:colcon.colcon_core.environment:checking '/home/anatoly/ros2k_ws/install/xarm_description/lib/pkgconfig/xarm_description.pc'
[0.606s] Level 1:colcon.colcon_core.environment:checking '/home/anatoly/ros2k_ws/install/xarm_description/lib/python3.12/site-packages'
[0.606s] Level 1:colcon.colcon_core.environment:checking '/home/anatoly/ros2k_ws/install/xarm_description/bin'
[0.606s] INFO:colcon.colcon_core.shell:Creating package script '/home/anatoly/ros2k_ws/install/xarm_description/share/xarm_description/package.ps1'
[0.607s] INFO:colcon.colcon_core.shell:Creating package descriptor '/home/anatoly/ros2k_ws/install/xarm_description/share/xarm_description/package.dsv'
[0.607s] INFO:colcon.colcon_core.shell:Creating package script '/home/anatoly/ros2k_ws/install/xarm_description/share/xarm_description/package.sh'
[0.607s] INFO:colcon.colcon_core.shell:Creating package script '/home/anatoly/ros2k_ws/install/xarm_description/share/xarm_description/package.bash'
[0.608s] INFO:colcon.colcon_core.shell:Creating package script '/home/anatoly/ros2k_ws/install/xarm_description/share/xarm_description/package.zsh'
[0.608s] Level 1:colcon.colcon_core.environment:create_file_with_runtime_dependencies(/home/anatoly/ros2k_ws/install/xarm_description/share/colcon-core/packages/xarm_description)
[0.745s] DEBUG:colcon.colcon_core.event_handler.log_command:Invoked command in '/home/anatoly/ros2k_ws/build/xarm_msgs' returned '0': CMAKE_PREFIX_PATH=${CMAKE_PREFIX_PATH}:/home/anatoly/ros2k_ws/install/uf_ros_lib:/opt/ros/kilted DEBUGINFOD_URLS=https://debuginfod.ubuntu.com /usr/bin/cmake --build /home/anatoly/ros2k_ws/build/xarm_msgs -- -j12 -l12
[0.746s] DEBUG:colcon.colcon_core.event_handler.log_command:Invoking command in '/home/anatoly/ros2k_ws/build/xarm_msgs': CMAKE_PREFIX_PATH=${CMAKE_PREFIX_PATH}:/home/anatoly/ros2k_ws/install/uf_ros_lib:/opt/ros/kilted DEBUGINFOD_URLS=https://debuginfod.ubuntu.com /usr/bin/cmake --install /home/anatoly/ros2k_ws/build/xarm_msgs
[0.970s] Level 1:colcon.colcon_core.environment:create_environment_scripts_only(xarm_msgs)
[0.971s] Level 1:colcon.colcon_core.environment:checking '/home/anatoly/ros2k_ws/install/xarm_msgs' for CMake module files
[0.971s] DEBUG:colcon.colcon_core.event_handler.log_command:Invoked command in '/home/anatoly/ros2k_ws/build/xarm_msgs' returned '0': CMAKE_PREFIX_PATH=${CMAKE_PREFIX_PATH}:/home/anatoly/ros2k_ws/install/uf_ros_lib:/opt/ros/kilted DEBUGINFOD_URLS=https://debuginfod.ubuntu.com /usr/bin/cmake --install /home/anatoly/ros2k_ws/build/xarm_msgs
[0.972s] Level 1:colcon.colcon_core.environment:checking '/home/anatoly/ros2k_ws/install/xarm_msgs' for CMake config files
[0.973s] Level 1:colcon.colcon_core.shell:create_environment_hook('xarm_msgs', 'cmake_prefix_path')
[0.973s] INFO:colcon.colcon_core.shell:Creating environment hook '/home/anatoly/ros2k_ws/install/xarm_msgs/share/xarm_msgs/hook/cmake_prefix_path.ps1'
[0.973s] INFO:colcon.colcon_core.shell:Creating environment descriptor '/home/anatoly/ros2k_ws/install/xarm_msgs/share/xarm_msgs/hook/cmake_prefix_path.dsv'
[0.974s] INFO:colcon.colcon_core.shell:Creating environment hook '/home/anatoly/ros2k_ws/install/xarm_msgs/share/xarm_msgs/hook/cmake_prefix_path.sh'
[0.974s] Level 1:colcon.colcon_core.environment:checking '/home/anatoly/ros2k_ws/install/xarm_msgs/lib'
[0.974s] Level 1:colcon.colcon_core.shell:create_environment_hook('xarm_msgs', 'ld_library_path_lib')
[0.974s] INFO:colcon.colcon_core.shell:Creating environment hook '/home/anatoly/ros2k_ws/install/xarm_msgs/share/xarm_msgs/hook/ld_library_path_lib.ps1'
[0.974s] INFO:colcon.colcon_core.shell:Creating environment descriptor '/home/anatoly/ros2k_ws/install/xarm_msgs/share/xarm_msgs/hook/ld_library_path_lib.dsv'
[0.975s] INFO:colcon.colcon_core.shell:Creating environment hook '/home/anatoly/ros2k_ws/install/xarm_msgs/share/xarm_msgs/hook/ld_library_path_lib.sh'
[0.975s] Level 1:colcon.colcon_core.environment:checking '/home/anatoly/ros2k_ws/install/xarm_msgs/bin'
[0.975s] Level 1:colcon.colcon_core.environment:checking '/home/anatoly/ros2k_ws/install/xarm_msgs/lib/pkgconfig/xarm_msgs.pc'
[0.975s] Level 1:colcon.colcon_core.environment:checking '/home/anatoly/ros2k_ws/install/xarm_msgs/lib/python3.12/site-packages'
[0.975s] Level 1:colcon.colcon_core.shell:create_environment_hook('xarm_msgs', 'pythonpath')
[0.975s] INFO:colcon.colcon_core.shell:Creating environment hook '/home/anatoly/ros2k_ws/install/xarm_msgs/share/xarm_msgs/hook/pythonpath.ps1'
[0.976s] INFO:colcon.colcon_core.shell:Creating environment descriptor '/home/anatoly/ros2k_ws/install/xarm_msgs/share/xarm_msgs/hook/pythonpath.dsv'
[0.976s] INFO:colcon.colcon_core.shell:Creating environment hook '/home/anatoly/ros2k_ws/install/xarm_msgs/share/xarm_msgs/hook/pythonpath.sh'
[0.976s] Level 1:colcon.colcon_core.environment:checking '/home/anatoly/ros2k_ws/install/xarm_msgs/bin'
[0.977s] INFO:colcon.colcon_core.shell:Creating package script '/home/anatoly/ros2k_ws/install/xarm_msgs/share/xarm_msgs/package.ps1'
[0.977s] INFO:colcon.colcon_core.shell:Creating package descriptor '/home/anatoly/ros2k_ws/install/xarm_msgs/share/xarm_msgs/package.dsv'
[0.977s] INFO:colcon.colcon_core.shell:Creating package script '/home/anatoly/ros2k_ws/install/xarm_msgs/share/xarm_msgs/package.sh'
[0.978s] INFO:colcon.colcon_core.shell:Creating package script '/home/anatoly/ros2k_ws/install/xarm_msgs/share/xarm_msgs/package.bash'
[0.978s] INFO:colcon.colcon_core.shell:Creating package script '/home/anatoly/ros2k_ws/install/xarm_msgs/share/xarm_msgs/package.zsh'
[0.978s] Level 1:colcon.colcon_core.environment:create_file_with_runtime_dependencies(/home/anatoly/ros2k_ws/install/xarm_msgs/share/colcon-core/packages/xarm_msgs)
[0.979s] Level 1:colcon.colcon_core.environment:create_environment_scripts_only(xarm_msgs)
[0.979s] Level 1:colcon.colcon_core.environment:checking '/home/anatoly/ros2k_ws/install/xarm_msgs' for CMake module files
[0.979s] Level 1:colcon.colcon_core.environment:checking '/home/anatoly/ros2k_ws/install/xarm_msgs' for CMake config files
[0.980s] Level 1:colcon.colcon_core.shell:create_environment_hook('xarm_msgs', 'cmake_prefix_path')
[0.981s] INFO:colcon.colcon_core.shell:Creating environment hook '/home/anatoly/ros2k_ws/install/xarm_msgs/share/xarm_msgs/hook/cmake_prefix_path.ps1'
[0.981s] INFO:colcon.colcon_core.shell:Creating environment descriptor '/home/anatoly/ros2k_ws/install/xarm_msgs/share/xarm_msgs/hook/cmake_prefix_path.dsv'
[0.981s] INFO:colcon.colcon_core.shell:Creating environment hook '/home/anatoly/ros2k_ws/install/xarm_msgs/share/xarm_msgs/hook/cmake_prefix_path.sh'
[0.982s] Level 1:colcon.colcon_core.environment:checking '/home/anatoly/ros2k_ws/install/xarm_msgs/lib'
[0.982s] Level 1:colcon.colcon_core.shell:create_environment_hook('xarm_msgs', 'ld_library_path_lib')
[0.982s] INFO:colcon.colcon_core.shell:Creating environment hook '/home/anatoly/ros2k_ws/install/xarm_msgs/share/xarm_msgs/hook/ld_library_path_lib.ps1'
[0.982s] INFO:colcon.colcon_core.shell:Creating environment descriptor '/home/anatoly/ros2k_ws/install/xarm_msgs/share/xarm_msgs/hook/ld_library_path_lib.dsv'
[0.982s] INFO:colcon.colcon_core.shell:Creating environment hook '/home/anatoly/ros2k_ws/install/xarm_msgs/share/xarm_msgs/hook/ld_library_path_lib.sh'
[0.982s] Level 1:colcon.colcon_core.environment:checking '/home/anatoly/ros2k_ws/install/xarm_msgs/bin'
[0.983s] Level 1:colcon.colcon_core.environment:checking '/home/anatoly/ros2k_ws/install/xarm_msgs/lib/pkgconfig/xarm_msgs.pc'
[0.983s] Level 1:colcon.colcon_core.environment:checking '/home/anatoly/ros2k_ws/install/xarm_msgs/lib/python3.12/site-packages'
[0.983s] Level 1:colcon.colcon_core.shell:create_environment_hook('xarm_msgs', 'pythonpath')
[0.983s] INFO:colcon.colcon_core.shell:Creating environment hook '/home/anatoly/ros2k_ws/install/xarm_msgs/share/xarm_msgs/hook/pythonpath.ps1'
[0.983s] INFO:colcon.colcon_core.shell:Creating environment descriptor '/home/anatoly/ros2k_ws/install/xarm_msgs/share/xarm_msgs/hook/pythonpath.dsv'
[0.983s] INFO:colcon.colcon_core.shell:Creating environment hook '/home/anatoly/ros2k_ws/install/xarm_msgs/share/xarm_msgs/hook/pythonpath.sh'
[0.984s] Level 1:colcon.colcon_core.environment:checking '/home/anatoly/ros2k_ws/install/xarm_msgs/bin'
[0.984s] INFO:colcon.colcon_core.shell:Creating package script '/home/anatoly/ros2k_ws/install/xarm_msgs/share/xarm_msgs/package.ps1'
[0.985s] INFO:colcon.colcon_core.shell:Creating package descriptor '/home/anatoly/ros2k_ws/install/xarm_msgs/share/xarm_msgs/package.dsv'
[0.985s] INFO:colcon.colcon_core.shell:Creating package script '/home/anatoly/ros2k_ws/install/xarm_msgs/share/xarm_msgs/package.sh'
[0.985s] INFO:colcon.colcon_core.shell:Creating package script '/home/anatoly/ros2k_ws/install/xarm_msgs/share/xarm_msgs/package.bash'
[0.986s] INFO:colcon.colcon_core.shell:Creating package script '/home/anatoly/ros2k_ws/install/xarm_msgs/share/xarm_msgs/package.zsh'
[0.986s] Level 1:colcon.colcon_core.environment:create_file_with_runtime_dependencies(/home/anatoly/ros2k_ws/install/xarm_msgs/share/colcon-core/packages/xarm_msgs)
[0.986s] INFO:colcon.colcon_ros.task.ament_cmake.build:Building ROS package in '/home/anatoly/ros2k_ws/src/xarm_ros2/xarm_api' with build type 'ament_cmake'
[0.986s] INFO:colcon.colcon_cmake.task.cmake.build:Building CMake package in '/home/anatoly/ros2k_ws/src/xarm_ros2/xarm_api'
[0.986s] INFO:colcon.colcon_core.shell:Skip shell extension 'powershell' for command environment: Not usable outside of PowerShell
[0.986s] DEBUG:colcon.colcon_core.shell:Skip shell extension 'dsv' for command environment
[1.000s] DEBUG:colcon.colcon_core.event_handler.log_command:Invoking command in '/home/anatoly/ros2k_ws/build/xarm_api': CMAKE_PREFIX_PATH=/home/anatoly/ros2k_ws/install/xarm_sdk:/home/anatoly/ros2k_ws/install/xarm_msgs:/home/anatoly/ros2k_ws/install/xarm_description:/home/anatoly/ros2k_ws/install/xarm_moveit_servo:/home/anatoly/ros2k_ws/install/xarm_controller:/home/anatoly/ros2k_ws/install/xarm_api:/home/anatoly/ros2k_ws/install/xarm_planner:/home/anatoly/ros2k_ws/install/object_recognition_msgs:/home/anatoly/ros2k_ws/install/mbot_demo:/opt/ros/kilted/opt/gz_sim_vendor:/opt/ros/kilted/opt/gz_sensors_vendor:/opt/ros/kilted/opt/gz_physics_vendor:/opt/ros/kilted/opt/sdformat_vendor:/opt/ros/kilted/opt/gz_gui_vendor:/opt/ros/kilted/opt/gz_transport_vendor:/opt/ros/kilted/opt/gz_rendering_vendor:/opt/ros/kilted/opt/gz_plugin_vendor:/opt/ros/kilted/opt/gz_fuel_tools_vendor:/opt/ros/kilted/opt/gz_msgs_vendor:/opt/ros/kilted/opt/gz_common_vendor:/opt/ros/kilted/opt/gz_math_vendor:/opt/ros/kilted/opt/gz_utils_vendor:/opt/ros/kilted/opt/gz_tools_vendor:/opt/ros/kilted/opt/gz_ogre_next_vendor:/opt/ros/kilted/opt/gz_dartsim_vendor:/opt/ros/kilted/opt/gz_cmake_vendor:/home/anatoly/ros2k_ws/install/uf_ros_lib:/opt/ros/kilted DEBUGINFOD_URLS=https://debuginfod.ubuntu.com LD_LIBRARY_PATH=/home/anatoly/ros2k_ws/install/xarm_sdk/lib:/home/anatoly/ros2k_ws/install/xarm_msgs/lib:/home/anatoly/ros2k_ws/install/xarm_moveit_servo/lib:/home/anatoly/ros2k_ws/install/xarm_controller/lib:/home/anatoly/ros2k_ws/install/xarm_api/lib:/home/anatoly/ros2k_ws/install/xarm_planner/lib:/home/anatoly/ros2k_ws/install/object_recognition_msgs/lib:/opt/ros/kilted/opt/gz_sim_vendor/lib:/opt/ros/kilted/opt/gz_sensors_vendor/lib:/opt/ros/kilted/opt/gz_physics_vendor/lib:/opt/ros/kilted/opt/sdformat_vendor/lib:/opt/ros/kilted/opt/gz_gui_vendor/lib:/opt/ros/kilted/opt/gz_transport_vendor/lib:/opt/ros/kilted/opt/gz_rendering_vendor/lib:/opt/ros/kilted/opt/gz_plugin_vendor/lib:/opt/ros/kilted/opt/gz_fuel_tools_vendor/lib:/opt/ros/kilted/opt/gz_msgs_vendor/lib:/opt/ros/kilted/opt/gz_common_vendor/lib:/opt/ros/kilted/opt/gz_math_vendor/lib:/opt/ros/kilted/opt/gz_utils_vendor/lib:/opt/ros/kilted/opt/rviz_ogre_vendor/lib:/opt/ros/kilted/lib/x86_64-linux-gnu:/opt/ros/kilted/opt/gz_tools_vendor/lib:/opt/ros/kilted/opt/gz_ogre_next_vendor/lib:/opt/ros/kilted/opt/gz_dartsim_vendor/lib:/opt/ros/kilted/opt/gz_cmake_vendor/lib:/opt/ros/kilted/lib /usr/bin/cmake --build /home/anatoly/ros2k_ws/build/xarm_api -- -j12 -l12
[1.097s] DEBUG:colcon.colcon_core.task.python.build:Available setuptools commands: install_scripts, develop, rotate, upload, bdist, bdist_rpm, bdist_dumb, editable_wheel, install_headers, install, install_data, extract_messages, dist_info, setopt, check, install_lib, register, saveopts, update_catalog, alias, bdist_egg, test, build_py, build_scripts, compile_catalog, upload_docs, egg_info, init_catalog, easy_install, build_clib, install_egg_info, sdist, clean, build, build_ext, symlink_data
[1.126s] DEBUG:colcon.colcon_core.event_handler.log_command:Invoked command in '/home/anatoly/ros2k_ws/build/xarm_api' returned '0': CMAKE_PREFIX_PATH=/home/anatoly/ros2k_ws/install/xarm_sdk:/home/anatoly/ros2k_ws/install/xarm_msgs:/home/anatoly/ros2k_ws/install/xarm_description:/home/anatoly/ros2k_ws/install/xarm_moveit_servo:/home/anatoly/ros2k_ws/install/xarm_controller:/home/anatoly/ros2k_ws/install/xarm_api:/home/anatoly/ros2k_ws/install/xarm_planner:/home/anatoly/ros2k_ws/install/object_recognition_msgs:/home/anatoly/ros2k_ws/install/mbot_demo:/opt/ros/kilted/opt/gz_sim_vendor:/opt/ros/kilted/opt/gz_sensors_vendor:/opt/ros/kilted/opt/gz_physics_vendor:/opt/ros/kilted/opt/sdformat_vendor:/opt/ros/kilted/opt/gz_gui_vendor:/opt/ros/kilted/opt/gz_transport_vendor:/opt/ros/kilted/opt/gz_rendering_vendor:/opt/ros/kilted/opt/gz_plugin_vendor:/opt/ros/kilted/opt/gz_fuel_tools_vendor:/opt/ros/kilted/opt/gz_msgs_vendor:/opt/ros/kilted/opt/gz_common_vendor:/opt/ros/kilted/opt/gz_math_vendor:/opt/ros/kilted/opt/gz_utils_vendor:/opt/ros/kilted/opt/gz_tools_vendor:/opt/ros/kilted/opt/gz_ogre_next_vendor:/opt/ros/kilted/opt/gz_dartsim_vendor:/opt/ros/kilted/opt/gz_cmake_vendor:/home/anatoly/ros2k_ws/install/uf_ros_lib:/opt/ros/kilted DEBUGINFOD_URLS=https://debuginfod.ubuntu.com LD_LIBRARY_PATH=/home/anatoly/ros2k_ws/install/xarm_sdk/lib:/home/anatoly/ros2k_ws/install/xarm_msgs/lib:/home/anatoly/ros2k_ws/install/xarm_moveit_servo/lib:/home/anatoly/ros2k_ws/install/xarm_controller/lib:/home/anatoly/ros2k_ws/install/xarm_api/lib:/home/anatoly/ros2k_ws/install/xarm_planner/lib:/home/anatoly/ros2k_ws/install/object_recognition_msgs/lib:/opt/ros/kilted/opt/gz_sim_vendor/lib:/opt/ros/kilted/opt/gz_sensors_vendor/lib:/opt/ros/kilted/opt/gz_physics_vendor/lib:/opt/ros/kilted/opt/sdformat_vendor/lib:/opt/ros/kilted/opt/gz_gui_vendor/lib:/opt/ros/kilted/opt/gz_transport_vendor/lib:/opt/ros/kilted/opt/gz_rendering_vendor/lib:/opt/ros/kilted/opt/gz_plugin_vendor/lib:/opt/ros/kilted/opt/gz_fuel_tools_vendor/lib:/opt/ros/kilted/opt/gz_msgs_vendor/lib:/opt/ros/kilted/opt/gz_common_vendor/lib:/opt/ros/kilted/opt/gz_math_vendor/lib:/opt/ros/kilted/opt/gz_utils_vendor/lib:/opt/ros/kilted/opt/rviz_ogre_vendor/lib:/opt/ros/kilted/lib/x86_64-linux-gnu:/opt/ros/kilted/opt/gz_tools_vendor/lib:/opt/ros/kilted/opt/gz_ogre_next_vendor/lib:/opt/ros/kilted/opt/gz_dartsim_vendor/lib:/opt/ros/kilted/opt/gz_cmake_vendor/lib:/opt/ros/kilted/lib /usr/bin/cmake --build /home/anatoly/ros2k_ws/build/xarm_api -- -j12 -l12
[1.127s] DEBUG:colcon.colcon_core.event_handler.log_command:Invoking command in '/home/anatoly/ros2k_ws/build/xarm_api': CMAKE_PREFIX_PATH=/home/anatoly/ros2k_ws/install/xarm_sdk:/home/anatoly/ros2k_ws/install/xarm_msgs:/home/anatoly/ros2k_ws/install/xarm_description:/home/anatoly/ros2k_ws/install/xarm_moveit_servo:/home/anatoly/ros2k_ws/install/xarm_controller:/home/anatoly/ros2k_ws/install/xarm_api:/home/anatoly/ros2k_ws/install/xarm_planner:/home/anatoly/ros2k_ws/install/object_recognition_msgs:/home/anatoly/ros2k_ws/install/mbot_demo:/opt/ros/kilted/opt/gz_sim_vendor:/opt/ros/kilted/opt/gz_sensors_vendor:/opt/ros/kilted/opt/gz_physics_vendor:/opt/ros/kilted/opt/sdformat_vendor:/opt/ros/kilted/opt/gz_gui_vendor:/opt/ros/kilted/opt/gz_transport_vendor:/opt/ros/kilted/opt/gz_rendering_vendor:/opt/ros/kilted/opt/gz_plugin_vendor:/opt/ros/kilted/opt/gz_fuel_tools_vendor:/opt/ros/kilted/opt/gz_msgs_vendor:/opt/ros/kilted/opt/gz_common_vendor:/opt/ros/kilted/opt/gz_math_vendor:/opt/ros/kilted/opt/gz_utils_vendor:/opt/ros/kilted/opt/gz_tools_vendor:/opt/ros/kilted/opt/gz_ogre_next_vendor:/opt/ros/kilted/opt/gz_dartsim_vendor:/opt/ros/kilted/opt/gz_cmake_vendor:/home/anatoly/ros2k_ws/install/uf_ros_lib:/opt/ros/kilted DEBUGINFOD_URLS=https://debuginfod.ubuntu.com LD_LIBRARY_PATH=/home/anatoly/ros2k_ws/install/xarm_sdk/lib:/home/anatoly/ros2k_ws/install/xarm_msgs/lib:/home/anatoly/ros2k_ws/install/xarm_moveit_servo/lib:/home/anatoly/ros2k_ws/install/xarm_controller/lib:/home/anatoly/ros2k_ws/install/xarm_api/lib:/home/anatoly/ros2k_ws/install/xarm_planner/lib:/home/anatoly/ros2k_ws/install/object_recognition_msgs/lib:/opt/ros/kilted/opt/gz_sim_vendor/lib:/opt/ros/kilted/opt/gz_sensors_vendor/lib:/opt/ros/kilted/opt/gz_physics_vendor/lib:/opt/ros/kilted/opt/sdformat_vendor/lib:/opt/ros/kilted/opt/gz_gui_vendor/lib:/opt/ros/kilted/opt/gz_transport_vendor/lib:/opt/ros/kilted/opt/gz_rendering_vendor/lib:/opt/ros/kilted/opt/gz_plugin_vendor/lib:/opt/ros/kilted/opt/gz_fuel_tools_vendor/lib:/opt/ros/kilted/opt/gz_msgs_vendor/lib:/opt/ros/kilted/opt/gz_common_vendor/lib:/opt/ros/kilted/opt/gz_math_vendor/lib:/opt/ros/kilted/opt/gz_utils_vendor/lib:/opt/ros/kilted/opt/rviz_ogre_vendor/lib:/opt/ros/kilted/lib/x86_64-linux-gnu:/opt/ros/kilted/opt/gz_tools_vendor/lib:/opt/ros/kilted/opt/gz_ogre_next_vendor/lib:/opt/ros/kilted/opt/gz_dartsim_vendor/lib:/opt/ros/kilted/opt/gz_cmake_vendor/lib:/opt/ros/kilted/lib /usr/bin/cmake --install /home/anatoly/ros2k_ws/build/xarm_api
[1.156s] Level 1:colcon.colcon_core.environment:create_environment_scripts_only(xarm_api)
[1.157s] Level 1:colcon.colcon_core.environment:checking '/home/anatoly/ros2k_ws/install/xarm_api' for CMake module files
[1.157s] DEBUG:colcon.colcon_core.event_handler.log_command:Invoked command in '/home/anatoly/ros2k_ws/build/xarm_api' returned '0': CMAKE_PREFIX_PATH=/home/anatoly/ros2k_ws/install/xarm_sdk:/home/anatoly/ros2k_ws/install/xarm_msgs:/home/anatoly/ros2k_ws/install/xarm_description:/home/anatoly/ros2k_ws/install/xarm_moveit_servo:/home/anatoly/ros2k_ws/install/xarm_controller:/home/anatoly/ros2k_ws/install/xarm_api:/home/anatoly/ros2k_ws/install/xarm_planner:/home/anatoly/ros2k_ws/install/object_recognition_msgs:/home/anatoly/ros2k_ws/install/mbot_demo:/opt/ros/kilted/opt/gz_sim_vendor:/opt/ros/kilted/opt/gz_sensors_vendor:/opt/ros/kilted/opt/gz_physics_vendor:/opt/ros/kilted/opt/sdformat_vendor:/opt/ros/kilted/opt/gz_gui_vendor:/opt/ros/kilted/opt/gz_transport_vendor:/opt/ros/kilted/opt/gz_rendering_vendor:/opt/ros/kilted/opt/gz_plugin_vendor:/opt/ros/kilted/opt/gz_fuel_tools_vendor:/opt/ros/kilted/opt/gz_msgs_vendor:/opt/ros/kilted/opt/gz_common_vendor:/opt/ros/kilted/opt/gz_math_vendor:/opt/ros/kilted/opt/gz_utils_vendor:/opt/ros/kilted/opt/gz_tools_vendor:/opt/ros/kilted/opt/gz_ogre_next_vendor:/opt/ros/kilted/opt/gz_dartsim_vendor:/opt/ros/kilted/opt/gz_cmake_vendor:/home/anatoly/ros2k_ws/install/uf_ros_lib:/opt/ros/kilted DEBUGINFOD_URLS=https://debuginfod.ubuntu.com LD_LIBRARY_PATH=/home/anatoly/ros2k_ws/install/xarm_sdk/lib:/home/anatoly/ros2k_ws/install/xarm_msgs/lib:/home/anatoly/ros2k_ws/install/xarm_moveit_servo/lib:/home/anatoly/ros2k_ws/install/xarm_controller/lib:/home/anatoly/ros2k_ws/install/xarm_api/lib:/home/anatoly/ros2k_ws/install/xarm_planner/lib:/home/anatoly/ros2k_ws/install/object_recognition_msgs/lib:/opt/ros/kilted/opt/gz_sim_vendor/lib:/opt/ros/kilted/opt/gz_sensors_vendor/lib:/opt/ros/kilted/opt/gz_physics_vendor/lib:/opt/ros/kilted/opt/sdformat_vendor/lib:/opt/ros/kilted/opt/gz_gui_vendor/lib:/opt/ros/kilted/opt/gz_transport_vendor/lib:/opt/ros/kilted/opt/gz_rendering_vendor/lib:/opt/ros/kilted/opt/gz_plugin_vendor/lib:/opt/ros/kilted/opt/gz_fuel_tools_vendor/lib:/opt/ros/kilted/opt/gz_msgs_vendor/lib:/opt/ros/kilted/opt/gz_common_vendor/lib:/opt/ros/kilted/opt/gz_math_vendor/lib:/opt/ros/kilted/opt/gz_utils_vendor/lib:/opt/ros/kilted/opt/rviz_ogre_vendor/lib:/opt/ros/kilted/lib/x86_64-linux-gnu:/opt/ros/kilted/opt/gz_tools_vendor/lib:/opt/ros/kilted/opt/gz_ogre_next_vendor/lib:/opt/ros/kilted/opt/gz_dartsim_vendor/lib:/opt/ros/kilted/opt/gz_cmake_vendor/lib:/opt/ros/kilted/lib /usr/bin/cmake --install /home/anatoly/ros2k_ws/build/xarm_api
[1.158s] Level 1:colcon.colcon_core.environment:checking '/home/anatoly/ros2k_ws/install/xarm_api' for CMake config files
[1.158s] Level 1:colcon.colcon_core.shell:create_environment_hook('xarm_api', 'cmake_prefix_path')
[1.158s] INFO:colcon.colcon_core.shell:Creating environment hook '/home/anatoly/ros2k_ws/install/xarm_api/share/xarm_api/hook/cmake_prefix_path.ps1'
[1.159s] INFO:colcon.colcon_core.shell:Creating environment descriptor '/home/anatoly/ros2k_ws/install/xarm_api/share/xarm_api/hook/cmake_prefix_path.dsv'
[1.159s] INFO:colcon.colcon_core.shell:Creating environment hook '/home/anatoly/ros2k_ws/install/xarm_api/share/xarm_api/hook/cmake_prefix_path.sh'
[1.159s] Level 1:colcon.colcon_core.environment:checking '/home/anatoly/ros2k_ws/install/xarm_api/lib'
[1.159s] Level 1:colcon.colcon_core.shell:create_environment_hook('xarm_api', 'ld_library_path_lib')
[1.159s] INFO:colcon.colcon_core.shell:Creating environment hook '/home/anatoly/ros2k_ws/install/xarm_api/share/xarm_api/hook/ld_library_path_lib.ps1'
[1.160s] INFO:colcon.colcon_core.shell:Creating environment descriptor '/home/anatoly/ros2k_ws/install/xarm_api/share/xarm_api/hook/ld_library_path_lib.dsv'
[1.160s] INFO:colcon.colcon_core.shell:Creating environment hook '/home/anatoly/ros2k_ws/install/xarm_api/share/xarm_api/hook/ld_library_path_lib.sh'
[1.160s] Level 1:colcon.colcon_core.environment:checking '/home/anatoly/ros2k_ws/install/xarm_api/bin'
[1.160s] Level 1:colcon.colcon_core.environment:checking '/home/anatoly/ros2k_ws/install/xarm_api/lib/pkgconfig/xarm_api.pc'
[1.161s] Level 1:colcon.colcon_core.environment:checking '/home/anatoly/ros2k_ws/install/xarm_api/lib/python3.12/site-packages'
[1.161s] Level 1:colcon.colcon_core.environment:checking '/home/anatoly/ros2k_ws/install/xarm_api/bin'
[1.161s] INFO:colcon.colcon_core.shell:Creating package script '/home/anatoly/ros2k_ws/install/xarm_api/share/xarm_api/package.ps1'
[1.161s] INFO:colcon.colcon_core.shell:Creating package descriptor '/home/anatoly/ros2k_ws/install/xarm_api/share/xarm_api/package.dsv'
[1.162s] INFO:colcon.colcon_core.shell:Creating package script '/home/anatoly/ros2k_ws/install/xarm_api/share/xarm_api/package.sh'
[1.162s] INFO:colcon.colcon_core.shell:Creating package script '/home/anatoly/ros2k_ws/install/xarm_api/share/xarm_api/package.bash'
[1.163s] INFO:colcon.colcon_core.shell:Creating package script '/home/anatoly/ros2k_ws/install/xarm_api/share/xarm_api/package.zsh'
[1.163s] Level 1:colcon.colcon_core.environment:create_file_with_runtime_dependencies(/home/anatoly/ros2k_ws/install/xarm_api/share/colcon-core/packages/xarm_api)
[1.163s] Level 1:colcon.colcon_core.environment:create_environment_scripts_only(xarm_api)
[1.163s] Level 1:colcon.colcon_core.environment:checking '/home/anatoly/ros2k_ws/install/xarm_api' for CMake module files
[1.164s] Level 1:colcon.colcon_core.environment:checking '/home/anatoly/ros2k_ws/install/xarm_api' for CMake config files
[1.164s] Level 1:colcon.colcon_core.shell:create_environment_hook('xarm_api', 'cmake_prefix_path')
[1.164s] INFO:colcon.colcon_core.shell:Creating environment hook '/home/anatoly/ros2k_ws/install/xarm_api/share/xarm_api/hook/cmake_prefix_path.ps1'
[1.164s] INFO:colcon.colcon_core.shell:Creating environment descriptor '/home/anatoly/ros2k_ws/install/xarm_api/share/xarm_api/hook/cmake_prefix_path.dsv'
[1.165s] INFO:colcon.colcon_core.shell:Creating environment hook '/home/anatoly/ros2k_ws/install/xarm_api/share/xarm_api/hook/cmake_prefix_path.sh'
[1.165s] Level 1:colcon.colcon_core.environment:checking '/home/anatoly/ros2k_ws/install/xarm_api/lib'
[1.165s] Level 1:colcon.colcon_core.shell:create_environment_hook('xarm_api', 'ld_library_path_lib')
[1.165s] INFO:colcon.colcon_core.shell:Creating environment hook '/home/anatoly/ros2k_ws/install/xarm_api/share/xarm_api/hook/ld_library_path_lib.ps1'
[1.166s] INFO:colcon.colcon_core.shell:Creating environment descriptor '/home/anatoly/ros2k_ws/install/xarm_api/share/xarm_api/hook/ld_library_path_lib.dsv'
[1.166s] INFO:colcon.colcon_core.shell:Creating environment hook '/home/anatoly/ros2k_ws/install/xarm_api/share/xarm_api/hook/ld_library_path_lib.sh'
[1.166s] Level 1:colcon.colcon_core.environment:checking '/home/anatoly/ros2k_ws/install/xarm_api/bin'
[1.166s] Level 1:colcon.colcon_core.environment:checking '/home/anatoly/ros2k_ws/install/xarm_api/lib/pkgconfig/xarm_api.pc'
[1.166s] Level 1:colcon.colcon_core.environment:checking '/home/anatoly/ros2k_ws/install/xarm_api/lib/python3.12/site-packages'
[1.167s] Level 1:colcon.colcon_core.environment:checking '/home/anatoly/ros2k_ws/install/xarm_api/bin'
[1.167s] INFO:colcon.colcon_core.shell:Creating package script '/home/anatoly/ros2k_ws/install/xarm_api/share/xarm_api/package.ps1'
[1.167s] INFO:colcon.colcon_core.shell:Creating package descriptor '/home/anatoly/ros2k_ws/install/xarm_api/share/xarm_api/package.dsv'
[1.167s] INFO:colcon.colcon_core.shell:Creating package script '/home/anatoly/ros2k_ws/install/xarm_api/share/xarm_api/package.sh'
[1.168s] INFO:colcon.colcon_core.shell:Creating package script '/home/anatoly/ros2k_ws/install/xarm_api/share/xarm_api/package.bash'
[1.168s] INFO:colcon.colcon_core.shell:Creating package script '/home/anatoly/ros2k_ws/install/xarm_api/share/xarm_api/package.zsh'
[1.168s] Level 1:colcon.colcon_core.environment:create_file_with_runtime_dependencies(/home/anatoly/ros2k_ws/install/xarm_api/share/colcon-core/packages/xarm_api)
[1.169s] INFO:colcon.colcon_ros.task.ament_cmake.build:Building ROS package in '/home/anatoly/ros2k_ws/src/xarm_ros2/xarm_controller' with build type 'ament_cmake'
[1.169s] INFO:colcon.colcon_cmake.task.cmake.build:Building CMake package in '/home/anatoly/ros2k_ws/src/xarm_ros2/xarm_controller'
[1.169s] INFO:colcon.colcon_core.shell:Skip shell extension 'powershell' for command environment: Not usable outside of PowerShell
[1.169s] DEBUG:colcon.colcon_core.shell:Skip shell extension 'dsv' for command environment
[1.185s] DEBUG:colcon.colcon_core.event_handler.log_command:Invoking command in '/home/anatoly/ros2k_ws/build/xarm_controller': CMAKE_PREFIX_PATH=/home/anatoly/ros2k_ws/install/xarm_api:/home/anatoly/ros2k_ws/install/xarm_sdk:/home/anatoly/ros2k_ws/install/xarm_msgs:/home/anatoly/ros2k_ws/install/xarm_description:/home/anatoly/ros2k_ws/install/xarm_moveit_servo:/home/anatoly/ros2k_ws/install/xarm_controller:/home/anatoly/ros2k_ws/install/xarm_planner:/home/anatoly/ros2k_ws/install/object_recognition_msgs:/home/anatoly/ros2k_ws/install/mbot_demo:/opt/ros/kilted/opt/gz_sim_vendor:/opt/ros/kilted/opt/gz_sensors_vendor:/opt/ros/kilted/opt/gz_physics_vendor:/opt/ros/kilted/opt/sdformat_vendor:/opt/ros/kilted/opt/gz_gui_vendor:/opt/ros/kilted/opt/gz_transport_vendor:/opt/ros/kilted/opt/gz_rendering_vendor:/opt/ros/kilted/opt/gz_plugin_vendor:/opt/ros/kilted/opt/gz_fuel_tools_vendor:/opt/ros/kilted/opt/gz_msgs_vendor:/opt/ros/kilted/opt/gz_common_vendor:/opt/ros/kilted/opt/gz_math_vendor:/opt/ros/kilted/opt/gz_utils_vendor:/opt/ros/kilted/opt/gz_tools_vendor:/opt/ros/kilted/opt/gz_ogre_next_vendor:/opt/ros/kilted/opt/gz_dartsim_vendor:/opt/ros/kilted/opt/gz_cmake_vendor:/home/anatoly/ros2k_ws/install/uf_ros_lib:/opt/ros/kilted DEBUGINFOD_URLS=https://debuginfod.ubuntu.com LD_LIBRARY_PATH=/home/anatoly/ros2k_ws/install/xarm_api/lib:/home/anatoly/ros2k_ws/install/xarm_sdk/lib:/home/anatoly/ros2k_ws/install/xarm_msgs/lib:/home/anatoly/ros2k_ws/install/xarm_moveit_servo/lib:/home/anatoly/ros2k_ws/install/xarm_controller/lib:/home/anatoly/ros2k_ws/install/xarm_planner/lib:/home/anatoly/ros2k_ws/install/object_recognition_msgs/lib:/opt/ros/kilted/opt/gz_sim_vendor/lib:/opt/ros/kilted/opt/gz_sensors_vendor/lib:/opt/ros/kilted/opt/gz_physics_vendor/lib:/opt/ros/kilted/opt/sdformat_vendor/lib:/opt/ros/kilted/opt/gz_gui_vendor/lib:/opt/ros/kilted/opt/gz_transport_vendor/lib:/opt/ros/kilted/opt/gz_rendering_vendor/lib:/opt/ros/kilted/opt/gz_plugin_vendor/lib:/opt/ros/kilted/opt/gz_fuel_tools_vendor/lib:/opt/ros/kilted/opt/gz_msgs_vendor/lib:/opt/ros/kilted/opt/gz_common_vendor/lib:/opt/ros/kilted/opt/gz_math_vendor/lib:/opt/ros/kilted/opt/gz_utils_vendor/lib:/opt/ros/kilted/opt/rviz_ogre_vendor/lib:/opt/ros/kilted/lib/x86_64-linux-gnu:/opt/ros/kilted/opt/gz_tools_vendor/lib:/opt/ros/kilted/opt/gz_ogre_next_vendor/lib:/opt/ros/kilted/opt/gz_dartsim_vendor/lib:/opt/ros/kilted/opt/gz_cmake_vendor/lib:/opt/ros/kilted/lib /usr/bin/cmake --build /home/anatoly/ros2k_ws/build/xarm_controller -- -j12 -l12
[1.274s] DEBUG:colcon.colcon_core.event_handler.log_command:Invoked command in '/home/anatoly/ros2k_ws/build/xarm_controller' returned '0': CMAKE_PREFIX_PATH=/home/anatoly/ros2k_ws/install/xarm_api:/home/anatoly/ros2k_ws/install/xarm_sdk:/home/anatoly/ros2k_ws/install/xarm_msgs:/home/anatoly/ros2k_ws/install/xarm_description:/home/anatoly/ros2k_ws/install/xarm_moveit_servo:/home/anatoly/ros2k_ws/install/xarm_controller:/home/anatoly/ros2k_ws/install/xarm_planner:/home/anatoly/ros2k_ws/install/object_recognition_msgs:/home/anatoly/ros2k_ws/install/mbot_demo:/opt/ros/kilted/opt/gz_sim_vendor:/opt/ros/kilted/opt/gz_sensors_vendor:/opt/ros/kilted/opt/gz_physics_vendor:/opt/ros/kilted/opt/sdformat_vendor:/opt/ros/kilted/opt/gz_gui_vendor:/opt/ros/kilted/opt/gz_transport_vendor:/opt/ros/kilted/opt/gz_rendering_vendor:/opt/ros/kilted/opt/gz_plugin_vendor:/opt/ros/kilted/opt/gz_fuel_tools_vendor:/opt/ros/kilted/opt/gz_msgs_vendor:/opt/ros/kilted/opt/gz_common_vendor:/opt/ros/kilted/opt/gz_math_vendor:/opt/ros/kilted/opt/gz_utils_vendor:/opt/ros/kilted/opt/gz_tools_vendor:/opt/ros/kilted/opt/gz_ogre_next_vendor:/opt/ros/kilted/opt/gz_dartsim_vendor:/opt/ros/kilted/opt/gz_cmake_vendor:/home/anatoly/ros2k_ws/install/uf_ros_lib:/opt/ros/kilted DEBUGINFOD_URLS=https://debuginfod.ubuntu.com LD_LIBRARY_PATH=/home/anatoly/ros2k_ws/install/xarm_api/lib:/home/anatoly/ros2k_ws/install/xarm_sdk/lib:/home/anatoly/ros2k_ws/install/xarm_msgs/lib:/home/anatoly/ros2k_ws/install/xarm_moveit_servo/lib:/home/anatoly/ros2k_ws/install/xarm_controller/lib:/home/anatoly/ros2k_ws/install/xarm_planner/lib:/home/anatoly/ros2k_ws/install/object_recognition_msgs/lib:/opt/ros/kilted/opt/gz_sim_vendor/lib:/opt/ros/kilted/opt/gz_sensors_vendor/lib:/opt/ros/kilted/opt/gz_physics_vendor/lib:/opt/ros/kilted/opt/sdformat_vendor/lib:/opt/ros/kilted/opt/gz_gui_vendor/lib:/opt/ros/kilted/opt/gz_transport_vendor/lib:/opt/ros/kilted/opt/gz_rendering_vendor/lib:/opt/ros/kilted/opt/gz_plugin_vendor/lib:/opt/ros/kilted/opt/gz_fuel_tools_vendor/lib:/opt/ros/kilted/opt/gz_msgs_vendor/lib:/opt/ros/kilted/opt/gz_common_vendor/lib:/opt/ros/kilted/opt/gz_math_vendor/lib:/opt/ros/kilted/opt/gz_utils_vendor/lib:/opt/ros/kilted/opt/rviz_ogre_vendor/lib:/opt/ros/kilted/lib/x86_64-linux-gnu:/opt/ros/kilted/opt/gz_tools_vendor/lib:/opt/ros/kilted/opt/gz_ogre_next_vendor/lib:/opt/ros/kilted/opt/gz_dartsim_vendor/lib:/opt/ros/kilted/opt/gz_cmake_vendor/lib:/opt/ros/kilted/lib /usr/bin/cmake --build /home/anatoly/ros2k_ws/build/xarm_controller -- -j12 -l12
[1.275s] DEBUG:colcon.colcon_core.event_handler.log_command:Invoking command in '/home/anatoly/ros2k_ws/build/xarm_controller': CMAKE_PREFIX_PATH=/home/anatoly/ros2k_ws/install/xarm_api:/home/anatoly/ros2k_ws/install/xarm_sdk:/home/anatoly/ros2k_ws/install/xarm_msgs:/home/anatoly/ros2k_ws/install/xarm_description:/home/anatoly/ros2k_ws/install/xarm_moveit_servo:/home/anatoly/ros2k_ws/install/xarm_controller:/home/anatoly/ros2k_ws/install/xarm_planner:/home/anatoly/ros2k_ws/install/object_recognition_msgs:/home/anatoly/ros2k_ws/install/mbot_demo:/opt/ros/kilted/opt/gz_sim_vendor:/opt/ros/kilted/opt/gz_sensors_vendor:/opt/ros/kilted/opt/gz_physics_vendor:/opt/ros/kilted/opt/sdformat_vendor:/opt/ros/kilted/opt/gz_gui_vendor:/opt/ros/kilted/opt/gz_transport_vendor:/opt/ros/kilted/opt/gz_rendering_vendor:/opt/ros/kilted/opt/gz_plugin_vendor:/opt/ros/kilted/opt/gz_fuel_tools_vendor:/opt/ros/kilted/opt/gz_msgs_vendor:/opt/ros/kilted/opt/gz_common_vendor:/opt/ros/kilted/opt/gz_math_vendor:/opt/ros/kilted/opt/gz_utils_vendor:/opt/ros/kilted/opt/gz_tools_vendor:/opt/ros/kilted/opt/gz_ogre_next_vendor:/opt/ros/kilted/opt/gz_dartsim_vendor:/opt/ros/kilted/opt/gz_cmake_vendor:/home/anatoly/ros2k_ws/install/uf_ros_lib:/opt/ros/kilted DEBUGINFOD_URLS=https://debuginfod.ubuntu.com LD_LIBRARY_PATH=/home/anatoly/ros2k_ws/install/xarm_api/lib:/home/anatoly/ros2k_ws/install/xarm_sdk/lib:/home/anatoly/ros2k_ws/install/xarm_msgs/lib:/home/anatoly/ros2k_ws/install/xarm_moveit_servo/lib:/home/anatoly/ros2k_ws/install/xarm_controller/lib:/home/anatoly/ros2k_ws/install/xarm_planner/lib:/home/anatoly/ros2k_ws/install/object_recognition_msgs/lib:/opt/ros/kilted/opt/gz_sim_vendor/lib:/opt/ros/kilted/opt/gz_sensors_vendor/lib:/opt/ros/kilted/opt/gz_physics_vendor/lib:/opt/ros/kilted/opt/sdformat_vendor/lib:/opt/ros/kilted/opt/gz_gui_vendor/lib:/opt/ros/kilted/opt/gz_transport_vendor/lib:/opt/ros/kilted/opt/gz_rendering_vendor/lib:/opt/ros/kilted/opt/gz_plugin_vendor/lib:/opt/ros/kilted/opt/gz_fuel_tools_vendor/lib:/opt/ros/kilted/opt/gz_msgs_vendor/lib:/opt/ros/kilted/opt/gz_common_vendor/lib:/opt/ros/kilted/opt/gz_math_vendor/lib:/opt/ros/kilted/opt/gz_utils_vendor/lib:/opt/ros/kilted/opt/rviz_ogre_vendor/lib:/opt/ros/kilted/lib/x86_64-linux-gnu:/opt/ros/kilted/opt/gz_tools_vendor/lib:/opt/ros/kilted/opt/gz_ogre_next_vendor/lib:/opt/ros/kilted/opt/gz_dartsim_vendor/lib:/opt/ros/kilted/opt/gz_cmake_vendor/lib:/opt/ros/kilted/lib /usr/bin/cmake --install /home/anatoly/ros2k_ws/build/xarm_controller
[1.307s] Level 1:colcon.colcon_core.environment:create_environment_scripts_only(xarm_controller)
[1.307s] Level 1:colcon.colcon_core.environment:checking '/home/anatoly/ros2k_ws/install/xarm_controller' for CMake module files
[1.308s] DEBUG:colcon.colcon_core.event_handler.log_command:Invoked command in '/home/anatoly/ros2k_ws/build/xarm_controller' returned '0': CMAKE_PREFIX_PATH=/home/anatoly/ros2k_ws/install/xarm_api:/home/anatoly/ros2k_ws/install/xarm_sdk:/home/anatoly/ros2k_ws/install/xarm_msgs:/home/anatoly/ros2k_ws/install/xarm_description:/home/anatoly/ros2k_ws/install/xarm_moveit_servo:/home/anatoly/ros2k_ws/install/xarm_controller:/home/anatoly/ros2k_ws/install/xarm_planner:/home/anatoly/ros2k_ws/install/object_recognition_msgs:/home/anatoly/ros2k_ws/install/mbot_demo:/opt/ros/kilted/opt/gz_sim_vendor:/opt/ros/kilted/opt/gz_sensors_vendor:/opt/ros/kilted/opt/gz_physics_vendor:/opt/ros/kilted/opt/sdformat_vendor:/opt/ros/kilted/opt/gz_gui_vendor:/opt/ros/kilted/opt/gz_transport_vendor:/opt/ros/kilted/opt/gz_rendering_vendor:/opt/ros/kilted/opt/gz_plugin_vendor:/opt/ros/kilted/opt/gz_fuel_tools_vendor:/opt/ros/kilted/opt/gz_msgs_vendor:/opt/ros/kilted/opt/gz_common_vendor:/opt/ros/kilted/opt/gz_math_vendor:/opt/ros/kilted/opt/gz_utils_vendor:/opt/ros/kilted/opt/gz_tools_vendor:/opt/ros/kilted/opt/gz_ogre_next_vendor:/opt/ros/kilted/opt/gz_dartsim_vendor:/opt/ros/kilted/opt/gz_cmake_vendor:/home/anatoly/ros2k_ws/install/uf_ros_lib:/opt/ros/kilted DEBUGINFOD_URLS=https://debuginfod.ubuntu.com LD_LIBRARY_PATH=/home/anatoly/ros2k_ws/install/xarm_api/lib:/home/anatoly/ros2k_ws/install/xarm_sdk/lib:/home/anatoly/ros2k_ws/install/xarm_msgs/lib:/home/anatoly/ros2k_ws/install/xarm_moveit_servo/lib:/home/anatoly/ros2k_ws/install/xarm_controller/lib:/home/anatoly/ros2k_ws/install/xarm_planner/lib:/home/anatoly/ros2k_ws/install/object_recognition_msgs/lib:/opt/ros/kilted/opt/gz_sim_vendor/lib:/opt/ros/kilted/opt/gz_sensors_vendor/lib:/opt/ros/kilted/opt/gz_physics_vendor/lib:/opt/ros/kilted/opt/sdformat_vendor/lib:/opt/ros/kilted/opt/gz_gui_vendor/lib:/opt/ros/kilted/opt/gz_transport_vendor/lib:/opt/ros/kilted/opt/gz_rendering_vendor/lib:/opt/ros/kilted/opt/gz_plugin_vendor/lib:/opt/ros/kilted/opt/gz_fuel_tools_vendor/lib:/opt/ros/kilted/opt/gz_msgs_vendor/lib:/opt/ros/kilted/opt/gz_common_vendor/lib:/opt/ros/kilted/opt/gz_math_vendor/lib:/opt/ros/kilted/opt/gz_utils_vendor/lib:/opt/ros/kilted/opt/rviz_ogre_vendor/lib:/opt/ros/kilted/lib/x86_64-linux-gnu:/opt/ros/kilted/opt/gz_tools_vendor/lib:/opt/ros/kilted/opt/gz_ogre_next_vendor/lib:/opt/ros/kilted/opt/gz_dartsim_vendor/lib:/opt/ros/kilted/opt/gz_cmake_vendor/lib:/opt/ros/kilted/lib /usr/bin/cmake --install /home/anatoly/ros2k_ws/build/xarm_controller
[1.308s] Level 1:colcon.colcon_core.environment:checking '/home/anatoly/ros2k_ws/install/xarm_controller' for CMake config files
[1.309s] Level 1:colcon.colcon_core.shell:create_environment_hook('xarm_controller', 'cmake_prefix_path')
[1.309s] INFO:colcon.colcon_core.shell:Creating environment hook '/home/anatoly/ros2k_ws/install/xarm_controller/share/xarm_controller/hook/cmake_prefix_path.ps1'
[1.309s] INFO:colcon.colcon_core.shell:Creating environment descriptor '/home/anatoly/ros2k_ws/install/xarm_controller/share/xarm_controller/hook/cmake_prefix_path.dsv'
[1.309s] INFO:colcon.colcon_core.shell:Creating environment hook '/home/anatoly/ros2k_ws/install/xarm_controller/share/xarm_controller/hook/cmake_prefix_path.sh'
[1.310s] Level 1:colcon.colcon_core.environment:checking '/home/anatoly/ros2k_ws/install/xarm_controller/lib'
[1.310s] Level 1:colcon.colcon_core.shell:create_environment_hook('xarm_controller', 'ld_library_path_lib')
[1.310s] INFO:colcon.colcon_core.shell:Creating environment hook '/home/anatoly/ros2k_ws/install/xarm_controller/share/xarm_controller/hook/ld_library_path_lib.ps1'
[1.310s] INFO:colcon.colcon_core.shell:Creating environment descriptor '/home/anatoly/ros2k_ws/install/xarm_controller/share/xarm_controller/hook/ld_library_path_lib.dsv'
[1.310s] INFO:colcon.colcon_core.shell:Creating environment hook '/home/anatoly/ros2k_ws/install/xarm_controller/share/xarm_controller/hook/ld_library_path_lib.sh'
[1.311s] Level 1:colcon.colcon_core.environment:checking '/home/anatoly/ros2k_ws/install/xarm_controller/bin'
[1.311s] Level 1:colcon.colcon_core.environment:checking '/home/anatoly/ros2k_ws/install/xarm_controller/lib/pkgconfig/xarm_controller.pc'
[1.311s] Level 1:colcon.colcon_core.environment:checking '/home/anatoly/ros2k_ws/install/xarm_controller/lib/python3.12/site-packages'
[1.311s] Level 1:colcon.colcon_core.environment:checking '/home/anatoly/ros2k_ws/install/xarm_controller/bin'
[1.311s] INFO:colcon.colcon_core.shell:Creating package script '/home/anatoly/ros2k_ws/install/xarm_controller/share/xarm_controller/package.ps1'
[1.313s] INFO:colcon.colcon_core.shell:Creating package descriptor '/home/anatoly/ros2k_ws/install/xarm_controller/share/xarm_controller/package.dsv'
[1.313s] INFO:colcon.colcon_core.shell:Creating package script '/home/anatoly/ros2k_ws/install/xarm_controller/share/xarm_controller/package.sh'
[1.314s] INFO:colcon.colcon_core.shell:Creating package script '/home/anatoly/ros2k_ws/install/xarm_controller/share/xarm_controller/package.bash'
[1.314s] INFO:colcon.colcon_core.shell:Creating package script '/home/anatoly/ros2k_ws/install/xarm_controller/share/xarm_controller/package.zsh'
[1.314s] Level 1:colcon.colcon_core.environment:create_file_with_runtime_dependencies(/home/anatoly/ros2k_ws/install/xarm_controller/share/colcon-core/packages/xarm_controller)
[1.315s] Level 1:colcon.colcon_core.environment:create_environment_scripts_only(xarm_controller)
[1.315s] Level 1:colcon.colcon_core.environment:checking '/home/anatoly/ros2k_ws/install/xarm_controller' for CMake module files
[1.315s] Level 1:colcon.colcon_core.environment:checking '/home/anatoly/ros2k_ws/install/xarm_controller' for CMake config files
[1.316s] Level 1:colcon.colcon_core.shell:create_environment_hook('xarm_controller', 'cmake_prefix_path')
[1.316s] INFO:colcon.colcon_core.shell:Creating environment hook '/home/anatoly/ros2k_ws/install/xarm_controller/share/xarm_controller/hook/cmake_prefix_path.ps1'
[1.316s] INFO:colcon.colcon_core.shell:Creating environment descriptor '/home/anatoly/ros2k_ws/install/xarm_controller/share/xarm_controller/hook/cmake_prefix_path.dsv'
[1.316s] INFO:colcon.colcon_core.shell:Creating environment hook '/home/anatoly/ros2k_ws/install/xarm_controller/share/xarm_controller/hook/cmake_prefix_path.sh'
[1.317s] Level 1:colcon.colcon_core.environment:checking '/home/anatoly/ros2k_ws/install/xarm_controller/lib'
[1.317s] Level 1:colcon.colcon_core.shell:create_environment_hook('xarm_controller', 'ld_library_path_lib')
[1.317s] INFO:colcon.colcon_core.shell:Creating environment hook '/home/anatoly/ros2k_ws/install/xarm_controller/share/xarm_controller/hook/ld_library_path_lib.ps1'
[1.317s] INFO:colcon.colcon_core.shell:Creating environment descriptor '/home/anatoly/ros2k_ws/install/xarm_controller/share/xarm_controller/hook/ld_library_path_lib.dsv'
[1.318s] INFO:colcon.colcon_core.shell:Creating environment hook '/home/anatoly/ros2k_ws/install/xarm_controller/share/xarm_controller/hook/ld_library_path_lib.sh'
[1.318s] Level 1:colcon.colcon_core.environment:checking '/home/anatoly/ros2k_ws/install/xarm_controller/bin'
[1.318s] Level 1:colcon.colcon_core.environment:checking '/home/anatoly/ros2k_ws/install/xarm_controller/lib/pkgconfig/xarm_controller.pc'
[1.318s] Level 1:colcon.colcon_core.environment:checking '/home/anatoly/ros2k_ws/install/xarm_controller/lib/python3.12/site-packages'
[1.318s] Level 1:colcon.colcon_core.environment:checking '/home/anatoly/ros2k_ws/install/xarm_controller/bin'
[1.319s] INFO:colcon.colcon_core.shell:Creating package script '/home/anatoly/ros2k_ws/install/xarm_controller/share/xarm_controller/package.ps1'
[1.319s] INFO:colcon.colcon_core.shell:Creating package descriptor '/home/anatoly/ros2k_ws/install/xarm_controller/share/xarm_controller/package.dsv'
[1.319s] INFO:colcon.colcon_core.shell:Creating package script '/home/anatoly/ros2k_ws/install/xarm_controller/share/xarm_controller/package.sh'
[1.320s] INFO:colcon.colcon_core.shell:Creating package script '/home/anatoly/ros2k_ws/install/xarm_controller/share/xarm_controller/package.bash'
[1.320s] INFO:colcon.colcon_core.shell:Creating package script '/home/anatoly/ros2k_ws/install/xarm_controller/share/xarm_controller/package.zsh'
[1.320s] Level 1:colcon.colcon_core.environment:create_file_with_runtime_dependencies(/home/anatoly/ros2k_ws/install/xarm_controller/share/colcon-core/packages/xarm_controller)
[1.408s] DEBUG:colcon.colcon_core.task.python.build:Available setuptools 'develop' options: --upgrade, --force-installation-into-system-dir, --verbose, --site-dirs, --record, --no-deps, --optimize, --install-dir, --version, --uninstall, --prefix, --dry-run, --always-unzip, --install-layout, --find-links, --editable, --local-snapshots-ok, --build-directory, --multi-version, --no-user-cfg, --allow-hosts, --no-find-links, --script-dir, --index-url, --always-copy, --quiet, --user, --zip-ok, --exclude-scripts, --help, --egg-path
[1.410s] DEBUG:colcon.colcon_core.event_handler.log_command:Invoking command in '/home/anatoly/ros2k_ws/build/uf_ros_lib': DEBUGINFOD_URLS=https://debuginfod.ubuntu.com PYTHONPATH=/home/anatoly/ros2k_ws/build/uf_ros_lib/prefix_override:/usr/lib/python3/dist-packages/colcon_core/task/python/colcon_distutils_commands:/home/anatoly/ros2k_ws/install/uf_ros_lib/lib/python3.12/site-packages:${PYTHONPATH} /usr/bin/python3 -W ignore:setup.py install is deprecated -W ignore:easy_install command is deprecated setup.py develop --editable --build-directory /home/anatoly/ros2k_ws/build/uf_ros_lib/build --no-deps symlink_data
[2.003s] Level 1:colcon.colcon_core.shell:create_environment_hook('uf_ros_lib', 'pythonpath_develop')
[2.004s] INFO:colcon.colcon_core.shell:Creating environment hook '/home/anatoly/ros2k_ws/build/uf_ros_lib/share/uf_ros_lib/hook/pythonpath_develop.ps1'
[2.004s] DEBUG:colcon.colcon_core.event_handler.log_command:Invoked command in '/home/anatoly/ros2k_ws/build/uf_ros_lib' returned '0': DEBUGINFOD_URLS=https://debuginfod.ubuntu.com PYTHONPATH=/home/anatoly/ros2k_ws/build/uf_ros_lib/prefix_override:/usr/lib/python3/dist-packages/colcon_core/task/python/colcon_distutils_commands:/home/anatoly/ros2k_ws/install/uf_ros_lib/lib/python3.12/site-packages:${PYTHONPATH} /usr/bin/python3 -W ignore:setup.py install is deprecated -W ignore:easy_install command is deprecated setup.py develop --editable --build-directory /home/anatoly/ros2k_ws/build/uf_ros_lib/build --no-deps symlink_data
[2.005s] INFO:colcon.colcon_core.shell:Creating environment descriptor '/home/anatoly/ros2k_ws/build/uf_ros_lib/share/uf_ros_lib/hook/pythonpath_develop.dsv'
[2.005s] INFO:colcon.colcon_core.shell:Creating environment hook '/home/anatoly/ros2k_ws/build/uf_ros_lib/share/uf_ros_lib/hook/pythonpath_develop.sh'
[2.005s] Level 1:colcon.colcon_core.environment:checking '/home/anatoly/ros2k_ws/install/uf_ros_lib' for CMake module files
[2.006s] Level 1:colcon.colcon_core.environment:checking '/home/anatoly/ros2k_ws/install/uf_ros_lib' for CMake config files
[2.006s] Level 1:colcon.colcon_core.environment:checking '/home/anatoly/ros2k_ws/install/uf_ros_lib/lib'
[2.006s] Level 1:colcon.colcon_core.environment:checking '/home/anatoly/ros2k_ws/install/uf_ros_lib/bin'
[2.006s] Level 1:colcon.colcon_core.environment:checking '/home/anatoly/ros2k_ws/install/uf_ros_lib/lib/pkgconfig/uf_ros_lib.pc'
[2.006s] Level 1:colcon.colcon_core.environment:checking '/home/anatoly/ros2k_ws/install/uf_ros_lib/lib/python3.12/site-packages'
[2.007s] Level 1:colcon.colcon_core.shell:create_environment_hook('uf_ros_lib', 'pythonpath')
[2.007s] INFO:colcon.colcon_core.shell:Creating environment hook '/home/anatoly/ros2k_ws/install/uf_ros_lib/share/uf_ros_lib/hook/pythonpath.ps1'
[2.007s] INFO:colcon.colcon_core.shell:Creating environment descriptor '/home/anatoly/ros2k_ws/install/uf_ros_lib/share/uf_ros_lib/hook/pythonpath.dsv'
[2.007s] INFO:colcon.colcon_core.shell:Creating environment hook '/home/anatoly/ros2k_ws/install/uf_ros_lib/share/uf_ros_lib/hook/pythonpath.sh'
[2.008s] Level 1:colcon.colcon_core.environment:checking '/home/anatoly/ros2k_ws/install/uf_ros_lib/bin'
[2.008s] Level 1:colcon.colcon_core.environment:create_environment_scripts_only(uf_ros_lib)
[2.008s] INFO:colcon.colcon_core.shell:Creating package script '/home/anatoly/ros2k_ws/install/uf_ros_lib/share/uf_ros_lib/package.ps1'
[2.009s] INFO:colcon.colcon_core.shell:Creating package descriptor '/home/anatoly/ros2k_ws/install/uf_ros_lib/share/uf_ros_lib/package.dsv'
[2.009s] INFO:colcon.colcon_core.shell:Creating package script '/home/anatoly/ros2k_ws/install/uf_ros_lib/share/uf_ros_lib/package.sh'
[2.009s] INFO:colcon.colcon_core.shell:Creating package script '/home/anatoly/ros2k_ws/install/uf_ros_lib/share/uf_ros_lib/package.bash'
[2.010s] INFO:colcon.colcon_core.shell:Creating package script '/home/anatoly/ros2k_ws/install/uf_ros_lib/share/uf_ros_lib/package.zsh'
[2.010s] Level 1:colcon.colcon_core.environment:create_file_with_runtime_dependencies(/home/anatoly/ros2k_ws/install/uf_ros_lib/share/colcon-core/packages/uf_ros_lib)
[2.010s] INFO:colcon.colcon_ros.task.ament_cmake.build:Building ROS package in '/home/anatoly/ros2k_ws/src/xarm_ros2/xarm_moveit_config' with build type 'ament_cmake'
[2.010s] INFO:colcon.colcon_cmake.task.cmake.build:Building CMake package in '/home/anatoly/ros2k_ws/src/xarm_ros2/xarm_moveit_config'
[2.010s] INFO:colcon.colcon_core.shell:Skip shell extension 'powershell' for command environment: Not usable outside of PowerShell
[2.011s] DEBUG:colcon.colcon_core.shell:Skip shell extension 'dsv' for command environment
[2.042s] DEBUG:colcon.colcon_core.event_handler.log_command:Invoking command in '/home/anatoly/ros2k_ws/build/xarm_moveit_config': AMENT_PREFIX_PATH=/home/anatoly/ros2k_ws/install/uf_ros_lib:/home/anatoly/ros2k_ws/install/xarm_moveit_servo:/home/anatoly/ros2k_ws/install/xarm_controller:/home/anatoly/ros2k_ws/install/xarm_api:/home/anatoly/ros2k_ws/install/xarm_sdk:/home/anatoly/ros2k_ws/install/xarm_planner:/home/anatoly/ros2k_ws/install/xarm_msgs:/home/anatoly/ros2k_ws/install/xarm_description:/home/anatoly/ros2k_ws/install/object_recognition_msgs:/home/anatoly/ros2k_ws/install/mbot_demo:/opt/ros/kilted CMAKE_PREFIX_PATH=/home/anatoly/ros2k_ws/install/xarm_controller:/home/anatoly/ros2k_ws/install/xarm_api:/home/anatoly/ros2k_ws/install/xarm_sdk:/home/anatoly/ros2k_ws/install/xarm_msgs:/home/anatoly/ros2k_ws/install/xarm_description:/home/anatoly/ros2k_ws/install/xarm_moveit_servo:/home/anatoly/ros2k_ws/install/xarm_planner:/home/anatoly/ros2k_ws/install/object_recognition_msgs:/home/anatoly/ros2k_ws/install/mbot_demo:/opt/ros/kilted/opt/gz_sim_vendor:/opt/ros/kilted/opt/gz_sensors_vendor:/opt/ros/kilted/opt/gz_physics_vendor:/opt/ros/kilted/opt/sdformat_vendor:/opt/ros/kilted/opt/gz_gui_vendor:/opt/ros/kilted/opt/gz_transport_vendor:/opt/ros/kilted/opt/gz_rendering_vendor:/opt/ros/kilted/opt/gz_plugin_vendor:/opt/ros/kilted/opt/gz_fuel_tools_vendor:/opt/ros/kilted/opt/gz_msgs_vendor:/opt/ros/kilted/opt/gz_common_vendor:/opt/ros/kilted/opt/gz_math_vendor:/opt/ros/kilted/opt/gz_utils_vendor:/opt/ros/kilted/opt/gz_tools_vendor:/opt/ros/kilted/opt/gz_ogre_next_vendor:/opt/ros/kilted/opt/gz_dartsim_vendor:/opt/ros/kilted/opt/gz_cmake_vendor:/home/anatoly/ros2k_ws/install/uf_ros_lib:/opt/ros/kilted DEBUGINFOD_URLS=https://debuginfod.ubuntu.com LD_LIBRARY_PATH=/home/anatoly/ros2k_ws/install/xarm_controller/lib:/home/anatoly/ros2k_ws/install/xarm_api/lib:/home/anatoly/ros2k_ws/install/xarm_sdk/lib:/home/anatoly/ros2k_ws/install/xarm_msgs/lib:/home/anatoly/ros2k_ws/install/xarm_moveit_servo/lib:/home/anatoly/ros2k_ws/install/xarm_planner/lib:/home/anatoly/ros2k_ws/install/object_recognition_msgs/lib:/opt/ros/kilted/opt/gz_sim_vendor/lib:/opt/ros/kilted/opt/gz_sensors_vendor/lib:/opt/ros/kilted/opt/gz_physics_vendor/lib:/opt/ros/kilted/opt/sdformat_vendor/lib:/opt/ros/kilted/opt/gz_gui_vendor/lib:/opt/ros/kilted/opt/gz_transport_vendor/lib:/opt/ros/kilted/opt/gz_rendering_vendor/lib:/opt/ros/kilted/opt/gz_plugin_vendor/lib:/opt/ros/kilted/opt/gz_fuel_tools_vendor/lib:/opt/ros/kilted/opt/gz_msgs_vendor/lib:/opt/ros/kilted/opt/gz_common_vendor/lib:/opt/ros/kilted/opt/gz_math_vendor/lib:/opt/ros/kilted/opt/gz_utils_vendor/lib:/opt/ros/kilted/opt/rviz_ogre_vendor/lib:/opt/ros/kilted/lib/x86_64-linux-gnu:/opt/ros/kilted/opt/gz_tools_vendor/lib:/opt/ros/kilted/opt/gz_ogre_next_vendor/lib:/opt/ros/kilted/opt/gz_dartsim_vendor/lib:/opt/ros/kilted/opt/gz_cmake_vendor/lib:/opt/ros/kilted/lib /usr/bin/cmake /home/anatoly/ros2k_ws/src/xarm_ros2/xarm_moveit_config -DCMAKE_BUILD_TYPE=Release -DAMENT_CMAKE_SYMLINK_INSTALL=1 -DCMAKE_INSTALL_PREFIX=/home/anatoly/ros2k_ws/install/xarm_moveit_config
[2.870s] DEBUG:colcon.colcon_core.event_handler.log_command:Invoked command in '/home/anatoly/ros2k_ws/build/xarm_moveit_config' returned '0': AMENT_PREFIX_PATH=/home/anatoly/ros2k_ws/install/uf_ros_lib:/home/anatoly/ros2k_ws/install/xarm_moveit_servo:/home/anatoly/ros2k_ws/install/xarm_controller:/home/anatoly/ros2k_ws/install/xarm_api:/home/anatoly/ros2k_ws/install/xarm_sdk:/home/anatoly/ros2k_ws/install/xarm_planner:/home/anatoly/ros2k_ws/install/xarm_msgs:/home/anatoly/ros2k_ws/install/xarm_description:/home/anatoly/ros2k_ws/install/object_recognition_msgs:/home/anatoly/ros2k_ws/install/mbot_demo:/opt/ros/kilted CMAKE_PREFIX_PATH=/home/anatoly/ros2k_ws/install/xarm_controller:/home/anatoly/ros2k_ws/install/xarm_api:/home/anatoly/ros2k_ws/install/xarm_sdk:/home/anatoly/ros2k_ws/install/xarm_msgs:/home/anatoly/ros2k_ws/install/xarm_description:/home/anatoly/ros2k_ws/install/xarm_moveit_servo:/home/anatoly/ros2k_ws/install/xarm_planner:/home/anatoly/ros2k_ws/install/object_recognition_msgs:/home/anatoly/ros2k_ws/install/mbot_demo:/opt/ros/kilted/opt/gz_sim_vendor:/opt/ros/kilted/opt/gz_sensors_vendor:/opt/ros/kilted/opt/gz_physics_vendor:/opt/ros/kilted/opt/sdformat_vendor:/opt/ros/kilted/opt/gz_gui_vendor:/opt/ros/kilted/opt/gz_transport_vendor:/opt/ros/kilted/opt/gz_rendering_vendor:/opt/ros/kilted/opt/gz_plugin_vendor:/opt/ros/kilted/opt/gz_fuel_tools_vendor:/opt/ros/kilted/opt/gz_msgs_vendor:/opt/ros/kilted/opt/gz_common_vendor:/opt/ros/kilted/opt/gz_math_vendor:/opt/ros/kilted/opt/gz_utils_vendor:/opt/ros/kilted/opt/gz_tools_vendor:/opt/ros/kilted/opt/gz_ogre_next_vendor:/opt/ros/kilted/opt/gz_dartsim_vendor:/opt/ros/kilted/opt/gz_cmake_vendor:/home/anatoly/ros2k_ws/install/uf_ros_lib:/opt/ros/kilted DEBUGINFOD_URLS=https://debuginfod.ubuntu.com LD_LIBRARY_PATH=/home/anatoly/ros2k_ws/install/xarm_controller/lib:/home/anatoly/ros2k_ws/install/xarm_api/lib:/home/anatoly/ros2k_ws/install/xarm_sdk/lib:/home/anatoly/ros2k_ws/install/xarm_msgs/lib:/home/anatoly/ros2k_ws/install/xarm_moveit_servo/lib:/home/anatoly/ros2k_ws/install/xarm_planner/lib:/home/anatoly/ros2k_ws/install/object_recognition_msgs/lib:/opt/ros/kilted/opt/gz_sim_vendor/lib:/opt/ros/kilted/opt/gz_sensors_vendor/lib:/opt/ros/kilted/opt/gz_physics_vendor/lib:/opt/ros/kilted/opt/sdformat_vendor/lib:/opt/ros/kilted/opt/gz_gui_vendor/lib:/opt/ros/kilted/opt/gz_transport_vendor/lib:/opt/ros/kilted/opt/gz_rendering_vendor/lib:/opt/ros/kilted/opt/gz_plugin_vendor/lib:/opt/ros/kilted/opt/gz_fuel_tools_vendor/lib:/opt/ros/kilted/opt/gz_msgs_vendor/lib:/opt/ros/kilted/opt/gz_common_vendor/lib:/opt/ros/kilted/opt/gz_math_vendor/lib:/opt/ros/kilted/opt/gz_utils_vendor/lib:/opt/ros/kilted/opt/rviz_ogre_vendor/lib:/opt/ros/kilted/lib/x86_64-linux-gnu:/opt/ros/kilted/opt/gz_tools_vendor/lib:/opt/ros/kilted/opt/gz_ogre_next_vendor/lib:/opt/ros/kilted/opt/gz_dartsim_vendor/lib:/opt/ros/kilted/opt/gz_cmake_vendor/lib:/opt/ros/kilted/lib /usr/bin/cmake /home/anatoly/ros2k_ws/src/xarm_ros2/xarm_moveit_config -DCMAKE_BUILD_TYPE=Release -DAMENT_CMAKE_SYMLINK_INSTALL=1 -DCMAKE_INSTALL_PREFIX=/home/anatoly/ros2k_ws/install/xarm_moveit_config
[2.871s] DEBUG:colcon.colcon_core.event_handler.log_command:Invoking command in '/home/anatoly/ros2k_ws/build/xarm_moveit_config': AMENT_PREFIX_PATH=/home/anatoly/ros2k_ws/install/uf_ros_lib:/home/anatoly/ros2k_ws/install/xarm_moveit_servo:/home/anatoly/ros2k_ws/install/xarm_controller:/home/anatoly/ros2k_ws/install/xarm_api:/home/anatoly/ros2k_ws/install/xarm_sdk:/home/anatoly/ros2k_ws/install/xarm_planner:/home/anatoly/ros2k_ws/install/xarm_msgs:/home/anatoly/ros2k_ws/install/xarm_description:/home/anatoly/ros2k_ws/install/object_recognition_msgs:/home/anatoly/ros2k_ws/install/mbot_demo:/opt/ros/kilted CMAKE_PREFIX_PATH=/home/anatoly/ros2k_ws/install/xarm_controller:/home/anatoly/ros2k_ws/install/xarm_api:/home/anatoly/ros2k_ws/install/xarm_sdk:/home/anatoly/ros2k_ws/install/xarm_msgs:/home/anatoly/ros2k_ws/install/xarm_description:/home/anatoly/ros2k_ws/install/xarm_moveit_servo:/home/anatoly/ros2k_ws/install/xarm_planner:/home/anatoly/ros2k_ws/install/object_recognition_msgs:/home/anatoly/ros2k_ws/install/mbot_demo:/opt/ros/kilted/opt/gz_sim_vendor:/opt/ros/kilted/opt/gz_sensors_vendor:/opt/ros/kilted/opt/gz_physics_vendor:/opt/ros/kilted/opt/sdformat_vendor:/opt/ros/kilted/opt/gz_gui_vendor:/opt/ros/kilted/opt/gz_transport_vendor:/opt/ros/kilted/opt/gz_rendering_vendor:/opt/ros/kilted/opt/gz_plugin_vendor:/opt/ros/kilted/opt/gz_fuel_tools_vendor:/opt/ros/kilted/opt/gz_msgs_vendor:/opt/ros/kilted/opt/gz_common_vendor:/opt/ros/kilted/opt/gz_math_vendor:/opt/ros/kilted/opt/gz_utils_vendor:/opt/ros/kilted/opt/gz_tools_vendor:/opt/ros/kilted/opt/gz_ogre_next_vendor:/opt/ros/kilted/opt/gz_dartsim_vendor:/opt/ros/kilted/opt/gz_cmake_vendor:/home/anatoly/ros2k_ws/install/uf_ros_lib:/opt/ros/kilted DEBUGINFOD_URLS=https://debuginfod.ubuntu.com LD_LIBRARY_PATH=/home/anatoly/ros2k_ws/install/xarm_controller/lib:/home/anatoly/ros2k_ws/install/xarm_api/lib:/home/anatoly/ros2k_ws/install/xarm_sdk/lib:/home/anatoly/ros2k_ws/install/xarm_msgs/lib:/home/anatoly/ros2k_ws/install/xarm_moveit_servo/lib:/home/anatoly/ros2k_ws/install/xarm_planner/lib:/home/anatoly/ros2k_ws/install/object_recognition_msgs/lib:/opt/ros/kilted/opt/gz_sim_vendor/lib:/opt/ros/kilted/opt/gz_sensors_vendor/lib:/opt/ros/kilted/opt/gz_physics_vendor/lib:/opt/ros/kilted/opt/sdformat_vendor/lib:/opt/ros/kilted/opt/gz_gui_vendor/lib:/opt/ros/kilted/opt/gz_transport_vendor/lib:/opt/ros/kilted/opt/gz_rendering_vendor/lib:/opt/ros/kilted/opt/gz_plugin_vendor/lib:/opt/ros/kilted/opt/gz_fuel_tools_vendor/lib:/opt/ros/kilted/opt/gz_msgs_vendor/lib:/opt/ros/kilted/opt/gz_common_vendor/lib:/opt/ros/kilted/opt/gz_math_vendor/lib:/opt/ros/kilted/opt/gz_utils_vendor/lib:/opt/ros/kilted/opt/rviz_ogre_vendor/lib:/opt/ros/kilted/lib/x86_64-linux-gnu:/opt/ros/kilted/opt/gz_tools_vendor/lib:/opt/ros/kilted/opt/gz_ogre_next_vendor/lib:/opt/ros/kilted/opt/gz_dartsim_vendor/lib:/opt/ros/kilted/opt/gz_cmake_vendor/lib:/opt/ros/kilted/lib /usr/bin/cmake --build /home/anatoly/ros2k_ws/build/xarm_moveit_config -- -j12 -l12
[2.916s] DEBUG:colcon.colcon_core.event_handler.log_command:Invoked command in '/home/anatoly/ros2k_ws/build/xarm_moveit_config' returned '0': AMENT_PREFIX_PATH=/home/anatoly/ros2k_ws/install/uf_ros_lib:/home/anatoly/ros2k_ws/install/xarm_moveit_servo:/home/anatoly/ros2k_ws/install/xarm_controller:/home/anatoly/ros2k_ws/install/xarm_api:/home/anatoly/ros2k_ws/install/xarm_sdk:/home/anatoly/ros2k_ws/install/xarm_planner:/home/anatoly/ros2k_ws/install/xarm_msgs:/home/anatoly/ros2k_ws/install/xarm_description:/home/anatoly/ros2k_ws/install/object_recognition_msgs:/home/anatoly/ros2k_ws/install/mbot_demo:/opt/ros/kilted CMAKE_PREFIX_PATH=/home/anatoly/ros2k_ws/install/xarm_controller:/home/anatoly/ros2k_ws/install/xarm_api:/home/anatoly/ros2k_ws/install/xarm_sdk:/home/anatoly/ros2k_ws/install/xarm_msgs:/home/anatoly/ros2k_ws/install/xarm_description:/home/anatoly/ros2k_ws/install/xarm_moveit_servo:/home/anatoly/ros2k_ws/install/xarm_planner:/home/anatoly/ros2k_ws/install/object_recognition_msgs:/home/anatoly/ros2k_ws/install/mbot_demo:/opt/ros/kilted/opt/gz_sim_vendor:/opt/ros/kilted/opt/gz_sensors_vendor:/opt/ros/kilted/opt/gz_physics_vendor:/opt/ros/kilted/opt/sdformat_vendor:/opt/ros/kilted/opt/gz_gui_vendor:/opt/ros/kilted/opt/gz_transport_vendor:/opt/ros/kilted/opt/gz_rendering_vendor:/opt/ros/kilted/opt/gz_plugin_vendor:/opt/ros/kilted/opt/gz_fuel_tools_vendor:/opt/ros/kilted/opt/gz_msgs_vendor:/opt/ros/kilted/opt/gz_common_vendor:/opt/ros/kilted/opt/gz_math_vendor:/opt/ros/kilted/opt/gz_utils_vendor:/opt/ros/kilted/opt/gz_tools_vendor:/opt/ros/kilted/opt/gz_ogre_next_vendor:/opt/ros/kilted/opt/gz_dartsim_vendor:/opt/ros/kilted/opt/gz_cmake_vendor:/home/anatoly/ros2k_ws/install/uf_ros_lib:/opt/ros/kilted DEBUGINFOD_URLS=https://debuginfod.ubuntu.com LD_LIBRARY_PATH=/home/anatoly/ros2k_ws/install/xarm_controller/lib:/home/anatoly/ros2k_ws/install/xarm_api/lib:/home/anatoly/ros2k_ws/install/xarm_sdk/lib:/home/anatoly/ros2k_ws/install/xarm_msgs/lib:/home/anatoly/ros2k_ws/install/xarm_moveit_servo/lib:/home/anatoly/ros2k_ws/install/xarm_planner/lib:/home/anatoly/ros2k_ws/install/object_recognition_msgs/lib:/opt/ros/kilted/opt/gz_sim_vendor/lib:/opt/ros/kilted/opt/gz_sensors_vendor/lib:/opt/ros/kilted/opt/gz_physics_vendor/lib:/opt/ros/kilted/opt/sdformat_vendor/lib:/opt/ros/kilted/opt/gz_gui_vendor/lib:/opt/ros/kilted/opt/gz_transport_vendor/lib:/opt/ros/kilted/opt/gz_rendering_vendor/lib:/opt/ros/kilted/opt/gz_plugin_vendor/lib:/opt/ros/kilted/opt/gz_fuel_tools_vendor/lib:/opt/ros/kilted/opt/gz_msgs_vendor/lib:/opt/ros/kilted/opt/gz_common_vendor/lib:/opt/ros/kilted/opt/gz_math_vendor/lib:/opt/ros/kilted/opt/gz_utils_vendor/lib:/opt/ros/kilted/opt/rviz_ogre_vendor/lib:/opt/ros/kilted/lib/x86_64-linux-gnu:/opt/ros/kilted/opt/gz_tools_vendor/lib:/opt/ros/kilted/opt/gz_ogre_next_vendor/lib:/opt/ros/kilted/opt/gz_dartsim_vendor/lib:/opt/ros/kilted/opt/gz_cmake_vendor/lib:/opt/ros/kilted/lib /usr/bin/cmake --build /home/anatoly/ros2k_ws/build/xarm_moveit_config -- -j12 -l12
[2.917s] DEBUG:colcon.colcon_core.event_handler.log_command:Invoking command in '/home/anatoly/ros2k_ws/build/xarm_moveit_config': AMENT_PREFIX_PATH=/home/anatoly/ros2k_ws/install/uf_ros_lib:/home/anatoly/ros2k_ws/install/xarm_moveit_servo:/home/anatoly/ros2k_ws/install/xarm_controller:/home/anatoly/ros2k_ws/install/xarm_api:/home/anatoly/ros2k_ws/install/xarm_sdk:/home/anatoly/ros2k_ws/install/xarm_planner:/home/anatoly/ros2k_ws/install/xarm_msgs:/home/anatoly/ros2k_ws/install/xarm_description:/home/anatoly/ros2k_ws/install/object_recognition_msgs:/home/anatoly/ros2k_ws/install/mbot_demo:/opt/ros/kilted CMAKE_PREFIX_PATH=/home/anatoly/ros2k_ws/install/xarm_controller:/home/anatoly/ros2k_ws/install/xarm_api:/home/anatoly/ros2k_ws/install/xarm_sdk:/home/anatoly/ros2k_ws/install/xarm_msgs:/home/anatoly/ros2k_ws/install/xarm_description:/home/anatoly/ros2k_ws/install/xarm_moveit_servo:/home/anatoly/ros2k_ws/install/xarm_planner:/home/anatoly/ros2k_ws/install/object_recognition_msgs:/home/anatoly/ros2k_ws/install/mbot_demo:/opt/ros/kilted/opt/gz_sim_vendor:/opt/ros/kilted/opt/gz_sensors_vendor:/opt/ros/kilted/opt/gz_physics_vendor:/opt/ros/kilted/opt/sdformat_vendor:/opt/ros/kilted/opt/gz_gui_vendor:/opt/ros/kilted/opt/gz_transport_vendor:/opt/ros/kilted/opt/gz_rendering_vendor:/opt/ros/kilted/opt/gz_plugin_vendor:/opt/ros/kilted/opt/gz_fuel_tools_vendor:/opt/ros/kilted/opt/gz_msgs_vendor:/opt/ros/kilted/opt/gz_common_vendor:/opt/ros/kilted/opt/gz_math_vendor:/opt/ros/kilted/opt/gz_utils_vendor:/opt/ros/kilted/opt/gz_tools_vendor:/opt/ros/kilted/opt/gz_ogre_next_vendor:/opt/ros/kilted/opt/gz_dartsim_vendor:/opt/ros/kilted/opt/gz_cmake_vendor:/home/anatoly/ros2k_ws/install/uf_ros_lib:/opt/ros/kilted DEBUGINFOD_URLS=https://debuginfod.ubuntu.com LD_LIBRARY_PATH=/home/anatoly/ros2k_ws/install/xarm_controller/lib:/home/anatoly/ros2k_ws/install/xarm_api/lib:/home/anatoly/ros2k_ws/install/xarm_sdk/lib:/home/anatoly/ros2k_ws/install/xarm_msgs/lib:/home/anatoly/ros2k_ws/install/xarm_moveit_servo/lib:/home/anatoly/ros2k_ws/install/xarm_planner/lib:/home/anatoly/ros2k_ws/install/object_recognition_msgs/lib:/opt/ros/kilted/opt/gz_sim_vendor/lib:/opt/ros/kilted/opt/gz_sensors_vendor/lib:/opt/ros/kilted/opt/gz_physics_vendor/lib:/opt/ros/kilted/opt/sdformat_vendor/lib:/opt/ros/kilted/opt/gz_gui_vendor/lib:/opt/ros/kilted/opt/gz_transport_vendor/lib:/opt/ros/kilted/opt/gz_rendering_vendor/lib:/opt/ros/kilted/opt/gz_plugin_vendor/lib:/opt/ros/kilted/opt/gz_fuel_tools_vendor/lib:/opt/ros/kilted/opt/gz_msgs_vendor/lib:/opt/ros/kilted/opt/gz_common_vendor/lib:/opt/ros/kilted/opt/gz_math_vendor/lib:/opt/ros/kilted/opt/gz_utils_vendor/lib:/opt/ros/kilted/opt/rviz_ogre_vendor/lib:/opt/ros/kilted/lib/x86_64-linux-gnu:/opt/ros/kilted/opt/gz_tools_vendor/lib:/opt/ros/kilted/opt/gz_ogre_next_vendor/lib:/opt/ros/kilted/opt/gz_dartsim_vendor/lib:/opt/ros/kilted/opt/gz_cmake_vendor/lib:/opt/ros/kilted/lib /usr/bin/cmake --install /home/anatoly/ros2k_ws/build/xarm_moveit_config
[4.301s] Level 1:colcon.colcon_core.environment:create_environment_scripts_only(xarm_moveit_config)
[4.302s] Level 1:colcon.colcon_core.environment:checking '/home/anatoly/ros2k_ws/install/xarm_moveit_config' for CMake module files
[4.302s] DEBUG:colcon.colcon_core.event_handler.log_command:Invoked command in '/home/anatoly/ros2k_ws/build/xarm_moveit_config' returned '0': AMENT_PREFIX_PATH=/home/anatoly/ros2k_ws/install/uf_ros_lib:/home/anatoly/ros2k_ws/install/xarm_moveit_servo:/home/anatoly/ros2k_ws/install/xarm_controller:/home/anatoly/ros2k_ws/install/xarm_api:/home/anatoly/ros2k_ws/install/xarm_sdk:/home/anatoly/ros2k_ws/install/xarm_planner:/home/anatoly/ros2k_ws/install/xarm_msgs:/home/anatoly/ros2k_ws/install/xarm_description:/home/anatoly/ros2k_ws/install/object_recognition_msgs:/home/anatoly/ros2k_ws/install/mbot_demo:/opt/ros/kilted CMAKE_PREFIX_PATH=/home/anatoly/ros2k_ws/install/xarm_controller:/home/anatoly/ros2k_ws/install/xarm_api:/home/anatoly/ros2k_ws/install/xarm_sdk:/home/anatoly/ros2k_ws/install/xarm_msgs:/home/anatoly/ros2k_ws/install/xarm_description:/home/anatoly/ros2k_ws/install/xarm_moveit_servo:/home/anatoly/ros2k_ws/install/xarm_planner:/home/anatoly/ros2k_ws/install/object_recognition_msgs:/home/anatoly/ros2k_ws/install/mbot_demo:/opt/ros/kilted/opt/gz_sim_vendor:/opt/ros/kilted/opt/gz_sensors_vendor:/opt/ros/kilted/opt/gz_physics_vendor:/opt/ros/kilted/opt/sdformat_vendor:/opt/ros/kilted/opt/gz_gui_vendor:/opt/ros/kilted/opt/gz_transport_vendor:/opt/ros/kilted/opt/gz_rendering_vendor:/opt/ros/kilted/opt/gz_plugin_vendor:/opt/ros/kilted/opt/gz_fuel_tools_vendor:/opt/ros/kilted/opt/gz_msgs_vendor:/opt/ros/kilted/opt/gz_common_vendor:/opt/ros/kilted/opt/gz_math_vendor:/opt/ros/kilted/opt/gz_utils_vendor:/opt/ros/kilted/opt/gz_tools_vendor:/opt/ros/kilted/opt/gz_ogre_next_vendor:/opt/ros/kilted/opt/gz_dartsim_vendor:/opt/ros/kilted/opt/gz_cmake_vendor:/home/anatoly/ros2k_ws/install/uf_ros_lib:/opt/ros/kilted DEBUGINFOD_URLS=https://debuginfod.ubuntu.com LD_LIBRARY_PATH=/home/anatoly/ros2k_ws/install/xarm_controller/lib:/home/anatoly/ros2k_ws/install/xarm_api/lib:/home/anatoly/ros2k_ws/install/xarm_sdk/lib:/home/anatoly/ros2k_ws/install/xarm_msgs/lib:/home/anatoly/ros2k_ws/install/xarm_moveit_servo/lib:/home/anatoly/ros2k_ws/install/xarm_planner/lib:/home/anatoly/ros2k_ws/install/object_recognition_msgs/lib:/opt/ros/kilted/opt/gz_sim_vendor/lib:/opt/ros/kilted/opt/gz_sensors_vendor/lib:/opt/ros/kilted/opt/gz_physics_vendor/lib:/opt/ros/kilted/opt/sdformat_vendor/lib:/opt/ros/kilted/opt/gz_gui_vendor/lib:/opt/ros/kilted/opt/gz_transport_vendor/lib:/opt/ros/kilted/opt/gz_rendering_vendor/lib:/opt/ros/kilted/opt/gz_plugin_vendor/lib:/opt/ros/kilted/opt/gz_fuel_tools_vendor/lib:/opt/ros/kilted/opt/gz_msgs_vendor/lib:/opt/ros/kilted/opt/gz_common_vendor/lib:/opt/ros/kilted/opt/gz_math_vendor/lib:/opt/ros/kilted/opt/gz_utils_vendor/lib:/opt/ros/kilted/opt/rviz_ogre_vendor/lib:/opt/ros/kilted/lib/x86_64-linux-gnu:/opt/ros/kilted/opt/gz_tools_vendor/lib:/opt/ros/kilted/opt/gz_ogre_next_vendor/lib:/opt/ros/kilted/opt/gz_dartsim_vendor/lib:/opt/ros/kilted/opt/gz_cmake_vendor/lib:/opt/ros/kilted/lib /usr/bin/cmake --install /home/anatoly/ros2k_ws/build/xarm_moveit_config
[4.303s] Level 1:colcon.colcon_core.environment:checking '/home/anatoly/ros2k_ws/install/xarm_moveit_config' for CMake config files
[4.304s] Level 1:colcon.colcon_core.shell:create_environment_hook('xarm_moveit_config', 'cmake_prefix_path')
[4.304s] INFO:colcon.colcon_core.shell:Creating environment hook '/home/anatoly/ros2k_ws/install/xarm_moveit_config/share/xarm_moveit_config/hook/cmake_prefix_path.ps1'
[4.304s] INFO:colcon.colcon_core.shell:Creating environment descriptor '/home/anatoly/ros2k_ws/install/xarm_moveit_config/share/xarm_moveit_config/hook/cmake_prefix_path.dsv'
[4.305s] INFO:colcon.colcon_core.shell:Creating environment hook '/home/anatoly/ros2k_ws/install/xarm_moveit_config/share/xarm_moveit_config/hook/cmake_prefix_path.sh'
[4.305s] Level 1:colcon.colcon_core.environment:checking '/home/anatoly/ros2k_ws/install/xarm_moveit_config/bin'
[4.305s] Level 1:colcon.colcon_core.environment:checking '/home/anatoly/ros2k_ws/install/xarm_moveit_config/lib/pkgconfig/xarm_moveit_config.pc'
[4.305s] Level 1:colcon.colcon_core.environment:checking '/home/anatoly/ros2k_ws/install/xarm_moveit_config/lib/python3.12/site-packages'
[4.305s] Level 1:colcon.colcon_core.environment:checking '/home/anatoly/ros2k_ws/install/xarm_moveit_config/bin'
[4.306s] INFO:colcon.colcon_core.shell:Creating package script '/home/anatoly/ros2k_ws/install/xarm_moveit_config/share/xarm_moveit_config/package.ps1'
[4.306s] INFO:colcon.colcon_core.shell:Creating package descriptor '/home/anatoly/ros2k_ws/install/xarm_moveit_config/share/xarm_moveit_config/package.dsv'
[4.306s] INFO:colcon.colcon_core.shell:Creating package script '/home/anatoly/ros2k_ws/install/xarm_moveit_config/share/xarm_moveit_config/package.sh'
[4.307s] INFO:colcon.colcon_core.shell:Creating package script '/home/anatoly/ros2k_ws/install/xarm_moveit_config/share/xarm_moveit_config/package.bash'
[4.307s] INFO:colcon.colcon_core.shell:Creating package script '/home/anatoly/ros2k_ws/install/xarm_moveit_config/share/xarm_moveit_config/package.zsh'
[4.307s] Level 1:colcon.colcon_core.environment:create_file_with_runtime_dependencies(/home/anatoly/ros2k_ws/install/xarm_moveit_config/share/colcon-core/packages/xarm_moveit_config)
[4.307s] Level 1:colcon.colcon_core.environment:create_environment_scripts_only(xarm_moveit_config)
[4.308s] Level 1:colcon.colcon_core.environment:checking '/home/anatoly/ros2k_ws/install/xarm_moveit_config' for CMake module files
[4.308s] Level 1:colcon.colcon_core.environment:checking '/home/anatoly/ros2k_ws/install/xarm_moveit_config' for CMake config files
[4.309s] Level 1:colcon.colcon_core.shell:create_environment_hook('xarm_moveit_config', 'cmake_prefix_path')
[4.309s] INFO:colcon.colcon_core.shell:Creating environment hook '/home/anatoly/ros2k_ws/install/xarm_moveit_config/share/xarm_moveit_config/hook/cmake_prefix_path.ps1'
[4.309s] INFO:colcon.colcon_core.shell:Creating environment descriptor '/home/anatoly/ros2k_ws/install/xarm_moveit_config/share/xarm_moveit_config/hook/cmake_prefix_path.dsv'
[4.310s] INFO:colcon.colcon_core.shell:Creating environment hook '/home/anatoly/ros2k_ws/install/xarm_moveit_config/share/xarm_moveit_config/hook/cmake_prefix_path.sh'
[4.310s] Level 1:colcon.colcon_core.environment:checking '/home/anatoly/ros2k_ws/install/xarm_moveit_config/bin'
[4.310s] Level 1:colcon.colcon_core.environment:checking '/home/anatoly/ros2k_ws/install/xarm_moveit_config/lib/pkgconfig/xarm_moveit_config.pc'
[4.310s] Level 1:colcon.colcon_core.environment:checking '/home/anatoly/ros2k_ws/install/xarm_moveit_config/lib/python3.12/site-packages'
[4.310s] Level 1:colcon.colcon_core.environment:checking '/home/anatoly/ros2k_ws/install/xarm_moveit_config/bin'
[4.311s] INFO:colcon.colcon_core.shell:Creating package script '/home/anatoly/ros2k_ws/install/xarm_moveit_config/share/xarm_moveit_config/package.ps1'
[4.311s] INFO:colcon.colcon_core.shell:Creating package descriptor '/home/anatoly/ros2k_ws/install/xarm_moveit_config/share/xarm_moveit_config/package.dsv'
[4.311s] INFO:colcon.colcon_core.shell:Creating package script '/home/anatoly/ros2k_ws/install/xarm_moveit_config/share/xarm_moveit_config/package.sh'
[4.312s] INFO:colcon.colcon_core.shell:Creating package script '/home/anatoly/ros2k_ws/install/xarm_moveit_config/share/xarm_moveit_config/package.bash'
[4.312s] INFO:colcon.colcon_core.shell:Creating package script '/home/anatoly/ros2k_ws/install/xarm_moveit_config/share/xarm_moveit_config/package.zsh'
[4.312s] Level 1:colcon.colcon_core.environment:create_file_with_runtime_dependencies(/home/anatoly/ros2k_ws/install/xarm_moveit_config/share/colcon-core/packages/xarm_moveit_config)
[4.312s] DEBUG:colcon.colcon_parallel_executor.executor.parallel:closing loop
[4.313s] DEBUG:colcon.colcon_parallel_executor.executor.parallel:loop closed
[4.313s] DEBUG:colcon.colcon_parallel_executor.executor.parallel:run_until_complete finished with '0'
[4.313s] DEBUG:colcon.colcon_core.event_reactor:joining thread
[4.318s] INFO:colcon.colcon_core.plugin_system:Skipping extension 'colcon_notification.desktop_notification.terminal_notifier': Not used on non-Darwin systems
[4.318s] INFO:colcon.colcon_core.plugin_system:Skipping extension 'colcon_notification.desktop_notification.win32': Not used on non-Windows systems
[4.318s] INFO:colcon.colcon_notification.desktop_notification:Sending desktop notification using 'notify2'
[4.329s] DEBUG:colcon.colcon_core.event_reactor:joined thread
[4.329s] INFO:colcon.colcon_core.shell:Creating prefix script '/home/anatoly/ros2k_ws/install/local_setup.ps1'
[4.330s] INFO:colcon.colcon_core.shell:Creating prefix util module '/home/anatoly/ros2k_ws/install/_local_setup_util_ps1.py'
[4.331s] INFO:colcon.colcon_core.shell:Creating prefix chain script '/home/anatoly/ros2k_ws/install/setup.ps1'
[4.332s] INFO:colcon.colcon_core.shell:Creating prefix script '/home/anatoly/ros2k_ws/install/local_setup.sh'
[4.332s] INFO:colcon.colcon_core.shell:Creating prefix util module '/home/anatoly/ros2k_ws/install/_local_setup_util_sh.py'
[4.333s] INFO:colcon.colcon_core.shell:Creating prefix chain script '/home/anatoly/ros2k_ws/install/setup.sh'
[4.334s] INFO:colcon.colcon_core.shell:Creating prefix script '/home/anatoly/ros2k_ws/install/local_setup.bash'
[4.334s] INFO:colcon.colcon_core.shell:Creating prefix chain script '/home/anatoly/ros2k_ws/install/setup.bash'
[4.335s] INFO:colcon.colcon_core.shell:Creating prefix script '/home/anatoly/ros2k_ws/install/local_setup.zsh'
[4.335s] INFO:colcon.colcon_core.shell:Creating prefix chain script '/home/anatoly/ros2k_ws/install/setup.zsh'
